base_material,target_phase,density_g_cm3,specific_heat_j_kg_k,required_temp_c
ac,liquid,8.17,302.3,595.0
ac,hexagonal,8.17,302.3,284.6
ac2agpb,liquid,9.49,260.7,766.1
ac2agpb,cubic,9.49,260.7,419.3
ac2cdhg,liquid,9.57,258.5,745.2
ac2cdhg,cubic,9.57,258.5,310.4
ac2cuge,liquid,8.6,287.4,723.8
ac2cuge,cubic,8.6,287.4,330.8
ac2cuir,liquid,11.32,218.9,704.0
ac2cuir,cubic,11.32,218.9,348.6
ac2gepd,liquid,9.15,270.1,849.3
ac2gepd,cubic,9.15,270.1,362.1
ac2hgge,liquid,9.67,255.9,812.5
ac2hgge,cubic,9.67,255.9,351.4
ac2inga,liquid,8.12,304.3,777.7
ac2inga,cubic,8.12,304.3,429.1
ac2irau,liquid,12.81,193.6,862.9
ac2irau,cubic,12.81,193.6,402.9
ac2irpd,liquid,11.93,207.9,849.9
ac2irpd,cubic,11.93,207.9,333.3
ac2irrh,liquid,12.27,202.2,790.6
ac2irrh,cubic,12.27,202.2,407.4
ac2mgga,liquid,7.06,349.4,653.0
ac2mgga,cubic,7.06,349.4,248.6
ac2mgpb,liquid,8.05,306.9,670.4
ac2mgpb,cubic,8.05,306.9,261.2
ac2mgsn,liquid,7.18,343.5,705.2
ac2mgsn,cubic,7.18,343.5,339.9
ac2mgtl,liquid,8.09,305.4,639.7
ac2mgtl,cubic,8.09,305.4,292.4
ac2niir,liquid,11.67,212.5,696.1
ac2niir,cubic,11.67,212.5,339.4
ac2o3,liquid,9.11,271.5,2232.0
ac2o3,trigonal,9.11,271.5,1148.5
ac2s3,liquid,6.54,376.8,1671.9
ac2s3,tetragonal,6.54,376.8,884.3
ac2sipd,liquid,8.61,287.0,821.1
ac2sipd,cubic,8.61,287.0,404.9
ac2tlcd,liquid,9.26,267.2,733.2
ac2tlcd,cubic,9.26,267.2,310.5
ac2tlin,liquid,9.19,269.1,781.0
ac2tlin,cubic,9.19,269.1,411.3
ac2tlsn,liquid,9.28,266.6,806.6
ac2tlsn,cubic,9.28,266.6,336.3
ac2znge,liquid,8.34,296.3,755.7
ac2znge,cubic,8.34,296.3,354.7
ac2znhg,liquid,9.5,260.3,723.0
ac2znhg,cubic,9.5,260.3,341.3
ac2znin,liquid,8.06,306.3,723.6
ac2znin,cubic,8.06,306.3,356.3
ac3in,liquid,8.55,289.1,662.6
ac3in,hexagonal,8.55,289.1,341.5
ac3tl,liquid,9.51,260.2,623.7
ac3tl,hexagonal,9.51,260.2,319.4
acag,liquid,9.04,273.6,672.0
acag,cubic,9.04,273.6,312.5
acag2pb,liquid,10.34,239.6,690.1
acag2pb,cubic,10.34,239.6,312.5
acag3,liquid,9.09,272.0,640.2
acag3,hexagonal,9.09,272.0,288.2
acal3,liquid,5.21,470.8,734.0
acal3,hexagonal,5.21,470.8,343.7
acalo3,liquid,8.73,283.2,2210.5
acalo3,cubic,8.73,283.2,1244.6
acau3,liquid,13.95,177.9,897.1
acau3,hexagonal,13.95,177.9,483.2
acbr3,liquid,5.68,432.6,1672.5
acbr3,hexagonal,5.68,432.6,801.8
acbro,liquid,7.65,322.5,2078.3
acbro,tetragonal,7.65,322.5,1070.3
accdhg2,liquid,11.29,219.4,759.8
accdhg2,cubic,11.29,219.4,342.4
accdrh2,liquid,11.01,225.0,709.3
accdrh2,cubic,11.01,225.0,386.4
accl3,liquid,4.72,518.2,1804.6
accl3,hexagonal,4.72,518.2,857.2
acclo,liquid,7.16,344.5,2163.9
acclo,tetragonal,7.16,344.5,1034.1
accro3,liquid,8.85,279.4,1962.5
accro3,cubic,8.85,279.4,1126.1
accu3,liquid,8.57,288.3,576.8
accu3,hexagonal,8.57,288.3,258.7
accuo3,liquid,9.38,263.7,1640.3
accuo3,cubic,9.38,263.7,777.0
aceuau2,liquid,11.54,214.9,900.9
aceuau2,cubic,11.54,214.9,350.3
aceuzn2,liquid,7.5,328.8,667.8
aceuzn2,cubic,7.5,328.8,332.6
acf3,liquid,8.79,281.1,2560.6
acf3,tetragonal,8.79,281.1,1108.9
acfeo3,liquid,8.89,278.1,1797.2
acfeo3,cubic,8.89,278.1,736.3
acgao3,liquid,9.31,265.5,1928.5
acgao3,cubic,9.31,265.5,949.8
acge3,liquid,7.86,314.1,749.9
acge3,hexagonal,7.86,314.1,360.6
ach2,liquid,7.35,335.8,858.0
ach2,cubic,7.35,335.8,387.3
ach3,liquid,7.78,317.1,852.3
ach3,cubic,7.78,317.1,400.3
achg3,liquid,12.29,201.8,764.8
achg3,hexagonal,12.29,201.8,377.0
achgrh2,liquid,12.77,194.2,694.8
achgrh2,cubic,12.77,194.2,297.7
aci3,liquid,4.33,563.8,1360.5
aci3,hexagonal,4.33,563.8,603.5
acin3,liquid,8.12,304.3,797.8
acin3,hexagonal,8.12,304.3,349.2
acinhg2,liquid,11.07,223.9,779.8
acinhg2,cubic,11.07,223.9,306.8
aclacd2,liquid,7.65,322.7,673.7
aclacd2,cubic,7.65,322.7,296.3
acmg,liquid,5.93,414.7,577.0
acmg,cubic,5.93,414.7,299.1
acmg5,liquid,3.53,688.1,566.1
acmg5,hexagonal,3.53,688.1,272.3
acmgcd2,liquid,7.12,346.1,657.3
acmgcd2,cubic,7.12,346.1,304.9
acmghg2,liquid,9.91,249.9,739.9
acmghg2,cubic,9.91,249.9,338.6
acmgtl2,liquid,9.23,268.0,659.2
acmgtl2,cubic,9.23,268.0,364.7
acmgzn2,liquid,6.56,375.2,656.1
acmgzn2,cubic,6.56,375.2,262.2
acmno3,liquid,8.8,280.8,1888.1
acmno3,cubic,8.8,280.8,756.4
acn,liquid,8.01,308.1,1145.2
acn,hexagonal,8.01,308.1,588.3
acnio3,liquid,9.49,260.6,1655.0
acnio3,cubic,9.49,260.6,799.3
acof,liquid,8.27,298.6,2421.7
acof,cubic,8.27,298.6,1179.5
acpbau2,liquid,13.16,188.5,857.2
acpbau2,cubic,13.16,188.5,430.3
acrh2pb,liquid,12.2,203.2,705.7
acrh2pb,cubic,12.2,203.2,374.3
actio3,liquid,8.4,294.0,2173.4
actio3,cubic,8.4,294.0,1223.8
actlag2,liquid,10.48,236.3,656.5
actlag2,cubic,10.48,236.3,277.3
actlau2,liquid,13.19,188.1,841.8
actlau2,cubic,13.19,188.1,393.5
actlhg2,liquid,12.09,205.0,754.1
actlhg2,cubic,12.09,205.0,309.6
actlrh2,liquid,12.44,199.3,705.5
actlrh2,cubic,12.44,199.3,277.0
actlte2,liquid,8.43,293.1,1113.1
actlte2,cubic,8.43,293.1,567.1
acvo3,liquid,8.66,285.3,1963.5
acvo3,cubic,8.66,285.3,929.1
acybhg2,liquid,11.57,214.1,768.4
acybhg2,cubic,11.57,214.1,377.5
acybrh2,liquid,11.44,216.6,853.8
acybrh2,cubic,11.44,216.6,326.1
acybtl2,liquid,11.01,225.0,720.3
acybtl2,cubic,11.01,225.0,373.7
ag,liquid,10.32,240.0,595.0
ag,hexagonal,10.32,240.0,262.9
ag(auf4)2,liquid,6.94,355.0,1090.8
ag(auf4)2,monoclinic,6.94,355.0,564.5
ag(bcl)6,liquid,2.67,903.8,881.6
ag(bcl)6,cubic,2.67,903.8,490.9
ag(temo)6,liquid,7.02,350.9,669.2
ag(temo)6,monoclinic,7.02,350.9,316.6
ag10te4br3,liquid,7.19,342.7,714.9
ag10te4br3,orthorhombic,7.19,342.7,349.2
ag12sn7h16(se11n2)2,liquid,4.89,501.4,766.1
ag12sn7h16(se11n2)2,monoclinic,4.89,501.4,288.3
ag15p4s16cl3,liquid,4.59,533.4,766.9
ag15p4s16cl3,cubic,4.59,533.4,420.9
ag2b8o13,liquid,3.4,713.9,1679.8
ag2b8o13,monoclinic,3.4,713.9,706.5
ag2bio3,liquid,8.57,288.5,962.8
ag2bio3,orthorhombic,8.57,288.5,473.8
ag2br3,liquid,5.73,429.1,815.2
ag2br3,trigonal,5.73,429.1,400.2
ag2co3,liquid,6.1,403.0,1040.3
ag2co3,monoclinic,6.1,403.0,482.1
ag2cl3,liquid,4.66,525.0,774.7
ag2cl3,trigonal,4.66,525.0,385.5
ag2f,liquid,8.76,282.1,927.2
ag2f,trigonal,8.76,282.1,379.8
ag2f5,liquid,5.36,457.7,1103.5
ag2f5,triclinic,5.36,457.7,517.9
ag2ge(s2o7)3,liquid,3.2,758.1,1270.0
ag2ge(s2o7)3,trigonal,3.2,758.1,681.3
ag2gepbs4,liquid,5.68,432.5,797.7
ag2gepbs4,orthorhombic,5.68,432.5,328.1
ag2ges3,liquid,4.77,513.6,760.1
ag2ges3,orthorhombic,4.77,513.6,354.4
ag2h2iof,liquid,5.04,486.0,1021.0
ag2h2iof,monoclinic,5.04,486.0,398.5
ag2h4(so4)3,liquid,3.19,759.6,1202.2
ag2h4(so4)3,orthorhombic,3.19,759.6,621.1
ag2hg2(teo4)3,liquid,7.51,328.7,1047.3
ag2hg2(teo4)3,monoclinic,7.51,328.7,583.6
ag2hgges4,liquid,5.33,460.1,758.8
ag2hgges4,monoclinic,5.33,460.1,400.2
ag2hgi4,liquid,5.75,427.2,780.6
ag2hgi4,tetragonal,5.75,427.2,368.8
ag2hgo2,liquid,9.16,270.0,754.5
ag2hgo2,tetragonal,9.16,270.0,333.0
ag2hgsi2,liquid,5.87,418.5,748.7
ag2hgsi2,orthorhombic,5.87,418.5,347.7
ag2mo2o7,liquid,5.93,414.9,1228.4
ag2mo2o7,triclinic,5.93,414.9,609.0
ag2o,liquid,7.16,344.2,692.0
ag2o,cubic,7.16,344.2,278.9
ag2p2pdo7,liquid,4.76,514.3,1353.6
ag2p2pdo7,monoclinic,4.76,514.3,588.8
ag2pho4,liquid,5.0,490.4,1258.0
ag2pho4,trigonal,5.0,490.4,626.8
ag2pse3,liquid,5.79,424.2,626.2
ag2pse3,orthorhombic,5.79,424.2,255.8
ag2s2o7,liquid,4.6,532.1,1182.5
ag2s2o7,triclinic,4.6,532.1,484.8
ag2so4,liquid,5.43,452.3,1115.5
ag2so4,orthorhombic,5.43,452.3,621.3
ag2se,liquid,7.94,310.8,610.0
ag2se,orthorhombic,7.94,310.8,254.3
ag2seo3,liquid,6.0,409.5,921.3
ag2seo3,monoclinic,6.0,409.5,439.0
ag2seo3,liquid,6.55,375.9,806.8
ag2seo3,monoclinic,6.55,375.9,364.5
ag2seo4,liquid,5.77,426.1,928.0
ag2seo4,orthorhombic,5.77,426.1,526.8
ag2sn(s2o7)3,liquid,3.24,748.6,1277.5
ag2sn(s2o7)3,trigonal,3.24,748.6,496.9
ag2snhgs4,liquid,5.36,457.7,761.3
ag2snhgs4,orthorhombic,5.36,457.7,335.0
ag2snhgse4,liquid,6.03,407.7,763.7
ag2snhgse4,orthorhombic,6.03,407.7,325.9
ag2te,liquid,8.25,299.5,592.8
ag2te,monoclinic,8.25,299.5,270.0
ag2teo4,liquid,7.1,347.1,984.0
ag2teo4,monoclinic,7.1,347.1,455.8
ag2tes3,liquid,5.15,476.5,585.5
ag2tes3,monoclinic,5.15,476.5,320.2
ag3(po4)2,liquid,4.52,540.8,1272.6
ag3(po4)2,trigonal,4.52,540.8,657.2
ag3asf12,liquid,4.04,604.5,1360.6
ag3asf12,triclinic,4.04,604.5,558.7
ag3asf12,liquid,4.66,525.4,1281.3
ag3asf12,triclinic,4.66,525.4,601.4
ag3aso4,liquid,6.63,371.5,983.8
ag3aso4,trigonal,6.63,371.5,426.4
ag3ass3,liquid,5.39,455.1,622.0
ag3ass3,monoclinic,5.39,455.1,229.1
ag3ass4,liquid,4.84,505.9,613.5
ag3ass4,orthorhombic,4.84,505.9,297.1
ag3asse3,liquid,6.33,388.7,686.1
ag3asse3,orthorhombic,6.33,388.7,256.5
ag3au,liquid,12.44,199.3,577.8
ag3au,cubic,12.44,199.3,245.0
ag3ause2,liquid,8.92,277.2,617.1
ag3ause2,cubic,8.92,277.2,284.6
ag3f8,liquid,5.37,457.2,1089.1
ag3f8,monoclinic,5.37,457.2,478.6
ag3ge5p6,liquid,5.22,469.9,568.9
ag3ge5p6,cubic,5.22,469.9,225.2
ag3o4,liquid,7.05,349.7,730.7
ag3o4,monoclinic,7.05,349.7,374.2
ag3p11,liquid,3.85,632.2,570.8
ag3p11,monoclinic,3.85,632.2,255.8
ag3po4,liquid,6.38,386.0,1184.2
ag3po4,trigonal,6.38,386.0,625.1
ag3ps4,liquid,4.66,524.7,665.3
ag3ps4,orthorhombic,4.66,524.7,340.8
ag3pd,liquid,10.73,230.9,580.0
ag3pd,tetragonal,10.73,230.9,222.0
ag3s4(o3f)4,liquid,3.31,733.2,1287.3
ag3s4(o3f)4,monoclinic,3.31,733.2,544.3
ag3sb4f24,liquid,4.12,592.5,1626.8
ag3sb4f24,cubic,4.12,592.5,632.6
ag3sbs3,liquid,5.8,423.5,643.1
ag3sbs3,monoclinic,5.8,423.5,242.1
ag3sn2(gep2)3,liquid,5.34,459.5,567.3
ag3sn2(gep2)3,cubic,5.34,459.5,296.7
ag3snp7,liquid,4.97,492.9,584.4
ag3snp7,monoclinic,4.97,492.9,262.0
ag3te2au,liquid,9.0,274.6,597.6
ag3te2au,cubic,9.0,274.6,304.6
ag4hg4s4brcl3,liquid,6.11,402.7,818.7
ag4hg4s4brcl3,triclinic,6.11,402.7,334.8
ag4mo2se3o16,liquid,4.92,497.7,1102.3
ag4mo2se3o16,orthorhombic,4.92,497.7,594.1
ag4pio4,liquid,6.27,392.7,1102.5
ag4pio4,monoclinic,6.27,392.7,441.4
ag4teo5,liquid,7.76,318.1,897.1
ag4teo5,monoclinic,7.76,318.1,503.9
ag4teso4,liquid,6.02,408.3,985.2
ag4teso4,cubic,6.02,408.3,396.5
ag5(pbo3)2,liquid,8.77,281.7,911.0
ag5(pbo3)2,trigonal,8.77,281.7,361.5
ag5bio4,liquid,8.2,301.2,846.3
ag5bio4,monoclinic,8.2,301.2,381.9
ag5hg4p8cl5,liquid,5.81,423.1,725.2
ag5hg4p8cl5,monoclinic,5.81,423.1,370.7
ag5hgsbo6,liquid,8.01,308.3,914.0
ag5hgsbo6,trigonal,8.01,308.3,458.6
ag5p(s2cl)2,liquid,4.79,511.0,794.6
ag5p(s2cl)2,orthorhombic,4.79,511.0,444.1
ag5pseo4,liquid,6.59,373.5,1061.3
ag5pseo4,tetragonal,6.59,373.5,570.1
ag5te2cl,liquid,7.37,334.7,656.9
ag5te2cl,orthorhombic,7.37,334.7,276.0
ag6geso8,liquid,6.21,395.9,1037.7
ag6geso8,tetragonal,6.21,395.9,411.9
ag6hgno11,liquid,6.65,370.4,792.0
ag6hgno11,orthorhombic,6.65,370.4,424.9
ag6mo2clo7f3,liquid,5.76,426.6,1161.5
ag6mo2clo7f3,trigonal,5.76,426.6,652.4
ag7asse6,liquid,6.42,383.7,673.0
ag7asse6,cubic,6.42,383.7,336.8
ag7no11,liquid,6.51,378.4,780.3
ag7no11,orthorhombic,6.51,378.4,416.3
ag7pse6,liquid,6.59,373.8,624.6
ag7pse6,cubic,6.59,373.8,237.0
ag8ges6,liquid,6.2,396.5,697.3
ag8ges6,orthorhombic,6.2,396.5,276.9
ag8gese6,liquid,6.96,353.9,699.6
ag8gese6,orthorhombic,6.96,353.9,323.3
ag8sns6,liquid,6.23,394.8,642.2
ag8sns6,orthorhombic,6.23,394.8,271.5
ag8snse6,liquid,6.92,356.1,644.7
ag8snse6,orthorhombic,6.92,356.1,345.3
ag9p14(of)28,liquid,3.13,773.5,1616.6
ag9p14(of)28,monoclinic,3.13,773.5,835.3
agas(s8f3)2,liquid,2.25,1064.7,1038.9
agas(s8f3)2,monoclinic,2.25,1064.7,571.5
agas(sef2)3,liquid,4.29,569.2,1288.0
agas(sef2)3,monoclinic,4.29,569.2,609.6
agas3h2o9,liquid,4.25,574.1,1187.3
agas3h2o9,triclinic,4.25,574.1,460.4
agasf6,liquid,3.43,707.6,1540.8
agasf6,cubic,3.43,707.6,651.8
agasf7,liquid,3.99,611.1,1498.0
agasf7,orthorhombic,3.99,611.1,819.9
agaso3,liquid,6.43,383.1,1121.4
agaso3,trigonal,6.43,383.1,554.6
agaspbs3,liquid,5.49,447.0,774.9
agaspbs3,monoclinic,5.49,447.0,351.4
agau(io3)4,liquid,5.63,436.5,870.9
agau(io3)4,monoclinic,5.63,436.5,403.2
agau3,liquid,16.57,150.0,579.2
agau3,cubic,16.57,150.0,251.5
agaucl4,liquid,4.8,510.3,754.5
agaucl4,monoclinic,4.8,510.3,302.8
agauf4,liquid,7.22,341.4,1114.5
agauf4,tetragonal,7.22,341.4,454.3
agauf7,liquid,5.24,468.3,1040.1
agauf7,orthorhombic,5.24,468.3,528.4
agauo2,liquid,9.67,256.0,761.3
agauo2,monoclinic,9.67,256.0,309.1
agb11h6cbr6,liquid,2.67,903.4,770.5
agb11h6cbr6,orthorhombic,2.67,903.4,402.3
agbf4,liquid,4.61,530.5,1661.4
agbf4,orthorhombic,4.61,530.5,885.0
agbf5,liquid,4.05,601.8,1574.4
agbf5,tetragonal,4.05,601.8,784.3
agbh2of4,liquid,3.63,669.8,1523.4
agbh2of4,orthorhombic,3.63,669.8,743.4
agbi(io3)4,liquid,5.73,428.7,966.4
agbi(io3)4,monoclinic,5.73,428.7,438.1
agbi(ps3)2,liquid,4.15,588.5,702.5
agbi(ps3)2,triclinic,4.15,588.5,370.6
agbi(pse3)2,liquid,5.0,490.6,759.6
agbi(pse3)2,trigonal,5.0,490.6,342.5
agbi2f12,liquid,5.66,434.0,1353.2
agbi2f12,triclinic,5.66,434.0,565.8
agbi3s5,liquid,6.62,371.9,717.5
agbi3s5,monoclinic,6.62,371.9,355.9
agbiscl2,liquid,5.55,442.2,975.5
agbiscl2,orthorhombic,5.55,442.2,460.3
agbr,liquid,6.44,382.0,846.8
agbr,cubic,6.44,382.0,424.1
agcl,liquid,5.58,439.9,805.8
agcl,cubic,5.58,439.9,351.5
agclo4,liquid,4.23,577.4,736.3
agclo4,tetragonal,4.23,577.4,334.1
agf,liquid,7.07,348.8,1055.2
agf,cubic,7.07,348.8,571.2
agf2,liquid,5.84,421.2,1140.2
agf2,orthorhombic,5.84,421.2,577.5
agf3,liquid,4.91,498.8,1058.0
agf3,hexagonal,4.91,498.8,545.3
agh12c4se5n,liquid,2.79,864.6,653.2
agh12c4se5n,monoclinic,2.79,864.6,248.5
agh5s2o9,liquid,2.74,880.1,1201.9
agh5s2o9,monoclinic,2.74,880.1,615.2
agho2,liquid,4.22,579.1,877.7
agho2,monoclinic,4.22,579.1,486.2
aghg2aso4,liquid,8.03,307.5,1024.5
aghg2aso4,orthorhombic,8.03,307.5,483.2
aghg2no5,liquid,6.97,353.8,856.4
aghg2no5,orthorhombic,6.97,353.8,326.0
aghg2po4,liquid,7.61,324.1,1228.7
aghg2po4,orthorhombic,7.61,324.1,586.1
aghgass3,liquid,5.84,420.9,714.0
aghgass3,monoclinic,5.84,420.9,373.6
aghgpd2,liquid,12.83,193.4,612.7
aghgpd2,cubic,12.83,193.4,296.8
aghgsbr,liquid,6.11,402.5,794.9
aghgsbr,orthorhombic,6.11,402.5,399.9
aghgsi,liquid,6.52,377.5,741.9
aghgsi,orthorhombic,6.52,377.5,332.4
agi,liquid,5.81,423.0,760.5
agi,hexagonal,5.81,423.0,345.7
agi3o8,liquid,4.98,492.2,888.9
agi3o8,tetragonal,4.98,492.2,346.4
agio3,liquid,6.0,409.8,870.9
agio3,orthorhombic,6.0,409.8,338.9
agirf7,liquid,5.05,485.5,1220.8
agirf7,orthorhombic,5.05,485.5,669.3
agmo6cl13,liquid,3.84,633.8,1013.5
agmo6cl13,triclinic,3.84,633.8,431.3
agmopo6,liquid,4.55,538.0,1441.5
agmopo6,monoclinic,4.55,538.0,802.8
agno3,liquid,4.51,542.4,856.3
agno3,trigonal,4.51,542.4,419.5
ago,liquid,6.73,366.0,749.2
ago,tetragonal,6.73,366.0,298.0
agp(of)2,liquid,3.36,722.2,1567.8
agp(of)2,monoclinic,3.36,722.2,721.0
agpf6,liquid,3.16,767.5,1614.1
agpf6,cubic,3.16,767.5,792.2
agpo3,liquid,4.74,516.4,1431.1
agpo3,monoclinic,4.74,516.4,796.0
agpbf6,liquid,5.87,418.9,1336.6
agpbf6,triclinic,5.87,418.9,735.0
agpd,liquid,11.12,222.9,582.7
agpd,trigonal,11.12,222.9,275.6
agpdf6,liquid,5.18,473.2,1173.2
agpdf6,triclinic,5.18,473.2,605.1
agpdo2,liquid,7.74,318.8,846.4
agpdo2,monoclinic,7.74,318.8,385.1
agpt,liquid,15.64,158.8,587.1
agpt,hexagonal,15.64,158.8,230.9
agptf6,liquid,6.42,383.3,1193.5
agptf6,triclinic,6.42,383.3,614.8
agrh(so4)2,liquid,4.25,575.1,1208.2
agrh(so4)2,monoclinic,4.25,575.1,647.4
agrhf6,liquid,4.52,540.9,1317.9
agrhf6,triclinic,4.52,540.9,598.0
agrhf6,liquid,5.14,477.4,1249.4
agrhf6,trigonal,5.14,477.4,639.1
agruf7,liquid,4.48,546.2,1322.1
agruf7,monoclinic,4.48,546.2,566.2
agruo4,liquid,5.92,414.9,1005.5
agruo4,tetragonal,5.92,414.9,433.9
ags2(o3f)2,liquid,2.8,860.9,1303.1
ags2(o3f)2,monoclinic,2.8,860.9,685.1
agso3f,liquid,3.85,632.3,1266.1
agso3f,monoclinic,3.85,632.3,625.1
agso4,liquid,4.4,555.9,1166.8
agso4,monoclinic,4.4,555.9,588.6
agso4,liquid,4.18,584.1,1008.3
agso4,triclinic,4.18,584.1,422.6
agsb(s8f3)2,liquid,2.33,1030.4,1063.1
agsb(s8f3)2,monoclinic,2.33,1030.4,483.0
agsb2f12,liquid,4.56,536.2,1624.4
agsb2f12,triclinic,4.56,536.2,812.6
agsb3if24,liquid,3.66,665.2,1567.8
agsb3if24,monoclinic,3.66,665.2,689.5
agsbf6,liquid,5.03,487.4,1611.5
agsbf6,cubic,5.03,487.4,906.1
agsbo3,liquid,6.79,363.0,1200.0
agsbo3,cubic,6.79,363.0,511.8
agsbs(of3)2,liquid,3.6,674.9,1513.7
agsbs(of3)2,monoclinic,3.6,674.9,589.0
agsbs2,liquid,5.04,486.6,662.6
agsbs2,monoclinic,5.04,486.6,284.3
agsnf6,liquid,4.9,499.8,1508.4
agsnf6,triclinic,4.9,499.8,794.5
agsnse2,liquid,6.92,356.3,700.3
agsnse2,trigonal,6.92,356.3,278.7
agte4au,liquid,7.68,321.5,593.0
agte4au,monoclinic,7.68,321.5,303.7
agteo3,liquid,6.28,392.1,1065.9
agteo3,monoclinic,6.28,392.1,573.9
agw3br7,liquid,6.23,395.2,918.0
agw3br7,monoclinic,6.23,395.2,508.1
al,liquid,2.72,886.5,595.0
al,cubic,2.72,886.5,247.5
al(ag3se2)3,liquid,7.0,352.1,681.3
al(ag3se2)3,cubic,7.0,352.1,300.6
al(bh4)3,liquid,0.68,3190.7,596.6
al(bh4)3,orthorhombic,0.68,3190.7,304.4
al(bicl)4,liquid,5.07,483.4,1046.6
al(bicl)4,hexagonal,5.07,483.4,556.2
al(crb)2,liquid,5.45,450.3,721.5
al(crb)2,orthorhombic,5.45,450.3,388.2
al(feb)2,liquid,5.89,417.4,730.5
al(feb)2,orthorhombic,5.89,417.4,301.6
al(icl2)3,liquid,2.95,820.4,1036.5
al(icl2)3,monoclinic,2.95,820.4,457.1
al(io3)3,liquid,5.04,486.7,1135.8
al(io3)3,hexagonal,5.04,486.7,644.1
al(ni3b2)4,liquid,7.31,337.2,698.1
al(ni3b2)4,orthorhombic,7.31,337.2,370.4
al(po3)3,liquid,2.42,991.8,1828.5
al(po3)3,monoclinic,2.42,991.8,1004.2
al(secl)4,liquid,2.98,811.6,929.4
al(secl)4,orthorhombic,2.98,811.6,457.2
al(secl2)2,liquid,2.58,933.2,1031.1
al(secl2)2,orthorhombic,2.58,933.2,403.1
al(tecl2)2,liquid,2.96,817.8,1052.0
al(tecl2)2,orthorhombic,2.96,817.8,582.6
al(vs2)4,liquid,3.49,697.1,1079.4
al(vs2)4,orthorhombic,3.49,697.1,579.5
al11(cosi)6,liquid,4.45,549.8,719.8
al11(cosi)6,monoclinic,4.45,549.8,287.5
al11re4,liquid,7.68,321.4,730.4
al11re4,triclinic,7.68,321.4,397.3
al11tlo17,liquid,4.15,588.6,1996.8
al11tlo17,hexagonal,4.15,588.6,878.6
al11tlo17,liquid,4.02,607.1,2038.6
al11tlo17,orthorhombic,4.02,607.1,893.0
al12re,liquid,4.05,602.3,618.3
al12re,cubic,4.05,602.3,242.2
al12tc,liquid,3.36,722.1,631.1
al12tc,cubic,3.36,722.1,260.3
al13fe4,liquid,3.99,610.5,697.0
al13fe4,monoclinic,3.99,610.5,259.9
al13os4,liquid,7.13,345.8,789.1
al13os4,monoclinic,7.13,345.8,403.3
al13ru4,liquid,4.81,509.2,811.4
al13ru4,monoclinic,4.81,509.2,325.8
al2(cn2)3,liquid,2.4,999.6,824.2
al2(cn2)3,trigonal,2.4,999.6,316.0
al2(fesi)3,liquid,5.32,461.2,754.3
al2(fesi)3,triclinic,5.32,461.2,325.5
al2(moo4)3,liquid,3.45,703.3,1631.8
al2(moo4)3,orthorhombic,3.45,703.3,637.8
al2(ni7b2)3,liquid,8.09,305.4,706.5
al2(ni7b2)3,cubic,8.09,305.4,331.9
al2(so4)3,liquid,2.86,843.4,1600.7
al2(so4)3,trigonal,2.86,843.4,915.8
al2(seo4)3,liquid,3.62,672.6,1342.4
al2(seo4)3,trigonal,3.62,672.6,675.8
al2(zn13pd3)3,liquid,7.85,314.6,685.8
al2(zn13pd3)3,cubic,7.85,314.6,327.1
al21pd8,liquid,5.24,468.2,804.9
al21pd8,tetragonal,5.24,468.2,352.0
al21pt8,liquid,7.89,312.9,922.4
al21pt8,tetragonal,7.89,312.9,443.2
al23b50,liquid,3.1,781.8,581.1
al23b50,triclinic,3.1,781.8,229.1
al27(feni2)2,liquid,3.66,665.5,679.8
al27(feni2)2,triclinic,3.66,665.5,341.3
al2ag2bi2s3cl8,liquid,3.65,666.0,1156.4
al2ag2bi2s3cl8,hexagonal,3.65,666.0,487.4
al2agcl5o,liquid,2.44,985.4,1452.4
al2agcl5o,orthorhombic,2.44,985.4,718.5
al2au,liquid,7.7,320.6,772.8
al2au,cubic,7.7,320.6,420.8
al2b3ho8,liquid,2.06,1154.8,1862.3
al2b3ho8,orthorhombic,2.06,1154.8,986.3
al2bis4,liquid,3.77,646.8,1012.1
al2bis4,tetragonal,3.77,646.8,492.3
al2bise4,liquid,4.92,498.4,942.7
al2bise4,tetragonal,4.92,498.4,380.4
al2cd3(geo4)3,liquid,5.79,424.7,1572.3
al2cd3(geo4)3,cubic,5.79,424.7,819.1
al2cdbr8,liquid,3.66,664.2,1202.3
al2cdbr8,monoclinic,3.66,664.2,670.4
al2cdcl8,liquid,2.42,991.7,1261.3
al2cdcl8,monoclinic,2.42,991.7,609.6
al2cds4,liquid,3.08,786.5,1066.3
al2cds4,tetragonal,3.08,786.5,490.8
al2cdse4,liquid,4.39,556.2,1034.0
al2cdse4,tetragonal,4.39,556.2,437.7
al2cdte4,liquid,4.85,504.9,812.0
al2cdte4,tetragonal,4.85,504.9,346.5
al2coir,liquid,10.09,245.3,925.8
al2coir,cubic,10.09,245.3,452.3
al2coni,liquid,6.15,399.9,831.3
al2coni,tetragonal,6.15,399.9,465.7
al2coo4,liquid,4.29,569.4,1848.3
al2coo4,trigonal,4.29,569.4,843.3
al2coos,liquid,10.05,246.3,793.1
al2coos,cubic,10.05,246.3,331.8
al2coru,liquid,7.21,342.1,847.8
al2coru,cubic,7.21,342.1,407.1
al2cr3cus8,liquid,3.55,685.3,1049.1
al2cr3cus8,trigonal,3.55,685.3,469.2
al2cu,liquid,4.15,588.2,645.7
al2cu,cubic,4.15,588.2,266.5
al2cuir,liquid,9.68,255.6,883.9
al2cuir,orthorhombic,9.68,255.6,472.5
al2feco,liquid,6.19,397.7,760.6
al2feco,cubic,6.19,397.7,388.0
al2feir,liquid,10.0,247.5,856.4
al2feir,cubic,10.0,247.5,458.2
al2feni,liquid,6.07,405.4,785.6
al2feni,tetragonal,6.07,405.4,408.4
al2feo4,liquid,4.3,567.9,1856.6
al2feo4,cubic,4.3,567.9,1066.3
al2ga2bi2o9,liquid,6.5,378.9,1660.8
al2ga2bi2o9,orthorhombic,6.5,378.9,937.6
al2ge(o2f)2,liquid,4.02,607.1,1977.4
al2ge(o2f)2,orthorhombic,4.02,607.1,970.3
al2h12(seo5)3,liquid,2.55,943.3,1274.9
al2h12(seo5)3,hexagonal,2.55,943.3,725.2
al2h16s3o20,liquid,2.04,1169.0,1329.9
al2h16s3o20,monoclinic,2.04,1169.0,691.6
al2h32s3o28,liquid,1.7,1390.0,1255.5
al2h32s3o28,triclinic,1.7,1390.0,573.6
al2hg3cl8,liquid,4.05,602.3,1118.8
al2hg3cl8,monoclinic,4.05,602.3,602.1
al2hgs4,liquid,3.99,611.1,1047.8
al2hgs4,tetragonal,3.99,611.1,435.2
al2hgse4,liquid,5.17,474.4,921.4
al2hgse4,tetragonal,5.17,474.4,369.7
al2hgte4,liquid,5.5,446.2,764.7
al2hgte4,tetragonal,5.5,446.2,395.6
al2iros,liquid,13.5,183.8,922.9
al2iros,cubic,13.5,183.8,453.2
al2irrh,liquid,10.87,227.9,1058.9
al2irrh,cubic,10.87,227.9,502.2
al2irru,liquid,10.85,228.3,992.9
al2irru,cubic,10.85,228.3,464.1
al2nio4,liquid,4.53,539.5,1811.2
al2nio4,orthorhombic,4.53,539.5,957.3
al2nios,liquid,9.92,249.6,823.6
al2nios,cubic,9.92,249.6,460.3
al2niru,liquid,7.11,346.7,884.6
al2niru,cubic,7.11,346.7,431.2
al2o3,liquid,3.87,629.2,2091.9
al2o3,trigonal,3.87,629.2,1128.6
al2os,liquid,9.81,252.2,851.6
al2os,tetragonal,9.81,252.2,323.7
al2osrh,liquid,10.82,229.0,936.9
al2osrh,cubic,10.82,229.0,462.1
al2p3(ho3)3,liquid,2.46,975.5,1652.0
al2p3(ho3)3,hexagonal,2.46,975.5,784.7
al2pb3f12,liquid,6.66,369.8,1984.3
al2pb3f12,monoclinic,6.66,369.8,1023.0
al2pbo4,liquid,5.44,451.1,1852.2
al2pbo4,orthorhombic,5.44,451.1,829.8
al2pbs4,liquid,3.95,616.9,1105.1
al2pbs4,orthorhombic,3.95,616.9,531.7
al2pbse4,liquid,5.15,476.5,974.6
al2pbse4,orthorhombic,5.15,476.5,510.6
al2pdru,liquid,8.02,307.8,936.1
al2pdru,cubic,8.02,307.8,395.5
al2pt,liquid,8.06,306.3,995.4
al2pt,cubic,8.06,306.3,441.1
al2ru,liquid,6.25,394.0,901.5
al2ru,orthorhombic,6.25,394.0,507.4
al2rupt,liquid,10.72,231.0,995.5
al2rupt,cubic,10.72,231.0,498.1
al2rurh,liquid,8.13,303.9,1003.8
al2rurh,cubic,8.13,303.9,536.2
al2s3,liquid,2.29,1046.2,1106.6
al2s3,monoclinic,2.29,1046.2,554.7
al2sb5(se2br3)3,liquid,3.88,628.0,1005.9
al2sb5(se2br3)3,monoclinic,3.88,628.0,416.3
al2se3,liquid,3.82,637.0,1004.0
al2se3,monoclinic,3.82,637.0,453.0
al2si(o2f)2,liquid,3.44,706.7,2138.4
al2si(o2f)2,orthorhombic,3.44,706.7,891.0
al2si2pbo8,liquid,4.0,609.9,1947.4
al2si2pbo8,monoclinic,4.0,609.9,970.9
al2si3h8(no5)2,liquid,1.99,1195.6,1539.4
al2si3h8(no5)2,monoclinic,1.99,1195.6,892.7
al2sio5,liquid,3.68,661.9,2069.6
al2sio5,triclinic,3.68,661.9,828.7
al2sncl6o,liquid,2.29,1045.9,1486.6
al2sncl6o,monoclinic,2.29,1045.9,763.3
al2te3,liquid,4.16,587.5,801.6
al2te3,monoclinic,4.16,587.5,402.2
al2te5,liquid,4.78,512.1,730.9
al2te5,monoclinic,4.78,512.1,359.1
al2vcl8,liquid,2.14,1117.7,1301.6
al2vcl8,monoclinic,2.14,1117.7,656.9
al2vni9,liquid,8.05,306.7,719.2
al2vni9,tetragonal,8.05,306.7,395.7
al2zno4,liquid,4.63,529.0,1909.5
al2zno4,cubic,4.63,529.0,1063.8
al2zns4,liquid,3.28,739.4,1085.7
al2zns4,cubic,3.28,739.4,436.1
al2znse4,liquid,4.28,571.4,1045.3
al2znse4,tetragonal,4.28,571.4,537.2
al2znte4,liquid,4.83,507.4,867.2
al2znte4,tetragonal,4.83,507.4,440.1
al3(bru2)2,liquid,7.98,309.3,841.1
al3(bru2)2,tetragonal,7.98,309.3,418.2
al3(ni10b3)2,liquid,7.84,314.9,731.3
al3(ni10b3)2,cubic,7.84,314.9,408.5
al3(v3c2)4,liquid,5.26,466.2,827.3
al3(v3c2)4,hexagonal,5.26,466.2,386.3
al37(fe6cu)2,liquid,4.22,578.4,696.4
al37(fe6cu)2,monoclinic,4.22,578.4,342.7
al3bc,liquid,2.86,843.7,641.0
al3bc,hexagonal,2.86,843.7,271.0
al3bc3,liquid,2.67,902.2,656.7
al3bc3,hexagonal,2.67,902.2,356.0
al3cr,liquid,3.8,640.4,620.5
al3cr,tetragonal,3.8,640.4,277.6
al3ga3ni10,liquid,7.99,308.8,760.8
al3ga3ni10,monoclinic,7.99,308.8,322.8
al3ir,liquid,7.42,332.4,894.9
al3ir,hexagonal,7.42,332.4,429.1
al3mo,liquid,4.91,498.6,713.6
al3mo,monoclinic,4.91,498.6,369.1
al3ni,liquid,4.06,601.2,738.4
al3ni,orthorhombic,4.06,601.2,378.0
al3ni2,liquid,4.88,501.6,839.9
al3ni2,trigonal,4.88,501.6,386.5
al3ni5,liquid,6.88,358.2,803.5
al3ni5,orthorhombic,6.88,358.2,321.3
al3pd2,liquid,6.14,400.8,915.6
al3pd2,trigonal,6.14,400.8,378.2
al3pd5,liquid,8.9,277.8,935.9
al3pd5,orthorhombic,8.9,277.8,381.3
al3pt2,liquid,9.84,251.6,1046.2
al3pt2,trigonal,9.84,251.6,548.1
al3pt5,liquid,15.08,164.7,990.7
al3pt5,orthorhombic,15.08,164.7,532.4
al3ru2,liquid,6.95,354.8,898.9
al3ru2,tetragonal,6.95,354.8,364.2
al3si3ag4io12,liquid,4.07,599.3,1688.3
al3si3ag4io12,cubic,4.07,599.3,686.7
al3tl4fe(as2o7)4,liquid,5.12,479.2,1418.5
al3tl4fe(as2o7)4,triclinic,5.12,479.2,560.3
al3v,liquid,3.8,641.3,704.8
al3v,tetragonal,3.8,641.3,277.2
al4(b2o5)3,liquid,2.81,858.9,1937.6
al4(b2o5)3,trigonal,2.81,858.9,905.5
al45cr7,liquid,3.31,732.3,592.1
al45cr7,monoclinic,3.31,732.3,221.2
al4b2o9,liquid,2.96,815.8,1955.1
al4b2o9,monoclinic,2.96,815.8,843.2
al4bi2o9,liquid,6.24,394.6,1836.0
al4bi2o9,orthorhombic,6.24,394.6,991.5
al4c3,liquid,2.99,808.6,657.2
al4c3,trigonal,2.99,808.6,301.2
al4co4,liquid,2.75,877.4,1717.6
al4co4,orthorhombic,2.75,877.4,968.9
al4cdo7,liquid,3.78,644.9,1942.4
al4cdo7,monoclinic,3.78,644.9,881.1
al4cu9,liquid,7.06,349.4,654.9
al4cu9,cubic,7.06,349.4,325.0
al4fe2si5o18,liquid,2.64,912.3,1947.1
al4fe2si5o18,orthorhombic,2.64,912.3,917.2
al4inagse8,liquid,4.43,551.6,946.6
al4inagse8,monoclinic,4.43,551.6,447.5
al4ni3,liquid,5.21,470.5,845.8
al4ni3,cubic,5.21,470.5,330.9
al4tc,liquid,4.53,539.8,733.8
al4tc,monoclinic,4.53,539.8,338.1
al53fe17si12,liquid,3.85,633.3,685.1
al53fe17si12,triclinic,3.85,633.3,360.2
al5bo9,liquid,2.94,821.3,2065.0
al5bo9,orthorhombic,2.94,821.3,824.1
al5co2,liquid,4.46,548.1,742.6
al5co2,hexagonal,4.46,548.1,395.9
al5cus8,liquid,3.07,788.1,1075.2
al5cus8,cubic,3.07,788.1,507.4
al5mo,liquid,4.23,577.3,674.2
al5mo,hexagonal,4.23,577.3,309.7
al5rh2,liquid,5.35,458.7,913.0
al5rh2,hexagonal,5.35,458.7,502.1
al5w,liquid,5.85,420.1,635.1
al5w,hexagonal,5.85,420.1,348.2
al6b5(o5f)3,liquid,3.18,762.0,2022.5
al6b5(o5f)3,hexagonal,3.18,762.0,1099.9
al6cd4so12,liquid,3.88,628.8,1770.5
al6cd4so12,cubic,3.88,628.8,963.3
al6cd4teo12,liquid,4.13,590.6,1765.3
al6cd4teo12,cubic,4.13,590.6,881.2
al6cocu3,liquid,4.83,506.8,694.6
al6cocu3,trigonal,4.83,506.8,373.8
al6ru,liquid,4.03,605.5,708.9
al6ru,orthorhombic,4.03,605.5,342.1
al6snte10,liquid,4.55,537.6,862.6
al6snte10,trigonal,4.55,537.6,326.4
al7(tls4)3,liquid,3.62,672.3,1118.1
al7(tls4)3,monoclinic,3.62,672.3,553.9
al7cr(bi2o9)2,liquid,6.05,406.3,1795.4
al7cr(bi2o9)2,monoclinic,6.05,406.3,958.9
al7fecu2,liquid,4.31,567.4,666.8
al7fecu2,tetragonal,4.31,567.4,272.4
al8(pb3o7)3,liquid,6.57,375.0,1684.5
al8(pb3o7)3,cubic,6.57,375.0,891.7
al8mo3,liquid,5.1,480.4,721.7
al8mo3,monoclinic,5.1,480.4,378.6
al9co2,liquid,3.72,654.7,683.7
al9co2,monoclinic,3.72,654.7,374.9
al9ir2,liquid,5.89,417.5,804.7
al9ir2,monoclinic,5.89,417.5,387.9
al9rh2,liquid,4.26,573.8,785.8
al9rh2,monoclinic,4.26,573.8,420.0
alag(pse3)2,liquid,4.39,557.4,814.2
alag(pse3)2,monoclinic,4.39,557.4,437.5
alag3,liquid,8.68,284.6,582.6
alag3,trigonal,8.68,284.6,221.7
alago2,liquid,6.31,390.2,1587.2
alago2,hexagonal,6.31,390.2,921.0
alags2,liquid,3.9,625.0,956.8
alags2,tetragonal,3.9,625.0,397.9
alagse2,liquid,4.94,495.9,884.4
alagse2,tetragonal,4.94,495.9,349.8
alagsnse4,liquid,4.77,513.5,896.4
alagsnse4,tetragonal,4.77,513.5,482.7
alagte2,liquid,5.29,464.2,747.7
alagte2,tetragonal,5.29,464.2,384.4
alas,liquid,3.7,657.6,832.2
alas,cubic,3.7,657.6,357.3
alas3(secl)4,liquid,2.9,834.5,1013.7
alas3(secl)4,monoclinic,2.9,834.5,497.2
alas3s5cl4,liquid,2.35,1020.4,1001.6
alas3s5cl4,monoclinic,2.35,1020.4,508.0
alaso4,liquid,3.35,724.6,1655.2
alaso4,trigonal,3.35,724.6,691.3
alaspt5,liquid,16.32,152.2,805.8
alaspt5,tetragonal,16.32,152.2,444.2
alau,liquid,10.81,229.2,740.3
alau,monoclinic,10.81,229.2,302.9
alau2,liquid,14.15,175.4,700.0
alau2,orthorhombic,14.15,175.4,331.2
alau4,liquid,15.93,156.0,651.0
alau4,cubic,15.93,156.0,258.9
albmo,liquid,6.41,384.3,769.1
albmo,orthorhombic,6.41,384.3,386.2
albpbo4,liquid,6.31,389.8,1774.1
albpbo4,orthorhombic,6.31,389.8,958.8
albw,liquid,10.63,233.0,694.5
albw,orthorhombic,10.63,233.0,323.1
albicl6,liquid,3.01,804.4,1321.4
albicl6,monoclinic,3.01,804.4,559.7
albiscl4,liquid,3.26,744.8,1261.2
albiscl4,tetragonal,3.26,744.8,711.1
albisecl4,liquid,3.54,687.2,1261.9
albisecl4,tetragonal,3.54,687.2,528.7
albitecl4,liquid,3.61,673.3,1241.6
albitecl4,tetragonal,3.61,673.3,540.3
albr3,liquid,3.14,771.3,1233.1
albr3,monoclinic,3.14,771.3,683.2
albro,liquid,3.3,735.4,1712.4
albro,orthorhombic,3.3,735.4,915.4
alc3(ncl2)3,liquid,1.81,1306.2,914.2
alc3(ncl2)3,triclinic,1.81,1306.2,504.4
alcdcl4,liquid,2.65,909.8,1208.7
alcdcl4,triclinic,2.65,909.8,511.8
alcl3,liquid,2.41,997.4,1311.8
alcl3,monoclinic,2.41,997.4,656.1
alclo,liquid,2.89,835.9,1803.3
alclo,orthorhombic,2.89,835.9,743.2
alco,liquid,6.37,386.7,800.4
alco,cubic,6.37,386.7,302.2
alcr2c,liquid,5.45,450.3,627.5
alcr2c,hexagonal,5.45,450.3,274.1
alcr3b4,liquid,5.47,449.0,713.3
alcr3b4,orthorhombic,5.47,449.0,311.2
alcr4ags8,liquid,3.83,635.6,1005.0
alcr4ags8,cubic,3.83,635.6,572.6
alcr4cus8,liquid,3.71,656.5,1021.7
alcr4cus8,cubic,3.71,656.5,491.9
alcr4cuse8,liquid,5.36,458.0,928.8
alcr4cuse8,cubic,5.36,458.0,476.8
alcrfeo4,liquid,4.46,547.7,1694.3
alcrfeo4,orthorhombic,4.46,547.7,881.5
alcrru2,liquid,8.91,277.5,715.9
alcrru2,cubic,8.91,277.5,282.9
alcu,liquid,5.51,445.5,659.1
alcu,monoclinic,5.51,445.5,290.4
alcu(pse3)2,liquid,4.39,556.8,801.5
alcu(pse3)2,trigonal,4.39,556.8,410.4
alcu3,liquid,7.52,328.2,640.9
alcu3,orthorhombic,7.52,328.2,340.0
alcuau2,liquid,13.32,186.3,666.0
alcuau2,cubic,13.32,186.3,345.1
alcubr4,liquid,3.91,624.0,1096.1
alcubr4,tetragonal,3.91,624.0,547.3
alcucl4,liquid,2.62,919.8,1143.6
alcucl4,tetragonal,2.62,919.8,522.4
alcugese4,liquid,4.74,516.7,884.4
alcugese4,tetragonal,4.74,516.7,475.4
alcuo2,liquid,5.15,476.5,1637.9
alcuo2,hexagonal,5.15,476.5,659.6
alcupd2,liquid,9.26,267.1,833.6
alcupd2,cubic,9.26,267.1,434.1
alcupt2,liquid,14.51,171.1,891.8
alcupt2,tetragonal,14.51,171.1,403.5
alcus2,liquid,3.51,693.0,983.4
alcus2,tetragonal,3.51,693.0,451.2
alcuse2,liquid,4.78,512.1,890.4
alcuse2,tetragonal,4.78,512.1,445.5
alcusns4,liquid,4.13,591.3,959.5
alcusns4,orthorhombic,4.13,591.3,458.9
alcusnse4,liquid,4.8,510.0,897.8
alcusnse4,tetragonal,4.8,510.0,356.2
alcute2,liquid,5.25,467.3,741.3
alcute2,tetragonal,5.25,467.3,414.2
alf3,liquid,3.26,743.1,2289.6
alf3,trigonal,3.26,743.1,1168.9
alfe,liquid,5.97,411.9,697.1
alfe,cubic,5.97,411.9,298.1
alfe2si,liquid,6.49,379.6,750.1
alfe2si,cubic,6.49,379.6,300.6
alfe2w,liquid,10.87,227.9,643.7
alfe2w,cubic,10.87,227.9,346.7
alfe3,liquid,6.7,367.6,639.5
alfe3,cubic,6.7,367.6,340.4
alfe3c,liquid,6.3,390.6,621.9
alfe3c,cubic,6.3,390.6,239.1
alfe3h,liquid,6.41,383.9,642.3
alfe3h,cubic,6.41,383.9,284.9
alfeco2,liquid,7.37,334.5,711.5
alfeco2,cubic,7.37,334.5,309.1
alfepo5,liquid,3.04,796.3,1787.8
alfepo5,monoclinic,3.04,796.3,851.2
alferh2,liquid,8.99,275.0,818.2
alferh2,cubic,8.99,275.0,424.3
algaas2,liquid,4.49,544.9,791.8
algaas2,trigonal,4.49,544.9,345.9
algaco2,liquid,7.8,316.3,719.9
algaco2,tetragonal,7.8,316.3,326.0
algani6,liquid,8.46,292.0,708.9
algani6,tetragonal,8.46,292.0,278.4
algemo,liquid,7.27,339.3,672.9
algemo,trigonal,7.27,339.3,372.1
algeru2,liquid,9.42,262.6,783.0
algeru2,cubic,9.42,262.6,436.8
alh10n2of5,liquid,1.86,1278.0,1315.6
alh10n2of5,orthorhombic,1.86,1278.0,603.7
alh10so9f,liquid,1.91,1246.6,1327.1
alh10so9f,orthorhombic,1.91,1246.6,722.8
alh11so10,liquid,1.8,1314.4,1284.2
alh11so10,monoclinic,1.8,1314.4,508.3
alh12(clo2)3,liquid,1.68,1407.1,1214.2
alh12(clo2)3,trigonal,1.68,1407.1,654.9
alh12(no5)3,liquid,1.86,1276.7,1133.8
alh12(no5)3,monoclinic,1.86,1276.7,635.4
alh14seno14,liquid,2.14,1116.5,1173.2
alh14seno14,triclinic,2.14,1116.5,500.9
alh15(of)6,liquid,1.67,1410.5,1355.1
alh15(of)6,triclinic,1.67,1410.5,704.6
alh15br3n5,liquid,2.13,1121.8,887.6
alh15br3n5,orthorhombic,2.13,1121.8,500.7
alh15n5cl3,liquid,1.46,1598.4,915.2
alh15n5cl3,orthorhombic,1.46,1598.4,378.3
alh18c3(n3f2)3,liquid,1.53,1534.4,1033.3
alh18c3(n3f2)3,cubic,1.53,1534.4,420.9
alh2pbo2f3,liquid,5.24,468.0,1698.1
alh2pbo2f3,triclinic,5.24,468.0,694.9
alh3,liquid,1.52,1545.6,583.1
alh3,trigonal,1.52,1545.6,241.2
alh3ncl3,liquid,1.62,1457.2,1150.0
alh3ncl3,orthorhombic,1.62,1457.2,519.3
alh4nf4,liquid,2.53,949.3,1538.7
alh4nf4,tetragonal,2.53,949.3,626.8
alh5(seo4)2,liquid,2.96,816.6,1269.8
alh5(seo4)2,monoclinic,2.96,816.6,598.5
alh6bro4,liquid,2.19,1092.2,1294.6
alh6bro4,monoclinic,2.19,1092.2,584.1
alh6c2secl3,liquid,1.65,1430.1,890.4
alh6c2secl3,orthorhombic,1.65,1430.1,479.6
alh6io4,liquid,2.5,962.6,1267.3
alh6io4,monoclinic,2.5,962.6,633.2
alh6n2cl3,liquid,1.6,1469.5,1036.9
alh6n2cl3,orthorhombic,1.6,1469.5,469.8
alh6n2f3,liquid,1.88,1260.0,1278.1
alh6n2f3,monoclinic,1.88,1260.0,647.9
alh7c2scl4,liquid,1.34,1736.6,919.2
alh7c2scl4,monoclinic,1.34,1736.6,425.8
alho2,liquid,3.41,712.2,1743.8
alho2,orthorhombic,3.41,712.2,748.2
alhso5,liquid,2.89,834.7,1567.7
alhso5,monoclinic,2.89,834.7,762.1
alhg2sbcl4,liquid,4.77,512.9,1033.5
alhg2sbcl4,orthorhombic,4.77,512.9,480.8
ali3,liquid,3.73,652.2,979.8
ali3,monoclinic,3.73,652.2,523.3
alicl6,liquid,2.49,966.2,1146.2
alicl6,monoclinic,2.49,966.2,470.6
alinbr4,liquid,3.6,674.8,1171.2
alinbr4,monoclinic,3.6,674.8,577.5
alincl4,liquid,2.64,910.8,1221.0
alincl4,orthorhombic,2.64,910.8,563.2
alini4,liquid,4.1,595.3,950.4
alini4,monoclinic,4.1,595.3,436.5
alins3,liquid,3.32,730.2,1001.1
alins3,hexagonal,3.32,730.2,491.9
alinse3,liquid,4.63,529.0,938.8
alinse3,hexagonal,4.63,529.0,527.2
alir,liquid,13.55,183.1,1031.8
alir,cubic,13.55,183.1,450.2
almo3,liquid,8.61,286.9,666.3
almo3,cubic,8.61,286.9,284.5
aln,liquid,3.2,757.4,1305.9
aln,hexagonal,3.2,757.4,527.3
alni,liquid,6.08,404.3,858.2
alni,cubic,6.08,404.3,331.8
alni2bo5,liquid,4.76,514.5,1594.1
alni2bo5,orthorhombic,4.76,514.5,908.5
alni3,liquid,7.71,320.1,741.9
alni3,cubic,7.71,320.1,332.2
alni6ge,liquid,8.54,289.3,701.6
alni6ge,tetragonal,8.54,289.3,331.6
alniag2f7,liquid,5.06,484.8,1671.5
alniag2f7,orthorhombic,5.06,484.8,729.4
alp,liquid,2.35,1021.2,881.8
alp,cubic,2.35,1021.2,391.2
alp2h12n3o8,liquid,1.74,1357.4,1256.6
alp2h12n3o8,monoclinic,1.74,1357.4,566.2
alp2i9,liquid,3.5,694.0,810.0
alp2i9,orthorhombic,3.5,694.0,443.2
alp3(ncl3)3,liquid,1.95,1217.2,1097.9
alp3(ncl3)3,orthorhombic,1.95,1217.2,479.2
alph8(ccl2)2,liquid,1.39,1682.0,905.2
alph8(ccl2)2,monoclinic,1.39,1682.0,489.6
alph9(ccl)3,liquid,1.28,1810.4,843.5
alph9(ccl)3,monoclinic,1.28,1810.4,319.0
alpi8,liquid,3.69,659.7,839.7
alpi8,orthorhombic,3.69,659.7,396.0
alpo4,liquid,2.62,918.6,1957.2
alpo4,trigonal,2.62,918.6,1114.9
alppd4,liquid,9.32,265.4,847.9
alppd4,monoclinic,9.32,265.4,444.0
alppt5,liquid,16.37,151.8,850.6
alppt5,tetragonal,16.37,151.8,425.7
alps4,liquid,2.04,1168.8,862.4
alps4,tetragonal,2.04,1168.8,355.5
alpd,liquid,7.69,320.9,971.0
alpd,cubic,7.69,320.9,440.9
alpd2,liquid,9.24,267.7,923.2
alpd2,orthorhombic,9.24,267.7,389.2
alpd5,liquid,10.55,234.8,757.9
alpd5,orthorhombic,10.55,234.8,399.1
alpd5i2,liquid,8.01,308.3,785.9
alpd5i2,tetragonal,8.01,308.3,390.4
alpt,liquid,12.7,195.3,1059.0
alpt,cubic,12.7,195.3,517.2
alpt2,liquid,15.78,157.4,965.7
alpt2,orthorhombic,15.78,157.4,425.3
alpt3,liquid,17.22,144.3,888.9
alpt3,tetragonal,17.22,144.3,481.0
alre,liquid,12.52,198.0,722.0
alre,tetragonal,12.52,198.0,303.4
alre2,liquid,15.51,160.2,695.4
alre2,tetragonal,15.51,160.2,332.9
alrege,liquid,11.12,222.8,679.9
alrege,tetragonal,11.12,222.8,329.0
alresi,liquid,9.91,249.7,755.8
alresi,tetragonal,9.91,249.7,382.2
alrh,liquid,8.17,302.2,1079.9
alrh,cubic,8.17,302.2,473.5
alru,liquid,8.01,308.1,877.8
alru,cubic,8.01,308.1,335.6
alscl3o2,liquid,1.8,1312.8,1374.3
alscl3o2,triclinic,1.8,1312.8,662.4
alscl7,liquid,1.95,1221.4,956.1
alscl7,monoclinic,1.95,1221.4,447.6
alsb,liquid,4.18,584.7,663.8
alsb,cubic,4.18,584.7,300.5
alsb2(secl2)2,liquid,3.3,735.1,1135.6
alsb2(secl2)2,triclinic,3.3,735.1,567.6
alsb2(tecl2)2,liquid,3.62,672.2,1103.5
alsb2(tecl2)2,triclinic,3.62,672.2,631.8
alsb2te2brcl4,liquid,4.01,608.7,1106.6
alsb2te2brcl4,monoclinic,4.01,608.7,453.2
alsbo4,liquid,5.79,424.5,1694.5
alsbo4,orthorhombic,5.79,424.5,694.3
alsecl7,liquid,2.29,1043.9,983.5
alsecl7,triclinic,2.29,1043.9,403.2
alsi3w2,liquid,9.59,258.1,669.2
alsi3w2,tetragonal,9.59,258.1,265.2
alsih9c3cl2o,liquid,1.23,1882.6,913.7
alsih9c3cl2o,monoclinic,1.23,1882.6,476.0
alsimo6,liquid,8.78,281.4,683.0
alsimo6,cubic,8.78,281.4,297.6
alsiru2,liquid,8.43,293.0,890.0
alsiru2,cubic,8.43,293.0,430.4
alsite3,liquid,4.77,513.4,699.6
alsite3,trigonal,4.77,513.4,273.8
altc2,liquid,8.86,279.0,760.4
altc2,tetragonal,8.86,279.0,401.1
altecl7,liquid,2.37,1012.4,1055.8
altecl7,monoclinic,2.37,1012.4,456.9
altei7,liquid,3.96,615.7,856.2
altei7,monoclinic,3.96,615.7,403.0
altl(moo4)2,liquid,4.34,563.0,1541.4
altl(moo4)2,trigonal,4.34,563.0,861.2
altl2f5,liquid,6.12,402.2,1859.6
altl2f5,tetragonal,6.12,402.2,805.6
altlbr4,liquid,4.3,568.8,1209.2
altlbr4,monoclinic,4.3,568.8,625.7
altlcl4,liquid,3.51,693.4,1376.4
altlcl4,orthorhombic,3.51,693.4,654.4
altlf4,liquid,6.29,391.3,2014.3
altlf4,monoclinic,6.29,391.3,807.7
altli4,liquid,4.6,532.2,987.0
altli4,monoclinic,4.6,532.2,395.7
altls2,liquid,4.9,499.6,1062.2
altls2,monoclinic,4.9,499.6,432.8
altlse2,liquid,5.69,431.5,955.2
altlse2,monoclinic,5.69,431.5,451.0
altlsi3o8,liquid,3.8,641.6,1937.0
altlsi3o8,triclinic,3.8,641.6,875.6
altlsio4,liquid,4.32,565.9,1855.4
altlsio4,trigonal,4.32,565.9,1001.3
alv,liquid,4.61,530.4,678.9
alv,orthorhombic,4.61,530.4,362.3
alv2c,liquid,4.94,495.6,808.3
alv2c,hexagonal,4.94,495.6,428.3
alv2o4,liquid,4.34,563.3,1794.2
alv2o4,orthorhombic,4.34,563.3,898.9
alv2o4,liquid,4.56,536.7,1825.8
alv2o4,triclinic,4.56,536.7,728.3
alv3,liquid,5.43,451.7,626.1
alv3,cubic,5.43,451.7,324.5
alv6ga,liquid,6.14,400.9,640.2
alv6ga,cubic,6.14,400.9,331.4
alv6ge,liquid,6.23,395.0,656.1
alv6ge,cubic,6.23,395.0,341.5
alv9au2,liquid,8.59,287.8,610.1
alv9au2,orthorhombic,8.59,287.8,300.3
alvco2,liquid,6.95,354.7,751.6
alvco2,cubic,6.95,354.7,317.5
alvfe2,liquid,6.96,354.3,742.9
alvfe2,cubic,6.96,354.3,410.2
alvmoo7,liquid,3.24,749.5,1657.0
alvmoo7,orthorhombic,3.24,749.5,936.0
alvo4,liquid,3.32,730.4,1808.6
alvo4,triclinic,3.32,730.4,734.4
alvos2,liquid,14.07,176.4,821.7
alvos2,cubic,14.07,176.4,413.6
alvru2,liquid,8.75,282.5,878.8
alvru2,cubic,8.75,282.5,470.3
alwo4,liquid,7.67,321.6,1757.2
alwo4,orthorhombic,7.67,321.6,847.4
alzncrs4,liquid,3.55,685.4,1080.1
alzncrs4,orthorhombic,3.55,685.4,582.6
alznir2,liquid,14.68,169.2,862.2
alznir2,cubic,14.68,169.2,452.9
alznrh2,liquid,9.35,264.6,935.9
alznrh2,cubic,9.35,264.6,517.2
ar,liquid,1.72,1373.6,595.0
ar,cubic,1.72,1373.6,231.6
as,liquid,5.05,485.5,595.0
as,orthorhombic,5.05,485.5,267.8
as(brf2)3,liquid,3.59,677.5,1300.8
as(brf2)3,triclinic,3.59,677.5,736.5
as(if2)3,liquid,4.03,604.6,1327.1
as(if2)3,triclinic,4.03,604.6,581.2
as(if3)2,liquid,4.15,588.7,1410.7
as(if3)2,monoclinic,4.15,588.7,585.7
as(s2f3)2,liquid,2.51,957.7,1339.6
as(s2f3)2,monoclinic,2.51,957.7,583.8
as(s8i)3,liquid,2.43,986.3,772.8
as(s8i)3,trigonal,2.43,986.3,402.5
as2(so4)3,liquid,3.04,795.4,1300.9
as2(so4)3,monoclinic,3.04,795.4,616.8
as2cl3of5,liquid,2.65,907.8,1401.2
as2cl3of5,monoclinic,2.65,907.8,613.5
as2hpbf13,liquid,4.11,594.5,1639.9
as2hpbf13,orthorhombic,4.11,594.5,886.8
as2ir,liquid,10.71,231.3,807.0
as2ir,monoclinic,10.71,231.3,338.9
as2o3,liquid,4.12,592.8,1281.9
as2o3,monoclinic,4.12,592.8,528.2
as2o5,liquid,4.44,550.6,1250.9
as2o5,orthorhombic,4.44,550.6,650.9
as2os,liquid,11.03,224.7,686.8
as2os,orthorhombic,11.03,224.7,259.8
as2p2s7,liquid,2.46,978.5,656.5
as2p2s7,monoclinic,2.46,978.5,334.2
as2pb(xef6)3,liquid,4.08,598.3,1401.8
as2pb(xef6)3,monoclinic,4.08,598.3,575.4
as2pb14cl4o17,liquid,7.65,322.6,1279.0
as2pb14cl4o17,monoclinic,7.65,322.6,508.9
as2pb2o5,liquid,6.74,365.4,1287.9
as2pb2o5,monoclinic,6.74,365.4,520.2
as2pb3o8,liquid,7.47,330.3,1330.1
as2pb3o8,monoclinic,7.47,330.3,738.8
as2pb8o13,liquid,8.05,306.6,1285.6
as2pb8o13,monoclinic,8.05,306.6,735.0
as2pbo4,liquid,5.82,422.6,1290.8
as2pbo4,monoclinic,5.82,422.6,742.6
as2pbo6,liquid,6.57,374.6,1329.9
as2pbo6,trigonal,6.57,374.6,619.5
as2pd,liquid,7.77,317.6,708.5
as2pd,cubic,7.77,317.6,291.2
as2pt,liquid,10.56,234.5,823.3
as2pt,cubic,10.56,234.5,445.4
as2rh,liquid,8.01,308.3,807.7
as2rh,monoclinic,8.01,308.3,367.0
as2ru,liquid,8.23,300.1,755.5
as2ru,orthorhombic,8.23,300.1,309.8
as2s2o9,liquid,3.23,751.5,1305.8
as2s2o9,monoclinic,3.23,751.5,596.5
as2s3,liquid,3.1,780.2,620.4
as2s3,triclinic,3.1,780.2,290.3
as2so6,liquid,3.57,682.0,1307.8
as2so6,orthorhombic,3.57,682.0,555.4
as2se3,liquid,4.57,535.0,612.8
as2se3,monoclinic,4.57,535.0,289.1
as3(ho2)5,liquid,3.49,695.9,1205.3
as3(ho2)5,triclinic,3.49,695.9,658.0
as3ho6,liquid,3.73,652.7,1259.2
as3ho6,monoclinic,3.73,652.7,508.9
as3ir,liquid,8.96,275.9,778.7
as3ir,cubic,8.96,275.9,317.8
as3pb2bro6,liquid,5.73,428.8,1277.5
as3pb2bro6,monoclinic,5.73,428.8,733.8
as3pb2clo6,liquid,5.59,439.3,1291.3
as3pb2clo6,orthorhombic,5.59,439.3,707.7
as3pb5bro12,liquid,7.02,351.2,1326.9
as3pb5bro12,hexagonal,7.02,351.2,730.1
as3pb5clo12,liquid,6.86,359.1,1339.4
as3pb5clo12,monoclinic,6.86,359.1,560.1
as3pb5clo9,liquid,6.92,356.0,1283.1
as3pb5clo9,hexagonal,6.92,356.0,539.7
as3pb5o12f,liquid,6.99,352.7,1370.9
as3pb5o12f,hexagonal,6.99,352.7,635.6
as3rh,liquid,7.09,347.9,774.4
as3rh,cubic,7.09,347.9,343.6
as3w2,liquid,11.24,220.5,591.7
as3w2,monoclinic,11.24,220.5,235.2
as4prh10,liquid,9.64,256.6,785.7
as4prh10,trigonal,9.64,256.6,389.4
asauo4,liquid,6.07,405.3,1074.2
asauo4,monoclinic,6.07,405.3,512.9
asbr3,liquid,3.73,653.3,937.1
asbr3,orthorhombic,3.73,653.3,527.9
asbrof8,liquid,3.07,789.4,1373.9
asbrof8,monoclinic,3.07,789.4,572.6
ascl2f3,liquid,2.9,833.9,1261.0
ascl2f3,tetragonal,2.9,833.9,693.4
ascl3,liquid,2.49,965.2,890.1
ascl3,orthorhombic,2.49,965.2,351.2
ascl3o,liquid,2.61,923.6,1070.2
ascl3o,monoclinic,2.61,923.6,541.7
asclf8,liquid,3.02,802.6,1268.5
asclf8,monoclinic,3.02,802.6,695.7
asclof8,liquid,2.76,875.0,1347.3
asclof8,orthorhombic,2.76,875.0,681.9
asf3,liquid,3.57,680.3,1553.2
asf3,orthorhombic,3.57,680.3,776.8
asf5,liquid,3.3,734.3,1518.6
asf5,hexagonal,3.3,734.3,632.2
ash18n3o7,liquid,1.72,1374.7,1010.5
ash18n3o7,monoclinic,1.72,1374.7,489.8
ash3of6,liquid,3.06,791.0,1474.5
ash3of6,triclinic,3.06,791.0,732.4
ashpb4(clo)4,liquid,6.08,404.3,1261.4
ashpb4(clo)4,monoclinic,6.08,404.3,487.0
ashpbo4,liquid,5.67,433.6,1290.8
ashpbo4,monoclinic,5.67,433.6,518.3
asi3,liquid,4.45,549.7,765.4
asi3,trigonal,4.45,549.7,422.6
asi5f6,liquid,4.27,572.4,1200.9
asi5f6,monoclinic,4.27,572.4,595.7
asif12,liquid,3.6,675.9,1459.5
asif12,cubic,3.6,675.9,793.3
asirs,liquid,10.1,245.1,864.6
asirs,cubic,10.1,245.1,434.6
asirse,liquid,10.77,230.1,830.3
asirse,cubic,10.77,230.1,366.9
askrf7,liquid,3.54,687.5,1218.4
askrf7,monoclinic,3.54,687.5,700.6
asn(of3)2,liquid,2.66,906.6,1400.5
asn(of3)2,monoclinic,2.66,906.6,673.8
asn2f7,liquid,2.87,842.7,1241.0
asn2f7,monoclinic,2.87,842.7,549.7
asoss,liquid,10.02,247.1,749.5
asoss,monoclinic,10.02,247.1,351.5
asosse,liquid,10.67,232.2,691.1
asosse,monoclinic,10.67,232.2,276.4
aspo4,liquid,3.64,668.4,1539.5
aspo4,orthorhombic,3.64,668.4,813.0
aspo5,liquid,3.92,621.8,1479.0
aspo5,orthorhombic,3.92,621.8,771.9
aspbf7,liquid,5.88,417.9,1633.5
aspbf7,triclinic,5.88,417.9,773.0
aspd2,liquid,10.14,244.1,717.0
aspd2,orthorhombic,10.14,244.1,369.3
aspd3,liquid,10.65,232.5,714.1
aspd3,tetragonal,10.65,232.5,275.7
aspd3pb2,liquid,11.1,223.3,708.2
aspd3pb2,orthorhombic,11.1,223.3,366.4
aspd5,liquid,11.08,223.6,671.5
aspd5,monoclinic,11.08,223.6,340.3
aspds,liquid,6.58,374.0,731.6
aspds,cubic,6.58,374.0,359.9
aspdse,liquid,7.46,330.5,724.1
aspdse,cubic,7.46,330.5,356.0
asrh2,liquid,10.08,245.5,788.4
asrh2,cubic,10.08,245.5,395.5
asrhs,liquid,7.12,346.2,879.1
asrhs,cubic,7.12,346.2,385.5
asrhse,liquid,8.01,308.1,849.7
asrhse,cubic,8.01,308.1,409.2
asrus,liquid,7.09,347.8,816.8
asrus,monoclinic,7.09,347.8,376.7
ass,liquid,3.26,744.0,621.8
ass,monoclinic,3.26,744.0,253.1
ass(brf2)3,liquid,3.13,773.7,1336.1
ass(brf2)3,monoclinic,3.13,773.7,563.2
ass(clf2)3,liquid,2.46,977.9,1374.6
ass(clf2)3,orthorhombic,2.46,977.9,554.6
ass(if3)2,liquid,3.85,633.0,1355.9
ass(if3)2,monoclinic,3.85,633.0,602.1
asse,liquid,4.36,560.2,603.8
asse,monoclinic,4.36,560.2,283.6
asse(brf2)3,liquid,3.39,716.7,1358.9
asse(brf2)3,monoclinic,3.39,716.7,700.3
asse(clf2)3,liquid,2.71,888.4,1396.9
asse(clf2)3,monoclinic,2.71,888.4,642.1
asse(if2)3,liquid,3.74,650.8,1316.7
asse(if2)3,monoclinic,3.74,650.8,752.8
asse3(clf2)3,liquid,2.87,842.0,1273.1
asse3(clf2)3,monoclinic,2.87,842.0,608.4
asse6if6,liquid,3.79,641.9,1140.7
asse6if6,monoclinic,3.79,641.9,450.3
assei,liquid,4.7,521.1,753.1
assei,monoclinic,4.7,521.1,349.7
asxe2brof12,liquid,3.24,748.4,1216.4
asxe2brof12,monoclinic,3.24,748.4,507.1
asxe2f9,liquid,3.21,755.1,1278.1
asxe2f9,monoclinic,3.21,755.1,644.5
asxef11,liquid,3.23,749.7,1244.6
asxef11,monoclinic,3.23,749.7,630.3
asxef7,liquid,3.75,648.7,1402.6
asxef7,monoclinic,3.75,648.7,774.4
au,liquid,18.03,137.9,595.0
au,cubic,18.03,137.9,242.5
au(of3)2,liquid,4.83,507.2,982.6
au(of3)2,triclinic,4.83,507.2,501.6
au2o3,liquid,11.06,223.9,756.0
au2o3,orthorhombic,11.06,223.9,373.7
au2s,liquid,9.64,256.6,603.3
au2s,cubic,9.64,256.6,263.3
au2se3o10,liquid,5.83,421.4,957.7
au2se3o10,orthorhombic,5.83,421.4,492.6
au2se4o11,liquid,5.72,429.7,994.8
au2se4o11,monoclinic,5.72,429.7,443.6
au3f8,liquid,7.71,320.0,1040.3
au3f8,monoclinic,7.71,320.0,429.1
aubr,liquid,7.83,315.4,731.3
aubr,tetragonal,7.83,315.4,278.3
aubr3,liquid,5.62,437.0,800.6
aubr3,monoclinic,5.62,437.0,399.4
aubrf6,liquid,5.15,476.3,1133.4
aubrf6,monoclinic,5.15,476.3,489.4
aucl,liquid,7.5,329.1,668.9
aucl,tetragonal,7.5,329.1,362.4
aucl2,liquid,5.57,441.1,692.7
aucl2,triclinic,5.57,441.1,279.6
aucl3,liquid,4.52,541.3,695.4
aucl3,monoclinic,4.52,541.3,322.7
auclo,liquid,7.07,348.8,819.4
auclo,trigonal,7.07,348.8,453.0
auf3,liquid,6.91,356.4,1045.9
auf3,hexagonal,6.91,356.4,536.7
auf5,liquid,5.93,414.8,939.3
auf5,orthorhombic,5.93,414.8,375.6
aui,liquid,7.79,316.8,669.6
aui,tetragonal,7.79,316.8,259.2
aui2,liquid,5.72,429.2,642.5
aui2,tetragonal,5.72,429.2,250.9
aun5o14,liquid,3.24,749.6,858.8
aun5o14,monoclinic,3.24,749.6,455.8
aus3(o3f)3,liquid,3.05,794.8,1291.0
aus3(o3f)3,monoclinic,3.05,794.8,607.2
auscl5,liquid,3.38,718.1,684.4
auscl5,monoclinic,3.38,718.1,287.4
auscl7,liquid,3.11,778.5,678.7
auscl7,monoclinic,3.11,778.5,376.7
auso4,liquid,5.4,454.2,1141.0
auso4,orthorhombic,5.4,454.2,642.1
ause,liquid,9.17,269.6,613.1
ause,monoclinic,9.17,269.6,306.5
ausebr,liquid,7.29,338.4,770.9
ausebr,orthorhombic,7.29,338.4,354.3
ausecl7,liquid,3.35,724.0,710.6
ausecl7,monoclinic,3.35,724.0,313.7
auseclo3,liquid,4.93,497.3,962.0
auseclo3,triclinic,4.93,497.3,430.1
auxe2f17,liquid,3.9,625.6,963.3
auxe2f17,orthorhombic,3.9,625.6,418.1
b,liquid,2.48,967.8,595.0
b,trigonal,2.48,967.8,276.4
b(ho)3,liquid,1.65,1430.3,1384.4
b(ho)3,triclinic,1.65,1430.3,545.1
b10(pb2o7)3,liquid,6.12,401.8,1656.4
b10(pb2o7)3,triclinic,6.12,401.8,676.6
b10h13i,liquid,1.36,1707.4,641.1
b10h13i,monoclinic,1.36,1707.4,284.3
b10h14s,liquid,0.86,2612.8,651.2
b10h14s,orthorhombic,0.86,2612.8,311.8
b11h10si,liquid,1.38,1683.8,672.8
b11h10si,monoclinic,1.38,1683.8,323.4
b13c2,liquid,2.45,978.7,592.7
b13c2,trigonal,2.45,978.7,262.8
b2h26c8n20cl2o,liquid,1.41,1653.4,796.9
b2h26c8n20cl2o,orthorhombic,1.41,1653.4,331.1
b2mo,liquid,7.13,345.9,751.9
b2mo,trigonal,7.13,345.9,334.7
b2mo(pbo2)6,liquid,7.44,331.5,1438.1
b2mo(pbo2)6,orthorhombic,7.44,331.5,815.5
b2o3,liquid,2.56,939.2,1809.1
b2o3,trigonal,2.56,939.2,994.4
b2os,liquid,12.76,194.4,655.6
b2os,orthorhombic,12.76,194.4,319.7
b2pb2s5,liquid,5.37,456.7,895.4
b2pb2s5,tetragonal,5.37,456.7,420.7
b2pb4o7,liquid,7.16,344.4,1470.9
b2pb4o7,orthorhombic,7.16,344.4,778.2
b2pb6so12,liquid,6.86,359.2,1440.0
b2pb6so12,orthorhombic,6.86,359.2,731.9
b2ru,liquid,7.56,326.2,688.8
b2ru,orthorhombic,7.56,326.2,314.5
b2s2o9,liquid,2.71,889.5,1490.0
b2s2o9,monoclinic,2.71,889.5,755.4
b2s3,liquid,2.41,995.1,880.7
b2s3,tetragonal,2.41,995.1,481.5
b2se2o7,liquid,3.58,679.6,1406.8
b2se2o7,orthorhombic,3.58,679.6,577.2
b2se3o10,liquid,3.39,716.0,1294.5
b2se3o10,monoclinic,3.39,716.0,630.0
b2w,liquid,12.42,199.7,694.3
b2w,hexagonal,12.42,199.7,313.2
b3h4no5,liquid,2.24,1066.2,1428.0
b3h4no5,monoclinic,2.24,1066.2,810.9
b3os2,liquid,14.28,173.9,673.1
b3os2,hexagonal,14.28,173.9,252.8
b3pb10br3o13,liquid,7.03,350.8,1388.8
b3pb10br3o13,monoclinic,7.03,350.8,570.7
b3pb3no10,liquid,5.97,411.9,1461.5
b3pb3no10,orthorhombic,5.97,411.9,723.2
b3pb6bro10,liquid,7.03,350.8,1466.3
b3pb6bro10,orthorhombic,7.03,350.8,830.5
b3pb6clo10,liquid,7.25,339.9,1476.5
b3pb6clo10,orthorhombic,7.25,339.9,614.3
b3pd16,liquid,10.86,228.2,645.2
b3pd16,monoclinic,10.86,228.2,306.0
b3ru2,liquid,8.31,297.2,708.6
b3ru2,hexagonal,8.31,297.2,360.6
b4c,liquid,2.54,946.3,608.8
b4c,monoclinic,2.54,946.3,290.1
b4osw,liquid,12.47,198.9,681.3
b4osw,hexagonal,12.47,198.9,276.3
b4pbo7,liquid,5.85,420.4,1741.3
b4pbo7,orthorhombic,5.85,420.4,928.4
b4rh5,liquid,9.54,259.3,733.8
b4rh5,hexagonal,9.54,259.3,368.7
b5h12no12,liquid,1.52,1542.6,1379.9
b5h12no12,orthorhombic,1.52,1542.6,775.9
b5h4no8,liquid,1.9,1250.2,1536.2
b5h4no8,orthorhombic,1.9,1250.2,650.2
b5h5ci,liquid,1.67,1414.1,657.4
b5h5ci,monoclinic,1.67,1414.1,270.2
b5h6br,liquid,1.66,1423.9,671.6
b5h6br,monoclinic,1.66,1423.9,251.5
b5h7,liquid,0.96,2361.5,592.9
b5h7,monoclinic,0.96,2361.5,239.0
b5ir3w2,liquid,15.52,160.1,718.1
b5ir3w2,orthorhombic,15.52,160.1,379.3
b5pb2bro9,liquid,5.13,478.1,1691.2
b5pb2bro9,orthorhombic,5.13,478.1,740.2
b5pb2clo9,liquid,4.87,503.1,1703.9
b5pb2clo9,orthorhombic,4.87,503.1,880.5
b5pb2io9,liquid,5.38,455.9,1667.3
b5pb2io9,orthorhombic,5.38,455.9,855.7
b6as,liquid,3.59,677.5,644.1
b6as,trigonal,3.59,677.5,321.9
b6h10n,liquid,0.93,2436.9,675.9
b6h10n,cubic,0.93,2436.9,321.7
b6o,liquid,2.62,918.5,912.4
b6o,trigonal,2.62,918.5,495.7
b6p,liquid,2.61,923.4,696.8
b6p,trigonal,2.61,923.4,317.2
b8h4pbo15,liquid,3.06,790.7,1651.9
b8h4pbo15,monoclinic,3.06,790.7,797.3
b9h11,liquid,0.99,2294.8,594.1
b9h11,orthorhombic,0.99,2294.8,322.4
b9pb8o21f,liquid,6.32,389.5,1615.8
b9pb8o21f,trigonal,6.32,389.5,854.2
bas5(pb3o10)2,liquid,5.84,420.8,1369.0
bas5(pb3o10)2,tetragonal,5.84,420.8,593.0
baso4,liquid,3.62,672.4,1508.7
baso4,tetragonal,3.62,672.4,865.9
bbr3,liquid,3.16,766.7,967.4
bbr3,hexagonal,3.16,766.7,393.6
bcl(of2)2,liquid,2.2,1088.8,1426.5
bcl(of2)2,monoclinic,2.2,1088.8,734.0
bcl3,liquid,1.77,1337.7,1019.2
bcl3,hexagonal,1.77,1337.7,539.7
bclf6,liquid,2.5,962.1,1363.9
bclf6,monoclinic,2.5,962.1,727.2
bf3,liquid,2.18,1098.3,1867.4
bf3,triclinic,2.18,1098.3,854.2
bh(pbo2)2,liquid,6.19,397.7,1409.5
bh(pbo2)2,monoclinic,6.19,397.7,685.8
bh2of3,liquid,1.79,1319.5,1624.5
bh2of3,monoclinic,1.79,1319.5,852.3
bh3nf3,liquid,1.84,1285.7,1426.1
bh3nf3,orthorhombic,1.84,1285.7,686.4
bh3of4,liquid,1.95,1220.3,1578.7
bh3of4,triclinic,1.95,1220.3,612.5
bh4nf4,liquid,1.86,1274.9,1436.4
bh4nf4,orthorhombic,1.86,1274.9,788.2
bh4o2f3,liquid,1.87,1266.5,1480.1
bh4o2f3,monoclinic,1.87,1266.5,631.7
bh5(of2)2,liquid,1.79,1325.8,1467.6
bh5(of2)2,monoclinic,1.79,1325.8,571.3
bh6cn3f4,liquid,1.57,1494.5,1194.8
bh6cn3f4,trigonal,1.57,1494.5,535.1
bho2,liquid,2.1,1138.6,1566.2
bho2,monoclinic,2.1,1138.6,719.5
bhs3o11,liquid,2.24,1069.7,1352.8
bhs3o11,monoclinic,2.24,1069.7,737.8
bi3,liquid,3.79,643.1,706.3
bi3,hexagonal,3.79,643.1,389.4
bir,liquid,15.56,159.6,646.8
bir,hexagonal,15.56,159.6,308.2
birpd,liquid,13.75,180.5,686.9
birpd,orthorhombic,13.75,180.5,312.4
bmo,liquid,8.6,287.5,785.8
bmo,tetragonal,8.6,287.5,341.5
bn,liquid,2.25,1065.3,1185.8
bn,hexagonal,2.25,1065.3,533.9
bn(of2)2,liquid,2.09,1139.2,1494.4
bn(of2)2,monoclinic,2.09,1139.2,732.6
bnf8,liquid,2.47,972.3,1338.7
bnf8,tetragonal,2.47,972.3,718.8
bo2f3,liquid,1.96,1216.4,1501.3
bo2f3,monoclinic,1.96,1216.4,729.7
bos,liquid,16.11,154.3,672.6
bos,hexagonal,16.11,154.3,314.2
bp,liquid,2.98,811.3,767.5
bp,cubic,2.98,811.3,313.5
bp(ibr)3,liquid,3.37,719.6,847.2
bp(ibr)3,orthorhombic,3.37,719.6,474.1
bp(pbo2)4,liquid,7.45,331.1,1514.3
bp(pbo2)4,monoclinic,7.45,331.1,730.2
bpbr6,liquid,3.4,713.6,942.4
bpbr6,orthorhombic,3.4,713.6,371.8
bph4no4f,liquid,2.07,1151.1,1414.2
bph4no4f,cubic,2.07,1151.1,670.0
bpo4,liquid,2.8,862.6,1793.9
bpo4,tetragonal,2.8,862.6,782.1
bppbo5,liquid,5.54,443.0,1696.0
bppbo5,trigonal,5.54,443.0,837.7
bps4,liquid,1.99,1193.6,840.4
bps4,orthorhombic,1.99,1193.6,366.7
bpb2o3f,liquid,6.94,355.1,1570.1
bpb2o3f,hexagonal,6.94,355.1,614.1
bpb7br3o7,liquid,7.4,333.2,1306.2
bpb7br3o7,monoclinic,7.4,333.2,691.3
bpd2,liquid,9.72,254.6,673.9
bpd2,orthorhombic,9.72,254.6,324.9
bpd3,liquid,10.74,230.6,668.5
bpd3,orthorhombic,10.74,230.6,334.4
bpd5,liquid,10.81,229.2,649.3
bpd5,monoclinic,10.81,229.2,325.2
bpd6,liquid,10.95,226.3,637.9
bpd6,monoclinic,10.95,226.3,281.5
bpt2,liquid,17.33,143.4,642.4
bpt2,orthorhombic,17.33,143.4,249.1
brh,liquid,9.34,264.9,743.1
brh,hexagonal,9.34,264.9,355.8
bs2,liquid,1.84,1287.8,878.0
bs2,monoclinic,1.84,1287.8,477.3
bsbr,liquid,2.48,968.6,936.3
bsbr,monoclinic,2.48,968.6,360.6
bsf7,liquid,2.55,943.4,1685.6
bsf7,orthorhombic,2.55,943.4,942.0
bsbpbs4,liquid,4.41,554.4,864.8
bsbpbs4,monoclinic,4.41,554.4,478.7
bse2,liquid,3.6,674.8,637.7
bse2,monoclinic,3.6,674.8,311.2
bte3(of5)3,liquid,3.34,727.0,1604.5
bte3(of5)3,hexagonal,3.34,727.0,833.8
bw,liquid,15.59,159.4,711.9
bw,tetragonal,15.59,159.4,348.6
bw2,liquid,17.02,146.0,660.6
bw2,tetragonal,17.02,146.0,296.0
ba,liquid,3.51,692.8,595.0
ba,cubic,3.51,692.8,282.6
ba(ag3o2)2,liquid,7.24,340.4,923.6
ba(ag3o2)2,orthorhombic,7.24,340.4,470.6
ba(agge)2,liquid,7.18,343.5,699.5
ba(agge)2,tetragonal,7.18,343.5,319.9
ba(agsn)2,liquid,7.22,341.4,729.0
ba(agsn)2,tetragonal,7.22,341.4,333.7
ba(agte)2,liquid,6.62,371.7,978.7
ba(agte)2,orthorhombic,6.62,371.7,422.0
ba(alcl4)2,liquid,2.25,1065.2,1583.0
ba(alcl4)2,monoclinic,2.25,1065.2,856.7
ba(alga)2,liquid,4.87,502.7,718.8
ba(alga)2,tetragonal,4.87,502.7,316.3
ba(alge)2,liquid,4.62,529.3,728.5
ba(alge)2,orthorhombic,4.62,529.3,376.1
ba(als2)2,liquid,3.09,784.9,1339.6
ba(als2)2,cubic,3.09,784.9,563.6
ba(alse2)2,liquid,4.09,597.3,1260.6
ba(alse2)2,orthorhombic,4.09,597.3,673.7
ba(alsi)2,liquid,3.5,694.9,671.2
ba(alsi)2,orthorhombic,3.5,694.9,256.5
ba(alte2)2,liquid,4.58,534.2,1063.2
ba(alte2)2,tetragonal,4.58,534.2,534.5
ba(as3pt2)2,liquid,10.22,242.3,845.9
ba(as3pt2)2,monoclinic,10.22,242.3,320.5
ba(aso3)2,liquid,4.94,496.2,1535.0
ba(aso3)2,monoclinic,4.94,496.2,827.1
ba(aspd)2,liquid,7.77,317.8,900.5
ba(aspd)2,tetragonal,7.77,317.8,349.2
ba(asrh)2,liquid,7.6,324.7,915.5
ba(asrh)2,tetragonal,7.6,324.7,517.4
ba(asru)2,liquid,7.52,328.2,861.3
ba(asru)2,tetragonal,7.52,328.2,364.5
ba(auf4)2,liquid,6.34,388.1,1544.5
ba(auf4)2,tetragonal,6.34,388.1,615.0
ba(auf6)2,liquid,4.4,555.2,1354.3
ba(auf6)2,cubic,4.4,555.2,653.8
ba(auo2)2,liquid,9.1,271.8,1200.5
ba(auo2)2,tetragonal,9.1,271.8,633.9
ba(b2pt3)2,liquid,12.68,195.7,741.2
ba(b2pt3)2,trigonal,12.68,195.7,374.0
ba(bh)12,liquid,1.7,1390.1,752.6
ba(bh)12,trigonal,1.7,1390.1,359.0
ba(bh4)2,liquid,2.17,1099.5,780.6
ba(bh4)2,orthorhombic,2.17,1099.5,397.4
ba(bir)2,liquid,10.07,245.9,775.0
ba(bir)2,tetragonal,10.07,245.9,292.7
ba(bo2)2,liquid,3.69,659.9,1943.6
ba(bo2)2,trigonal,3.69,659.9,845.9
ba(brh)2,liquid,6.88,358.1,760.3
ba(brh)2,tetragonal,6.88,358.1,417.4
ba(bs2)2,liquid,3.13,774.9,1123.1
ba(bs2)2,monoclinic,3.13,774.9,536.8
ba(bse3)2,liquid,4.54,538.9,950.7
ba(bse3)2,orthorhombic,4.54,538.9,427.2
ba(ben)2,liquid,4.48,546.0,1048.6
ba(ben)2,tetragonal,4.48,546.0,478.3
ba(bipd)2,liquid,9.57,258.5,839.1
ba(bipd)2,monoclinic,9.57,258.5,367.9
ba(bis2)2,liquid,5.9,416.9,1080.1
ba(bis2)2,hexagonal,5.9,416.9,424.8
ba(brf4)2,liquid,4.01,608.7,1497.1
ba(brf4)2,tetragonal,4.01,608.7,728.0
ba(bro3)2,liquid,4.0,609.2,1075.5
ba(bro3)2,monoclinic,4.0,609.2,425.2
ba(cd2pt)2,liquid,10.14,244.1,746.1
ba(cd2pt)2,tetragonal,10.14,244.1,410.0
ba(cdas)2,liquid,6.09,404.2,826.7
ba(cdas)2,trigonal,6.09,404.2,345.3
ba(cdge)2,liquid,6.66,369.9,701.5
ba(cdge)2,tetragonal,6.66,369.9,331.4
ba(cdp)2,liquid,5.42,452.6,804.3
ba(cdp)2,trigonal,5.42,452.6,440.8
ba(cdsb)2,liquid,6.1,403.4,821.8
ba(cdsb)2,trigonal,6.1,403.4,405.3
ba(clo4)2,liquid,3.65,666.0,1049.8
ba(clo4)2,orthorhombic,3.65,666.0,455.5
ba(coas)2,liquid,6.78,363.5,820.8
ba(coas)2,tetragonal,6.78,363.5,448.8
ba(coge)2,liquid,6.74,365.4,715.8
ba(coge)2,tetragonal,6.74,365.4,341.3
ba(con)2,liquid,5.69,431.9,774.8
ba(con)2,tetragonal,5.69,431.9,300.3
ba(cosn4)2,liquid,7.22,341.7,651.2
ba(cosn4)2,orthorhombic,7.22,341.7,347.9
ba(cr5s8)2,liquid,3.78,643.7,1059.6
ba(cr5s8)2,triclinic,3.78,643.7,510.1
ba(cu2as)4,liquid,7.33,336.6,646.5
ba(cu2as)4,tetragonal,7.33,336.6,297.5
ba(cu2p)4,liquid,6.46,381.3,678.4
ba(cu2p)4,tetragonal,6.46,381.3,328.3
ba(cuas)2,liquid,6.58,374.2,779.2
ba(cuas)2,tetragonal,6.58,374.2,297.3
ba(cuo)2,liquid,5.91,416.2,1277.5
ba(cuo)2,tetragonal,5.91,416.2,681.2
ba(cup2)2,liquid,4.9,500.5,759.1
ba(cup2)2,orthorhombic,4.9,500.5,362.7
ba(cus)2,liquid,5.62,436.7,1057.0
ba(cus)2,orthorhombic,5.62,436.7,521.8
ba(cusb)2,liquid,7.12,346.5,794.1
ba(cusb)2,tetragonal,7.12,346.5,345.7
ba(dys2)2,liquid,5.43,452.2,1639.2
ba(dys2)2,orthorhombic,5.43,452.2,728.6
ba(dyse2)2,liquid,6.34,388.2,1558.0
ba(dyse2)2,orthorhombic,6.34,388.2,901.5
ba(dyte2)2,liquid,6.42,383.3,1350.5
ba(dyte2)2,orthorhombic,6.42,383.3,531.1
ba(ers2)2,liquid,5.63,436.3,1641.2
ba(ers2)2,orthorhombic,5.63,436.3,788.2
ba(erse2)2,liquid,6.54,376.6,1556.6
ba(erse2)2,orthorhombic,6.54,376.6,774.2
ba(erte2)2,liquid,6.59,373.6,1345.5
ba(erte2)2,orthorhombic,6.59,373.6,528.1
ba(feas)2,liquid,6.12,402.1,843.4
ba(feas)2,orthorhombic,6.12,402.1,436.8
ba(feas)2,liquid,6.76,364.5,801.8
ba(feas)2,tetragonal,6.76,364.5,352.4
ba(febr4)2,liquid,3.41,711.8,1170.9
ba(febr4)2,orthorhombic,3.41,711.8,563.2
ba(feo2)2,liquid,4.7,520.8,1490.1
ba(feo2)2,orthorhombic,4.7,520.8,828.6
ba(fep)2,liquid,5.8,424.1,915.3
ba(fep)2,tetragonal,5.8,424.1,370.8
ba(fesb3)4,liquid,7.65,322.5,691.7
ba(fesb3)4,cubic,7.65,322.5,334.6
ba(gaas)2,liquid,5.36,458.2,840.7
ba(gaas)2,monoclinic,5.36,458.2,412.7
ba(gah)2,liquid,5.24,468.2,775.9
ba(gah)2,trigonal,5.24,468.2,316.0
ba(gao2)2,liquid,4.92,497.7,1725.9
ba(gao2)2,hexagonal,4.92,497.7,756.2
ba(gap)2,liquid,4.58,534.7,844.9
ba(gap)2,monoclinic,4.58,534.7,464.3
ba(gapt)2,liquid,9.61,257.5,916.1
ba(gapt)2,monoclinic,9.61,257.5,434.4
ba(gas2)2,liquid,3.87,629.2,1207.7
ba(gas2)2,cubic,3.87,629.2,677.7
ba(gasb)2,liquid,5.79,424.4,822.2
ba(gasb)2,orthorhombic,5.79,424.4,332.7
ba(gase2)2,liquid,4.75,515.9,1163.4
ba(gase2)2,orthorhombic,4.75,515.9,555.7
ba(gate2)2,liquid,5.17,474.0,1011.6
ba(gate2)2,tetragonal,5.17,474.0,546.5
ba(gdse2)2,liquid,6.09,403.7,1564.4
ba(gdse2)2,orthorhombic,6.09,403.7,782.0
ba(gdte2)2,liquid,6.21,396.3,1364.3
ba(gdte2)2,orthorhombic,6.21,396.3,717.7
ba(ge3pt)4,liquid,8.95,276.1,716.2
ba(ge3pt)4,cubic,8.95,276.1,359.0
ba(geas)2,liquid,5.31,462.4,773.8
ba(geas)2,tetragonal,5.31,462.4,368.1
ba(geau)2,liquid,9.79,252.8,770.6
ba(geau)2,tetragonal,9.79,252.8,291.3
ba(gep)2,liquid,4.54,538.9,776.3
ba(gep)2,tetragonal,4.54,538.9,412.8
ba(gerh)2,liquid,7.51,328.4,883.8
ba(gerh)2,tetragonal,7.51,328.4,442.7
ba(geru)2,liquid,7.41,332.7,761.7
ba(geru)2,orthorhombic,7.41,332.7,324.1
ba(h2o3)2,liquid,2.82,855.7,1160.9
ba(h2o3)2,monoclinic,2.82,855.7,586.1
ba(h8o5)2,liquid,2.24,1068.5,1178.3
ba(h8o5)2,monoclinic,2.24,1068.5,566.2
ba(ho)2,liquid,4.56,536.7,1475.7
ba(ho)2,monoclinic,4.56,536.7,632.3
ba(hos2)2,liquid,5.53,444.4,1639.1
ba(hos2)2,orthorhombic,5.53,444.4,946.1
ba(hote2)2,liquid,6.51,378.3,1346.9
ba(hote2)2,orthorhombic,6.51,378.3,776.6
ba(io3)2,liquid,4.86,503.7,1245.8
ba(io3)2,monoclinic,4.86,503.7,510.0
ba(inau)2,liquid,9.56,258.8,795.9
ba(inau)2,orthorhombic,9.56,258.8,446.7
ba(inp)2,liquid,5.03,487.0,800.7
ba(inp)2,monoclinic,5.03,487.0,369.2
ba(inpt)2,liquid,10.28,240.8,848.0
ba(inpt)2,tetragonal,10.28,240.8,330.3
ba(ins2)2,liquid,4.1,595.8,1163.7
ba(ins2)2,orthorhombic,4.1,595.8,475.9
ba(inse2)2,liquid,4.9,499.8,1136.0
ba(inse2)2,orthorhombic,4.9,499.8,581.3
ba(inte2)2,liquid,5.3,462.9,1008.0
ba(inte2)2,orthorhombic,5.3,462.9,520.2
ba(iro3)2,liquid,7.28,338.9,1318.9
ba(iro3)2,trigonal,7.28,338.9,679.5
ba(lus2)2,liquid,5.94,413.8,1637.1
ba(lus2)2,orthorhombic,5.94,413.8,861.8
ba(luse2)2,liquid,6.84,360.1,1547.9
ba(luse2)2,orthorhombic,6.84,360.1,781.4
ba(lute2)2,liquid,6.85,359.9,1332.0
ba(lute2)2,orthorhombic,6.85,359.9,674.4
ba(mgas)2,liquid,4.1,594.6,967.9
ba(mgas)2,trigonal,4.1,594.6,425.7
ba(mgbi)2,liquid,5.79,424.3,816.4
ba(mgbi)2,trigonal,5.79,424.3,352.0
ba(mgge)2,liquid,4.43,551.5,756.6
ba(mgge)2,tetragonal,4.43,551.5,283.9
ba(mgp)2,liquid,3.26,744.7,963.1
ba(mgp)2,trigonal,3.26,744.7,386.5
ba(mgpb)2,liquid,6.53,377.0,713.6
ba(mgpb)2,tetragonal,6.53,377.0,279.4
ba(mgsb)2,liquid,4.36,560.8,925.1
ba(mgsb)2,trigonal,4.36,560.8,454.9
ba(mgsi)2,liquid,3.36,722.7,682.9
ba(mgsi)2,tetragonal,3.36,722.7,325.9
ba(mgsn)2,liquid,4.77,513.3,762.4
ba(mgsn)2,tetragonal,4.77,513.3,416.7
ba(mnas)2,liquid,5.42,452.8,849.2
ba(mnas)2,tetragonal,5.42,452.8,334.2
ba(mnp)2,liquid,5.43,452.2,892.5
ba(mnp)2,tetragonal,5.43,452.2,340.3
ba(mon2)2,liquid,5.46,449.8,855.0
ba(mon2)2,cubic,5.46,449.8,326.1
ba(no3)2,liquid,3.2,756.9,1265.6
ba(no3)2,cubic,3.2,756.9,537.5
ba(nbn2)2,liquid,5.3,463.1,1047.2
ba(nbn2)2,cubic,5.3,463.1,478.6
ba(nds2)2,liquid,4.73,518.0,1619.1
ba(nds2)2,orthorhombic,4.73,518.0,708.6
ba(ni2b)6,liquid,7.59,325.0,690.0
ba(ni2b)6,trigonal,7.59,325.0,356.1
ba(nias)2,liquid,6.66,369.6,843.8
ba(nias)2,tetragonal,6.66,369.6,376.3
ba(nip)2,liquid,5.69,431.4,898.4
ba(nip)2,tetragonal,5.69,431.4,396.8
ba(nip2)2,liquid,5.1,480.9,844.4
ba(nip2)2,orthorhombic,5.1,480.9,434.9
ba(p2au)2,liquid,6.63,371.6,763.2
ba(p2au)2,orthorhombic,6.63,371.6,339.3
ba(p2pd)2,liquid,5.63,436.5,848.8
ba(p2pd)2,tetragonal,5.63,436.5,397.2
ba(pir)2,liquid,9.62,257.3,930.5
ba(pir)2,tetragonal,9.62,257.3,375.4
ba(pn2)2,liquid,4.7,521.2,1017.1
ba(pn2)2,cubic,4.7,521.2,414.7
ba(po3)2,liquid,3.87,629.7,1891.4
ba(po3)2,monoclinic,3.87,629.7,736.6
ba(pos)2,liquid,9.48,261.0,851.8
ba(pos)2,tetragonal,9.48,261.0,420.0
ba(ppd)2,liquid,6.49,379.2,908.6
ba(ppd)2,tetragonal,6.49,379.2,366.0
ba(prh)2,liquid,6.74,365.4,979.5
ba(prh)2,tetragonal,6.74,365.4,520.2
ba(pru)2,liquid,6.65,370.6,973.5
ba(pru)2,tetragonal,6.65,370.6,385.0
ba(pdo2)2,liquid,6.66,369.8,1233.3
ba(pdo2)2,tetragonal,6.66,369.8,509.1
ba(pds2)2,liquid,5.02,488.0,1056.1
ba(pds2)2,monoclinic,5.02,488.0,560.6
ba(rhpb2)3,liquid,10.83,228.8,659.2
ba(rhpb2)3,orthorhombic,10.83,228.8,269.1
ba(sb3os)4,liquid,9.42,262.7,685.2
ba(sb3os)4,cubic,9.42,262.7,349.4
ba(sb3ru)4,liquid,8.06,306.5,759.1
ba(sb3ru)4,cubic,8.06,306.5,351.8
ba(sbo3)2,liquid,5.54,443.4,1619.6
ba(sbo3)2,trigonal,5.54,443.4,827.5
ba(sbpd)2,liquid,8.0,308.5,946.1
ba(sbpd)2,tetragonal,8.0,308.5,409.2
ba(sbs2)2,liquid,4.39,556.4,1054.2
ba(sbs2)2,monoclinic,4.39,556.4,436.5
ba(sbse2)2,liquid,5.32,461.2,1029.6
ba(sbse2)2,monoclinic,5.32,461.2,501.7
ba(scte2)2,liquid,5.36,457.8,1289.0
ba(scte2)2,orthorhombic,5.36,457.8,709.5
ba(si3n4)2,liquid,3.85,632.3,1141.1
ba(si3n4)2,orthorhombic,3.85,632.3,630.7
ba(siir)2,liquid,9.27,266.7,921.4
ba(siir)2,monoclinic,9.27,266.7,453.7
ba(sini)2,liquid,5.21,471.2,787.4
ba(sini)2,orthorhombic,5.21,471.2,428.5
ba(sirh)2,liquid,6.45,381.5,928.8
ba(sirh)2,monoclinic,6.45,381.5,442.2
ba(sms2)2,liquid,4.96,494.1,1629.0
ba(sms2)2,orthorhombic,4.96,494.1,929.7
ba(smse2)2,liquid,5.87,418.8,1556.3
ba(smse2)2,orthorhombic,5.87,418.8,730.7
ba(smte2)2,liquid,6.01,409.3,1357.8
ba(smte2)2,orthorhombic,6.01,409.3,530.0
ba(sn2ru)3,liquid,7.83,315.3,686.4
ba(sn2ru)3,orthorhombic,7.83,315.3,316.3
ba(tan2)2,liquid,7.64,323.0,1126.2
ba(tan2)2,cubic,7.64,323.0,623.4
ba(tbs2)2,liquid,5.3,462.5,1639.4
ba(tbs2)2,orthorhombic,5.3,462.5,776.6
ba(tbte2)2,liquid,6.32,389.7,1354.1
ba(tbte2)2,orthorhombic,6.32,389.7,758.3
ba(tms2)2,liquid,5.72,429.8,1639.8
ba(tms2)2,orthorhombic,5.72,429.8,786.0
ba(tmse2)2,liquid,6.62,371.9,1553.3
ba(tmse2)2,orthorhombic,6.62,371.9,652.8
ba(tmte2)2,liquid,6.67,369.3,1340.0
ba(tmte2)2,orthorhombic,6.67,369.3,761.0
ba(vn2)2,liquid,4.5,543.7,1051.1
ba(vn2)2,cubic,4.5,543.7,422.7
ba(ys2)2,liquid,4.06,601.4,1636.8
ba(ys2)2,orthorhombic,4.06,601.4,864.5
ba(yse2)2,liquid,5.12,479.1,1558.3
ba(yse2)2,orthorhombic,5.12,479.1,751.2
ba(yte2)2,liquid,5.43,452.3,1354.5
ba(yte2)2,orthorhombic,5.43,452.3,763.0
ba(znas)2,liquid,5.94,413.7,852.9
ba(znas)2,orthorhombic,5.94,413.7,401.9
ba(znge)2,liquid,6.32,389.4,724.0
ba(znge)2,tetragonal,6.32,389.4,352.2
ba(znp)2,liquid,5.11,479.5,842.1
ba(znp)2,tetragonal,5.11,479.5,400.5
ba(znsb)2,liquid,6.06,405.9,824.0
ba(znsb)2,orthorhombic,6.06,405.9,429.1
ba(znsi)2,liquid,5.24,468.6,671.1
ba(znsi)2,tetragonal,5.24,468.6,333.3
ba(znsn)2,liquid,6.51,378.1,737.1
ba(znsn)2,tetragonal,6.51,378.1,353.0
ba10ce(bi3o10)3,liquid,7.43,331.9,1616.5
ba10ce(bi3o10)3,triclinic,7.43,331.9,810.6
ba10ibr4n5,liquid,5.08,482.3,1165.0
ba10ibr4n5,trigonal,5.08,482.3,477.0
ba10li2bi4o21,liquid,6.36,386.8,1615.6
ba10li2bi4o21,orthorhombic,6.36,386.8,753.2
ba10nd4y(moo6)5,liquid,6.22,395.5,1901.8
ba10nd4y(moo6)5,triclinic,6.22,395.5,987.3
ba10p6so24,liquid,4.52,541.3,2017.2
ba10p6so24,trigonal,4.52,541.3,869.6
ba11(cd4bi7)2,liquid,7.12,346.0,838.1
ba11(cd4bi7)2,triclinic,7.12,346.0,345.2
ba11(oso6)4,liquid,6.73,365.8,1685.8
ba11(oso6)4,tetragonal,6.73,365.8,766.4
ba11b26p2(h3o29)2,liquid,3.69,660.2,1866.5
ba11b26p2(h3o29)2,monoclinic,3.69,660.2,728.8
ba11bi10,liquid,6.68,368.6,950.7
ba11bi10,tetragonal,6.68,368.6,426.3
ba11in6o3,liquid,5.47,448.7,1052.6
ba11in6o3,tetragonal,5.47,448.7,420.3
ba12na15li8n6,liquid,2.43,989.9,670.3
ba12na15li8n6,trigonal,2.43,989.9,358.8
ba13bi11o36,liquid,7.41,332.9,1566.4
ba13bi11o36,triclinic,7.41,332.9,894.6
ba13ca2re9(clo15)3,liquid,5.88,418.0,1801.5
ba13ca2re9(clo15)3,trigonal,5.88,418.0,927.5
ba13dy8zn4pt4o37,liquid,7.58,325.7,1825.6
ba13dy8zn4pt4o37,tetragonal,7.58,325.7,769.5
ba13si6(sn4as11)2,liquid,5.12,478.7,854.8
ba13si6(sn4as11)2,tetragonal,5.12,478.7,413.2
ba14alsb11,liquid,5.18,473.3,1050.0
ba14alsb11,tetragonal,5.18,473.3,478.1
ba14ir8(pdo11)3,liquid,7.67,321.9,1502.3
ba14ir8(pdo11)3,monoclinic,7.67,321.9,691.6
ba14mnbi11,liquid,6.4,384.7,945.2
ba14mnbi11,tetragonal,6.4,384.7,515.4
ba14na14can6,liquid,2.73,882.8,692.5
ba14na14can6,cubic,2.73,882.8,336.6
ba14na14lin6,liquid,2.71,889.2,683.7
ba14na14lin6,cubic,2.71,889.2,265.9
ba14na7can6,liquid,3.09,784.9,726.0
ba14na7can6,trigonal,3.09,784.9,325.2
ba15(zrse3)14,liquid,5.21,470.7,1423.7
ba15(zrse3)14,trigonal,5.21,470.7,750.9
ba16nb5n19,liquid,5.54,443.0,1008.0
ba16nb5n19,triclinic,5.54,443.0,555.7
ba16re6o37,liquid,6.51,378.3,1806.5
ba16re6o37,monoclinic,6.51,378.3,708.9
ba16zn9ge80pd3,liquid,5.69,432.0,688.9
ba16zn9ge80pd3,monoclinic,5.69,432.0,373.5
ba17er16zn8pt4o57,liquid,7.88,313.2,1901.8
ba17er16zn8pt4o57,tetragonal,7.88,313.2,913.3
ba17ho16zn8pt4o57,liquid,7.79,317.1,1897.4
ba17ho16zn8pt4o57,tetragonal,7.79,317.1,926.5
ba17srsm12cl68,liquid,3.98,613.1,1810.9
ba17srsm12cl68,tetragonal,3.98,613.1,883.6
ba17tm16zn8pt4o57,liquid,7.98,309.5,1906.4
ba17tm16zn8pt4o57,tetragonal,7.98,309.5,1021.6
ba17y16zn8pt4o57,liquid,6.39,385.0,1883.2
ba17y16zn8pt4o57,tetragonal,6.39,385.0,748.3
ba2(alag)5,liquid,5.92,415.0,673.9
ba2(alag)5,orthorhombic,5.92,415.0,301.9
ba2(cuo2)3,liquid,5.17,474.0,1354.5
ba2(cuo2)3,monoclinic,5.17,474.0,581.8
ba2(inas)5,liquid,5.82,422.2,785.8
ba2(inas)5,orthorhombic,5.82,422.2,381.3
ba2(iro3)3,liquid,7.73,319.3,1392.2
ba2(iro3)3,cubic,7.73,319.3,715.6
ba2(mo2s3)3,liquid,5.24,467.8,1140.4
ba2(mo2s3)3,hexagonal,5.24,467.8,463.3
ba2(snsb2)3,liquid,5.91,415.8,784.9
ba2(snsb2)3,orthorhombic,5.91,415.8,343.8
ba20as13,liquid,4.86,504.2,1029.6
ba20as13,orthorhombic,4.86,504.2,397.8
ba20ga5ru7o44,liquid,5.9,416.8,1678.0
ba20ga5ru7o44,monoclinic,5.9,416.8,841.5
ba20ru11pto48,liquid,6.03,408.0,1586.0
ba20ru11pto48,monoclinic,6.03,408.0,872.7
ba21(cd2bi9)2,liquid,6.61,372.7,934.0
ba21(cd2bi9)2,orthorhombic,6.61,372.7,486.7
ba21(cd2sb9)2,liquid,5.43,451.8,1025.1
ba21(cd2sb9)2,orthorhombic,5.43,451.8,448.7
ba21al40,liquid,3.87,629.0,659.5
ba21al40,trigonal,3.87,629.0,342.4
ba2alcu2f11,liquid,4.64,527.2,2009.4
ba2alcu2f11,trigonal,4.64,527.2,1074.4
ba2alh7,liquid,3.59,677.2,788.6
ba2alh7,monoclinic,3.59,677.2,318.1
ba2alino5,liquid,5.41,453.4,1842.8
ba2alino5,hexagonal,5.41,453.4,1003.7
ba2as2o7,liquid,4.82,507.7,1677.9
ba2as2o7,triclinic,4.82,507.7,684.6
ba2as2s5,liquid,3.92,622.2,1166.0
ba2as2s5,orthorhombic,3.92,622.2,608.1
ba2as2se5,liquid,4.98,492.5,1132.7
ba2as2se5,monoclinic,4.98,492.5,559.8
ba2as6o11,liquid,4.65,526.7,1478.3
ba2as6o11,triclinic,4.65,526.7,852.2
ba2asau,liquid,7.03,350.7,975.8
ba2asau,cubic,7.03,350.7,448.1
ba2b11h7o22,liquid,2.77,869.6,1706.8
ba2b11h7o22,triclinic,2.77,869.6,832.1
ba2b2ash3f18,liquid,3.12,776.7,1906.2
ba2b2ash3f18,hexagonal,3.12,776.7,790.4
ba2b2o5,liquid,4.33,564.8,1963.7
ba2b2o5,monoclinic,4.33,564.8,1019.8
ba2b4se13,liquid,4.61,531.3,944.4
ba2b4se13,monoclinic,4.61,531.3,412.1
ba2b5bro9,liquid,3.82,638.0,1903.6
ba2b5bro9,orthorhombic,3.82,638.0,1072.3
ba2b5clo9,liquid,3.7,657.1,1925.5
ba2b5clo9,orthorhombic,3.7,657.1,943.9
ba2b5ho10,liquid,3.73,652.9,1868.8
ba2b5ho10,monoclinic,3.73,652.9,1017.0
ba2b6pbo12,liquid,4.19,583.1,1856.6
ba2b6pbo12,trigonal,4.19,583.1,874.0
ba2bn2cl,liquid,4.22,578.8,1286.0
ba2bn2cl,cubic,4.22,578.8,589.8
ba2bi2o5,liquid,7.52,328.0,1579.8
ba2bi2o5,monoclinic,7.52,328.0,748.1
ba2bi2se3o2,liquid,6.36,386.8,1370.5
ba2bi2se3o2,monoclinic,6.36,386.8,540.6
ba2bi3,liquid,7.54,327.3,894.8
ba2bi3,orthorhombic,7.54,327.3,506.4
ba2biau,liquid,7.65,322.6,939.4
ba2biau,cubic,7.65,322.6,516.8
ba2bisbo6,liquid,7.17,344.0,1653.9
ba2bisbo6,monoclinic,7.17,344.0,948.6
ba2br2o,liquid,4.62,529.5,1797.5
ba2br2o,orthorhombic,4.62,529.5,998.1
ba2brn,liquid,5.12,478.5,1185.2
ba2brn,trigonal,5.12,478.5,649.9
ba2ca(bo2)6,liquid,3.45,703.6,1951.3
ba2ca(bo2)6,trigonal,3.45,703.6,875.1
ba2ca(bo3)2,liquid,4.67,524.2,2001.1
ba2ca(bo3)2,monoclinic,4.67,524.2,826.7
ba2ca(pdo2)3,liquid,6.16,399.2,1458.6
ba2ca(pdo2)3,orthorhombic,6.16,399.2,835.7
ba2caco2cuf14,liquid,4.48,545.9,1912.1
ba2caco2cuf14,monoclinic,4.48,545.9,980.1
ba2cacr2cuf14,liquid,4.59,533.0,2087.9
ba2cacr2cuf14,monoclinic,4.59,533.0,1163.2
ba2cacu3f14,liquid,4.61,531.3,1851.0
ba2cacu3f14,monoclinic,4.61,531.3,944.9
ba2caga2cuf14,liquid,4.82,508.1,2070.4
ba2caga2cuf14,monoclinic,4.82,508.1,1096.1
ba2cairo6,liquid,6.6,373.2,1691.8
ba2cairo6,cubic,6.6,373.2,733.2
ba2camgal2f14,liquid,4.05,601.8,2368.8
ba2camgal2f14,monoclinic,4.05,601.8,1170.1
ba2camn2cuf14,liquid,4.38,558.6,2035.9
ba2camn2cuf14,monoclinic,4.38,558.6,826.7
ba2camnv2f14,liquid,4.41,554.7,2187.5
ba2camnv2f14,monoclinic,4.41,554.7,892.2
ba2camon4,liquid,4.92,498.1,1045.1
ba2camon4,orthorhombic,4.92,498.1,585.7
ba2camoo6,liquid,5.48,448.1,1856.0
ba2camoo6,cubic,5.48,448.1,749.7
ba2caoso6,liquid,6.61,372.4,1756.6
ba2caoso6,cubic,6.61,372.4,966.2
ba2cap4(h3o8)2,liquid,3.42,710.0,1702.8
ba2cap4(h3o8)2,monoclinic,3.42,710.0,973.9
ba2careo6,liquid,6.67,369.5,1862.1
ba2careo6,tetragonal,6.67,369.5,990.0
ba2caseo6,liquid,5.66,433.8,1697.4
ba2caseo6,cubic,5.66,433.8,938.3
ba2casi4(bo7)2,liquid,3.51,692.2,2040.6
ba2casi4(bo7)2,tetragonal,3.51,692.2,957.8
ba2cateo6,liquid,5.8,423.4,1804.1
ba2cateo6,cubic,5.8,423.4,796.9
ba2cauo6,liquid,6.39,385.2,2147.7
ba2cauo6,monoclinic,6.39,385.2,965.1
ba2cav2cof14,liquid,4.27,571.9,2143.0
ba2cav2cof14,monoclinic,4.27,571.9,939.2
ba2cav2cuf14,liquid,4.24,575.9,2115.4
ba2cav2cuf14,monoclinic,4.24,575.9,1005.9
ba2cav2fef14,liquid,4.24,576.6,2162.4
ba2cav2fef14,monoclinic,4.24,576.6,1152.4
ba2cawo6,liquid,6.38,385.9,1914.7
ba2cawo6,monoclinic,6.38,385.9,923.1
ba2cd,liquid,4.52,541.0,651.4
ba2cd,tetragonal,4.52,541.0,268.6
ba2cd(bo2)6,liquid,3.98,613.2,1853.0
ba2cd(bo2)6,trigonal,3.98,613.2,1045.9
ba2cd(bo3)2,liquid,5.29,463.7,1817.0
ba2cd(bo3)2,monoclinic,5.29,463.7,1054.9
ba2cd2sb3,liquid,5.9,416.6,892.6
ba2cd2sb3,monoclinic,5.9,416.6,422.3
ba2cdas2,liquid,5.36,457.5,968.8
ba2cdas2,orthorhombic,5.36,457.5,431.4
ba2cdge2o7,liquid,5.1,481.0,1677.1
ba2cdge2o7,tetragonal,5.1,481.0,709.1
ba2cdmoo6,liquid,6.32,389.5,1661.2
ba2cdmoo6,cubic,6.32,389.5,939.0
ba2cdoso6,liquid,7.42,332.3,1550.4
ba2cdoso6,cubic,7.42,332.3,782.4
ba2cdp4(h3o8)2,liquid,3.67,662.9,1627.3
ba2cdp4(h3o8)2,monoclinic,3.67,662.9,675.9
ba2cdpb,liquid,6.29,391.1,765.3
ba2cdpb,cubic,6.29,391.1,305.8
ba2cds3,liquid,4.65,526.3,1382.3
ba2cds3,orthorhombic,4.65,526.3,534.1
ba2ce3si3o12f,liquid,5.27,465.3,2127.5
ba2ce3si3o12f,hexagonal,5.27,465.3,1042.1
ba2ce3si3o12f,liquid,5.16,475.5,2172.9
ba2ce3si3o12f,hexagonal,5.16,475.5,980.1
ba2cec3o9f,liquid,4.54,538.4,1818.4
ba2cec3o9f,monoclinic,4.54,538.4,1031.1
ba2cepao6,liquid,6.66,369.6,2188.2
ba2cepao6,cubic,6.66,369.6,1141.1
ba2cepbo6,liquid,6.98,353.0,1843.2
ba2cepbo6,trigonal,6.98,353.0,809.7
ba2cepto6,liquid,7.6,324.8,1810.2
ba2cepto6,cubic,7.6,324.8,858.9
ba2cesno6,liquid,6.44,382.3,1952.1
ba2cesno6,cubic,6.44,382.3,902.3
ba2cetao6,liquid,7.06,349.0,2117.8
ba2cetao6,monoclinic,7.06,349.0,921.4
ba2coge2o7,liquid,4.82,508.1,1671.2
ba2coge2o7,tetragonal,4.82,508.1,789.2
ba2comoo6,liquid,6.31,390.3,1658.5
ba2comoo6,cubic,6.31,390.3,929.5
ba2coo4,liquid,5.51,445.5,1598.0
ba2coo4,monoclinic,5.51,445.5,821.3
ba2cose2(clo3)2,liquid,4.79,511.7,1491.8
ba2cose2(clo3)2,orthorhombic,4.79,511.7,622.6
ba2cosi2o7,liquid,4.39,556.9,1926.7
ba2cosi2o7,tetragonal,4.39,556.9,953.4
ba2cowo6,liquid,7.3,338.1,1709.3
ba2cowo6,cubic,7.3,338.1,935.5
ba2crmoo6,liquid,6.37,386.2,1747.1
ba2crmoo6,cubic,6.37,386.2,804.5
ba2crn3,liquid,5.53,444.2,993.1
ba2crn3,orthorhombic,5.53,444.2,526.6
ba2cro4,liquid,5.41,453.6,1779.4
ba2cro4,orthorhombic,5.41,453.6,977.5
ba2cu(po3)6,liquid,3.48,698.1,1782.7
ba2cu(po3)6,monoclinic,3.48,698.1,698.2
ba2cu(po4)2,liquid,4.19,583.2,1843.6
ba2cu(po4)2,monoclinic,4.19,583.2,881.2
ba2cu2o5,liquid,5.17,474.3,1416.8
ba2cu2o5,orthorhombic,5.17,474.3,629.0
ba2cu2te4br2o11,liquid,5.54,443.5,1352.1
ba2cu2te4br2o11,triclinic,5.54,443.5,526.4
ba2cu3(bro2)2,liquid,4.87,503.5,1355.8
ba2cu3(bro2)2,tetragonal,4.87,503.5,755.5
ba2cu3(clo2)2,liquid,4.47,546.5,1401.4
ba2cu3(clo2)2,tetragonal,4.47,546.5,794.8
ba2cu3p4,liquid,5.43,452.1,816.5
ba2cu3p4,orthorhombic,5.43,452.1,394.6
ba2cubro2,liquid,4.63,528.1,1614.6
ba2cubro2,trigonal,4.63,528.1,687.6
ba2cuclo2,liquid,4.32,566.0,1652.4
ba2cuclo2,trigonal,4.32,566.0,770.8
ba2cuf6,liquid,5.47,448.4,2076.3
ba2cuf6,orthorhombic,5.47,448.4,832.6
ba2cuio2,liquid,4.75,516.0,1553.9
ba2cuio2,monoclinic,4.75,516.0,703.1
ba2cumo2f14,liquid,4.26,574.0,1928.5
ba2cumo2f14,monoclinic,4.26,574.0,953.3
ba2cuo3,liquid,6.18,397.8,1578.8
ba2cuo3,orthorhombic,6.18,397.8,631.6
ba2cuoso6,liquid,7.16,344.1,1500.3
ba2cuoso6,tetragonal,7.16,344.1,867.0
ba2cuteo6,liquid,6.57,375.1,1529.9
ba2cuteo6,monoclinic,6.57,375.1,621.9
ba2dy(cuo2)4,liquid,6.54,376.7,1477.1
ba2dy(cuo2)4,orthorhombic,6.54,376.7,636.1
ba2dybio6,liquid,7.47,330.2,1822.5
ba2dybio6,cubic,7.47,330.2,869.2
ba2dycl7,liquid,4.01,608.3,1841.7
ba2dycl7,monoclinic,4.01,608.3,965.1
ba2dymoo6,liquid,6.79,362.8,1916.5
ba2dymoo6,cubic,6.79,362.8,1105.4
ba2dynbo6,liquid,6.63,371.5,2106.4
ba2dynbo6,cubic,6.63,371.5,1222.2
ba2dypao6,liquid,7.28,338.7,2233.8
ba2dypao6,cubic,7.28,338.7,1165.6
ba2dysbo6,liquid,7.02,350.9,1941.5
ba2dysbo6,cubic,7.02,350.9,994.3
ba2dytao6,liquid,7.64,323.1,2160.8
ba2dytao6,cubic,7.64,323.1,1087.7
ba2dyuo6,liquid,7.65,322.7,2195.3
ba2dyuo6,cubic,7.65,322.7,1195.0
ba2er(cuo2)4,liquid,6.61,372.5,1478.7
ba2er(cuo2)4,orthorhombic,6.61,372.5,729.5
ba2ercl7,liquid,4.07,600.0,1839.4
ba2ercl7,monoclinic,4.07,600.0,716.1
ba2ermoo6,liquid,6.95,354.7,1925.4
ba2ermoo6,cubic,6.95,354.7,832.4
ba2ernbo6,liquid,6.77,363.8,2116.0
ba2ernbo6,cubic,6.77,363.8,919.6
ba2erpao6,liquid,7.43,332.2,2243.4
ba2erpao6,cubic,7.43,332.2,1247.7
ba2erruo6,liquid,7.14,345.5,1839.5
ba2erruo6,cubic,7.14,345.5,854.4
ba2ersbo6,liquid,7.17,343.8,1948.9
ba2ersbo6,cubic,7.17,343.8,834.9
ba2ertao6,liquid,7.77,317.5,2170.3
ba2ertao6,cubic,7.77,317.5,1014.0
ba2eruo6,liquid,7.66,322.3,2204.8
ba2eruo6,cubic,7.66,322.3,1034.8
ba2eu3si7,liquid,5.02,488.2,757.9
ba2eu3si7,hexagonal,5.02,488.2,346.9
ba2eubio6,liquid,7.13,345.8,1718.8
ba2eubio6,cubic,7.13,345.8,685.7
ba2eumoo6,liquid,6.59,373.7,1840.9
ba2eumoo6,cubic,6.59,373.7,773.7
ba2eureo6,liquid,7.43,331.8,1850.3
ba2eureo6,cubic,7.43,331.8,931.9
ba2eusbo6,liquid,6.68,368.8,1833.3
ba2eusbo6,cubic,6.68,368.8,965.4
ba2fe2cuf14,liquid,4.02,606.3,1810.7
ba2fe2cuf14,monoclinic,4.02,606.3,917.2
ba2fe2o5,liquid,5.44,451.3,1584.7
ba2fe2o5,monoclinic,5.44,451.3,755.2
ba2fe3p6ho22,liquid,3.63,670.7,1733.0
ba2fe3p6ho22,triclinic,3.63,670.7,726.2
ba2fege2o7,liquid,4.88,502.5,1689.9
ba2fege2o7,tetragonal,4.88,502.5,888.3
ba2femoo6,liquid,6.3,390.9,1675.5
ba2femoo6,monoclinic,6.3,390.9,746.2
ba2feo4,liquid,5.49,447.3,1626.7
ba2feo4,monoclinic,5.49,447.3,815.1
ba2fewo6,liquid,7.11,346.7,1738.1
ba2fewo6,cubic,7.11,346.7,994.0
ba2ga2s5,liquid,3.98,612.7,1300.6
ba2ga2s5,monoclinic,3.98,612.7,613.8
ba2gaasse5,liquid,4.92,498.0,1197.5
ba2gaasse5,orthorhombic,4.92,498.0,556.2
ba2gabis5,liquid,4.68,522.8,1257.8
ba2gabis5,orthorhombic,4.68,522.8,631.8
ba2gabise5,liquid,5.59,439.7,1222.1
ba2gabise5,orthorhombic,5.59,439.7,671.7
ba2gagen,liquid,5.17,474.5,845.4
ba2gagen,monoclinic,5.17,474.5,385.3
ba2gas4,liquid,4.02,607.2,1359.3
ba2gas4,monoclinic,4.02,607.2,543.0
ba2gasbs5,liquid,4.12,593.0,1252.6
ba2gasbs5,orthorhombic,4.12,593.0,576.6
ba2gasbse5,liquid,5.09,481.6,1214.7
ba2gasbse5,orthorhombic,5.09,481.6,692.2
ba2gd(cuo2)4,liquid,6.46,380.9,1470.1
ba2gd(cuo2)4,orthorhombic,6.46,380.9,832.1
ba2gd2si4o13,liquid,5.1,480.8,2139.0
ba2gd2si4o13,monoclinic,5.1,480.8,1082.0
ba2gdb2clo6,liquid,4.93,497.3,2035.9
ba2gdb2clo6,monoclinic,4.93,497.3,978.3
ba2gdbio6,liquid,7.26,339.4,1808.6
ba2gdbio6,cubic,7.26,339.4,923.0
ba2gdc2(o2f)3,liquid,4.93,496.9,1985.2
ba2gdc2(o2f)3,orthorhombic,4.93,496.9,1054.7
ba2gdcl7,liquid,3.93,620.0,1842.7
ba2gdcl7,monoclinic,3.93,620.0,828.3
ba2gdmoo6,liquid,6.56,375.6,1918.3
ba2gdmoo6,triclinic,6.56,375.6,1023.2
ba2gdnbo6,liquid,6.5,378.7,2090.8
ba2gdnbo6,tetragonal,6.5,378.7,1195.6
ba2gdpao6,liquid,7.22,341.6,2216.4
ba2gdpao6,cubic,7.22,341.6,1210.8
ba2gdreo6,liquid,7.68,321.5,1903.9
ba2gdreo6,cubic,7.68,321.5,976.3
ba2gdruo6,liquid,6.82,361.1,1818.2
ba2gdruo6,monoclinic,6.82,361.1,726.8
ba2gdsbo6,liquid,7.0,351.9,1925.6
ba2gdsbo6,cubic,7.0,351.9,923.9
ba2gdtao6,liquid,7.44,331.4,2144.7
ba2gdtao6,tetragonal,7.44,331.4,1073.3
ba2gduo6,liquid,7.29,338.1,2178.4
ba2gduo6,cubic,7.29,338.1,1033.8
ba2ge,liquid,4.85,504.6,771.5
ba2ge,orthorhombic,4.85,504.6,347.0
ba2ge(tese)2,liquid,5.09,481.9,1212.1
ba2ge(tese)2,monoclinic,5.09,481.9,634.7
ba2ge2se5,liquid,4.91,499.0,1174.0
ba2ge2se5,orthorhombic,4.91,499.0,562.9
ba2ge2te5,liquid,5.48,447.7,1039.1
ba2ge2te5,orthorhombic,5.48,447.7,537.6
ba2ge4pd5,liquid,7.66,322.2,854.8
ba2ge4pd5,orthorhombic,7.66,322.2,341.5
ba2ge5ir4,liquid,10.1,245.1,806.1
ba2ge5ir4,orthorhombic,10.1,245.1,370.6
ba2geas2,liquid,5.13,478.3,950.2
ba2geas2,monoclinic,5.13,478.3,390.8
ba2geo4,liquid,5.45,450.4,1835.5
ba2geo4,orthorhombic,5.45,450.4,869.1
ba2gep2,liquid,4.48,545.8,932.8
ba2gep2,monoclinic,4.48,545.8,452.9
ba2ges4,liquid,4.06,600.9,1323.5
ba2ges4,orthorhombic,4.06,600.9,736.8
ba2gese4,liquid,4.95,495.3,1280.5
ba2gese4,monoclinic,4.95,495.3,548.1
ba2h2pd(s5o17)2,liquid,2.87,840.4,1389.4
ba2h2pd(s5o17)2,triclinic,2.87,840.4,618.6
ba2h3i,liquid,4.64,527.1,1006.3
ba2h3i,trigonal,4.64,527.1,551.8
ba2h6os,liquid,5.9,416.5,783.1
ba2h6os,cubic,5.9,416.5,437.0
ba2h6pt,liquid,5.97,411.9,846.2
ba2h6pt,orthorhombic,5.97,411.9,422.8
ba2h6ru,liquid,4.83,507.1,843.2
ba2h6ru,cubic,4.83,507.1,337.1
ba2h8pto8,liquid,4.95,495.4,1304.6
ba2h8pto8,orthorhombic,4.95,495.4,543.0
ba2hru3o10,liquid,5.51,445.5,1409.5
ba2hru3o10,orthorhombic,5.51,445.5,589.8
ba2hfo4,liquid,7.32,337.0,2141.4
ba2hfo4,tetragonal,7.32,337.0,1170.7
ba2hfs4,liquid,4.98,492.5,1543.7
ba2hfs4,tetragonal,4.98,492.5,893.1
ba2hg,liquid,5.75,427.5,721.9
ba2hg,tetragonal,5.75,427.5,401.9
ba2hg3(pdo2)7,liquid,8.01,308.4,1088.8
ba2hg3(pdo2)7,monoclinic,8.01,308.4,567.5
ba2hgpb,liquid,7.33,336.6,815.9
ba2hgpb,cubic,7.33,336.6,458.6
ba2hgs5,liquid,4.64,527.9,1201.1
ba2hgs5,orthorhombic,4.64,527.9,523.7
ba2ho(cuo2)4,liquid,6.58,374.5,1477.6
ba2ho(cuo2)4,orthorhombic,6.58,374.5,623.9
ba2hob2clo6,liquid,4.99,490.8,2048.5
ba2hob2clo6,monoclinic,4.99,490.8,927.1
ba2hocl7,liquid,4.04,604.1,1840.2
ba2hocl7,monoclinic,4.04,604.1,817.4
ba2homoo6,liquid,6.86,359.2,1920.7
ba2homoo6,cubic,6.86,359.2,786.6
ba2honbo6,liquid,6.7,367.4,2110.9
ba2honbo6,cubic,6.7,367.4,934.0
ba2hopao6,liquid,7.51,328.6,2238.4
ba2hopao6,cubic,7.51,328.6,979.7
ba2horeo6,liquid,7.95,310.5,1922.7
ba2horeo6,cubic,7.95,310.5,879.1
ba2horuo6,liquid,7.07,348.8,1835.2
ba2horuo6,cubic,7.07,348.8,778.8
ba2hosbo6,liquid,7.1,347.3,1944.9
ba2hosbo6,cubic,7.1,347.3,979.7
ba2hotao6,liquid,7.71,320.0,2165.7
ba2hotao6,tetragonal,7.71,320.0,1049.2
ba2houo6,liquid,7.56,326.2,2199.8
ba2houo6,cubic,7.56,326.2,1046.4
ba2i2o,liquid,4.88,501.7,1664.6
ba2i2o,orthorhombic,4.88,501.7,729.2
ba2in13ir4,liquid,9.04,273.6,684.4
ba2in13ir4,orthorhombic,9.04,273.6,262.3
ba2in2o5,liquid,6.26,393.2,1640.1
ba2in2o5,orthorhombic,6.26,393.2,933.3
ba2in2s5,liquid,4.32,565.1,1262.1
ba2in2s5,orthorhombic,4.32,565.1,537.9
ba2in2si3so10,liquid,4.62,529.6,1849.8
ba2in2si3so10,orthorhombic,4.62,529.6,1058.5
ba2inbio6,liquid,7.21,342.1,1578.4
ba2inbio6,cubic,7.21,342.1,700.5
ba2inbis5,liquid,4.95,494.8,1234.1
ba2inbis5,orthorhombic,4.95,494.8,632.1
ba2inbise5,liquid,5.77,426.1,1211.6
ba2inbise5,orthorhombic,5.77,426.1,667.3
ba2inbro3,liquid,5.87,418.9,1702.6
ba2inbro3,tetragonal,5.87,418.9,838.4
ba2inclo3,liquid,5.59,439.1,1740.8
ba2inclo3,tetragonal,5.59,439.1,952.9
ba2incuo4,liquid,5.83,421.7,1551.4
ba2incuo4,tetragonal,5.83,421.7,859.7
ba2ingao5,liquid,6.08,404.8,1706.8
ba2ingao5,orthorhombic,6.08,404.8,725.8
ba2iniro6,liquid,7.46,330.8,1534.5
ba2iniro6,trigonal,7.46,330.8,713.7
ba2ino3f,liquid,5.98,411.3,1839.7
ba2ino3f,tetragonal,5.98,411.3,934.8
ba2inoso6,liquid,7.74,319.0,1593.9
ba2inoso6,cubic,7.74,319.0,922.2
ba2inruo6,liquid,6.71,367.3,1577.4
ba2inruo6,trigonal,6.71,367.3,709.1
ba2insbo6,liquid,6.82,361.4,1691.1
ba2insbo6,cubic,6.82,361.4,897.7
ba2insbse5,liquid,5.34,460.0,1193.8
ba2insbse5,orthorhombic,5.34,460.0,660.7
ba2la3si3o12f,liquid,5.05,485.7,2203.8
ba2la3si3o12f,triclinic,5.05,485.7,1175.2
ba2laag5s6,liquid,5.55,442.7,1121.8
ba2laag5s6,monoclinic,5.55,442.7,637.6
ba2labio6,liquid,6.76,364.7,1804.7
ba2labio6,monoclinic,6.76,364.7,893.0
ba2lac3o9f,liquid,4.64,527.6,1836.2
ba2lac3o9f,monoclinic,4.64,527.6,883.9
ba2lairo6,liquid,7.21,341.9,1770.3
ba2lairo6,monoclinic,7.21,341.9,883.4
ba2lanbo6,liquid,6.01,409.5,2074.6
ba2lanbo6,monoclinic,6.01,409.5,854.5
ba2lapao6,liquid,6.53,376.9,2193.2
ba2lapao6,cubic,6.53,376.9,891.2
ba2lapuo6,liquid,6.91,356.7,2059.0
ba2lapuo6,cubic,6.91,356.7,1012.9
ba2laruo6,liquid,6.28,391.6,1801.2
ba2laruo6,trigonal,6.28,391.6,844.0
ba2lasbo6,liquid,6.48,380.0,1914.4
ba2lasbo6,trigonal,6.48,380.0,903.7
ba2lata(cuo4)2,liquid,7.21,342.0,1799.7
ba2lata(cuo4)2,tetragonal,7.21,342.0,873.5
ba2latao6,liquid,7.08,348.3,2128.0
ba2latao6,monoclinic,7.08,348.3,1157.7
ba2li(bo2)5,liquid,3.77,645.9,1914.6
ba2li(bo2)5,monoclinic,3.77,645.9,929.5
ba2li3tan4,liquid,5.58,440.1,994.0
ba2li3tan4,monoclinic,5.58,440.1,463.0
ba2lial(cn2)4,liquid,3.09,783.2,941.6
ba2lial(cn2)4,orthorhombic,3.09,783.2,430.0
ba2lige3,liquid,4.9,499.7,804.0
ba2lige3,orthorhombic,4.9,499.7,437.8
ba2liio6,liquid,5.84,420.6,1555.8
ba2liio6,cubic,5.84,420.6,771.4
ba2lioso6,liquid,6.82,361.4,1648.9
ba2lioso6,cubic,6.82,361.4,955.9
ba2liren4,liquid,6.1,403.5,983.5
ba2liren4,monoclinic,6.1,403.5,529.9
ba2lireo6,liquid,6.71,367.4,1783.7
ba2lireo6,cubic,6.71,367.4,981.7
ba2lisi3,liquid,3.73,653.3,727.4
ba2lisi3,orthorhombic,3.73,653.3,295.6
ba2liteo6,liquid,5.79,424.3,1622.3
ba2liteo6,cubic,5.79,424.3,861.6
ba2lub2clo6,liquid,5.18,473.4,2052.4
ba2lub2clo6,monoclinic,5.18,473.4,995.3
ba2lubio6,liquid,7.84,315.0,1838.9
ba2lubio6,trigonal,7.84,315.0,841.3
ba2luiro6,liquid,8.41,293.6,1817.5
ba2luiro6,cubic,8.41,293.6,1010.0
ba2lumoo6,liquid,7.16,344.6,1936.5
ba2lumoo6,cubic,7.16,344.6,1130.9
ba2lunbo6,liquid,7.15,344.8,2127.8
ba2lunbo6,cubic,7.15,344.8,1147.4
ba2lureo6,liquid,8.27,298.9,1937.3
ba2lureo6,monoclinic,8.27,298.9,765.1
ba2luruo6,liquid,7.36,335.0,1849.5
ba2luruo6,cubic,7.36,335.0,933.6
ba2lusbo6,liquid,7.41,333.0,1957.8
ba2lusbo6,cubic,7.41,333.0,1122.0
ba2lutao6,liquid,8.21,300.7,2181.9
ba2lutao6,cubic,8.21,300.7,1251.4
ba2luuo6,liquid,8.05,306.8,2214.7
ba2luuo6,cubic,8.05,306.8,876.8
ba2mg(bo3)2,liquid,5.01,489.4,1957.2
ba2mg(bo3)2,trigonal,5.01,489.4,855.9
ba2mg(geir)4,liquid,9.55,259.1,820.6
ba2mg(geir)4,orthorhombic,9.55,259.1,370.1
ba2mg(po4)2,liquid,4.25,575.4,2003.8
ba2mg(po4)2,monoclinic,4.25,575.4,1101.8
ba2mg17,liquid,2.27,1055.0,563.3
ba2mg17,trigonal,2.27,1055.0,303.4
ba2mg3h10,liquid,3.1,781.9,757.9
ba2mg3h10,monoclinic,3.1,781.9,301.1
ba2mg3si4,liquid,3.48,697.9,689.1
ba2mg3si4,monoclinic,3.48,697.9,379.1
ba2mgcu3f14,liquid,4.73,517.8,1808.5
ba2mgcu3f14,triclinic,4.73,517.8,881.9
ba2mgge2o7,liquid,4.68,523.0,1805.8
ba2mgge2o7,tetragonal,4.68,523.0,770.9
ba2mgh6,liquid,3.94,618.6,795.6
ba2mgh6,trigonal,3.94,618.6,347.8
ba2mgmoo6,liquid,5.89,417.6,1824.7
ba2mgmoo6,cubic,5.89,417.6,973.9
ba2mgoso6,liquid,7.11,346.5,1719.9
ba2mgoso6,cubic,7.11,346.5,962.7
ba2mgreo6,liquid,7.04,349.9,1826.5
ba2mgreo6,cubic,7.04,349.9,751.2
ba2mgsi2o7,liquid,4.23,576.9,2063.6
ba2mgsi2o7,tetragonal,4.23,576.9,1118.5
ba2mgtl,liquid,5.23,468.7,656.4
ba2mgtl,cubic,5.23,468.7,333.3
ba2mguo6,liquid,6.9,357.2,2105.8
ba2mguo6,cubic,6.9,357.2,1168.2
ba2mgwo6,liquid,6.88,358.1,1879.0
ba2mgwo6,cubic,6.88,358.1,1017.6
ba2mn(aso4)2,liquid,4.56,537.1,1655.9
ba2mn(aso4)2,monoclinic,4.56,537.1,690.1
ba2mn(bo2)6,liquid,3.74,650.2,1879.3
ba2mn(bo2)6,trigonal,3.74,650.2,886.2
ba2mn(po4)2,liquid,4.25,574.5,1929.2
ba2mn(po4)2,monoclinic,4.25,574.5,825.9
ba2mn2cuf14,liquid,4.12,592.0,1884.3
ba2mn2cuf14,monoclinic,4.12,592.0,815.6
ba2mn2sb2o,liquid,5.28,464.6,1100.5
ba2mn2sb2o,hexagonal,5.28,464.6,588.3
ba2mn2se2of2,liquid,5.3,462.9,1696.0
ba2mn2se2of2,tetragonal,5.3,462.9,895.9
ba2mn2si2o9,liquid,4.38,558.2,1873.6
ba2mn2si2o9,orthorhombic,4.38,558.2,979.6
ba2mn3(seo3)6,liquid,4.28,571.4,1377.8
ba2mn3(seo3)6,monoclinic,4.28,571.4,550.8
ba2mnge2o7,liquid,4.67,524.4,1727.2
ba2mnge2o7,tetragonal,4.67,524.4,856.5
ba2mnmoo6,liquid,6.02,408.5,1733.3
ba2mnmoo6,cubic,6.02,408.5,732.1
ba2mno3,liquid,5.75,427.4,1703.0
ba2mno3,monoclinic,5.75,427.4,685.7
ba2mnreo6,liquid,7.14,345.5,1737.0
ba2mnreo6,cubic,7.14,345.5,832.2
ba2mns3,liquid,4.24,575.7,1388.5
ba2mns3,orthorhombic,4.24,575.7,743.1
ba2mnse3,liquid,5.05,485.8,1347.7
ba2mnse3,orthorhombic,5.05,485.8,535.1
ba2mnsi2clo7,liquid,4.33,564.4,1934.0
ba2mnsi2clo7,tetragonal,4.33,564.4,785.8
ba2mnte3,liquid,5.24,468.5,1207.2
ba2mnte3,orthorhombic,5.24,468.5,609.9
ba2mnteo6,liquid,6.34,388.5,1666.2
ba2mnteo6,cubic,6.34,388.5,705.2
ba2mntese2,liquid,5.12,478.7,1303.7
ba2mntese2,orthorhombic,5.12,478.7,570.2
ba2mnv2ho9,liquid,4.45,549.9,1727.8
ba2mnv2ho9,monoclinic,4.45,549.9,958.5
ba2mnwo6,liquid,6.96,353.9,1786.1
ba2mnwo6,cubic,6.96,353.9,963.9
ba2mnzn2(aso)2,liquid,5.87,419.0,1214.3
ba2mnzn2(aso)2,tetragonal,5.87,419.0,654.8
ba2n,liquid,4.41,554.8,786.2
ba2n,trigonal,4.41,554.8,388.1
ba2ncl,liquid,4.76,514.5,1244.8
ba2ncl,trigonal,4.76,514.5,602.8
ba2na(cuo2)3,liquid,5.42,452.9,1354.9
ba2na(cuo2)3,orthorhombic,5.42,452.9,738.5
ba2na(snas)6,liquid,5.5,446.5,754.0
ba2na(snas)6,monoclinic,5.5,446.5,397.1
ba2na2sral4f20,liquid,3.78,644.5,2299.7
ba2na2sral4f20,monoclinic,3.78,644.5,930.6
ba2na2u(s2o)2,liquid,4.52,541.4,1613.5
ba2na2u(s2o)2,triclinic,4.52,541.4,654.6
ba2naio6,liquid,5.7,431.2,1543.6
ba2naio6,cubic,5.7,431.2,708.0
ba2nao,liquid,2.86,845.9,1202.0
ba2nao,orthorhombic,2.86,845.9,510.3
ba2naoso6,liquid,6.55,376.0,1623.8
ba2naoso6,cubic,6.55,376.0,736.6
ba2nareo6,liquid,6.45,381.7,1759.7
ba2nareo6,cubic,6.45,381.7,935.4
ba2nauo6,liquid,6.34,388.4,1934.5
ba2nauo6,orthorhombic,6.34,388.4,1025.6
ba2nb15o32,liquid,5.65,434.5,1895.5
ba2nb15o32,trigonal,5.65,434.5,861.2
ba2nb2teo10,liquid,5.27,466.0,1836.6
ba2nb2teo10,orthorhombic,5.27,466.0,907.8
ba2nb5o9,liquid,6.7,367.5,1844.2
ba2nb5o9,tetragonal,6.7,367.5,765.2
ba2nb6te2o21,liquid,4.93,496.5,1833.1
ba2nb6te2o21,monoclinic,4.93,496.5,873.0
ba2nbcro6,liquid,6.23,394.7,1925.3
ba2nbcro6,hexagonal,6.23,394.7,1027.3
ba2nbfeo6,liquid,6.22,395.5,1853.0
ba2nbfeo6,cubic,6.22,395.5,1013.2
ba2nbino6,liquid,6.43,382.6,1881.8
ba2nbino6,cubic,6.43,382.6,897.9
ba2nbn3,liquid,5.5,446.0,1071.0
ba2nbn3,monoclinic,5.5,446.0,454.2
ba2nbp2o9f,liquid,4.1,595.4,2005.3
ba2nbp2o9f,monoclinic,4.1,595.4,1123.4
ba2nbrho6,liquid,6.79,363.0,1780.0
ba2nbrho6,cubic,6.79,363.0,903.5
ba2nbvo6,liquid,6.15,400.2,1953.7
ba2nbvo6,cubic,6.15,400.2,1079.7
ba2nd(cuo2)3,liquid,6.26,392.9,1545.0
ba2nd(cuo2)3,tetragonal,6.26,392.9,847.4
ba2nd2fe4o11,liquid,6.3,390.5,1702.7
ba2nd2fe4o11,orthorhombic,6.3,390.5,933.1
ba2nd2si4o13,liquid,4.94,496.2,2130.7
ba2nd2si4o13,triclinic,4.94,496.2,1133.3
ba2ndbio6,liquid,6.96,354.3,1793.8
ba2ndbio6,monoclinic,6.96,354.3,802.1
ba2ndiro6,liquid,7.4,333.2,1762.1
ba2ndiro6,cubic,7.4,333.2,717.9
ba2ndmoo6,liquid,6.27,392.6,1892.2
ba2ndmoo6,tetragonal,6.27,392.6,907.6
ba2ndnbo6,liquid,6.16,399.2,2068.5
ba2ndnbo6,monoclinic,6.16,399.2,1011.5
ba2ndpao6,liquid,6.71,367.0,2189.7
ba2ndpao6,cubic,6.71,367.0,1158.1
ba2ndpuo6,liquid,7.09,347.7,2053.9
ba2ndpuo6,cubic,7.09,347.7,962.4
ba2ndruo6,liquid,6.46,381.2,1792.8
ba2ndruo6,monoclinic,6.46,381.2,1042.3
ba2ndsbo6,liquid,6.5,379.0,1906.0
ba2ndsbo6,trigonal,6.5,379.0,1069.2
ba2ndtao6,liquid,7.12,346.5,2122.1
ba2ndtao6,monoclinic,7.12,346.5,1112.0
ba2ndtlcu2o7,liquid,7.17,344.1,1531.2
ba2ndtlcu2o7,orthorhombic,7.17,344.1,884.3
ba2nduo6,liquid,6.91,356.8,2151.5
ba2nduo6,cubic,6.91,356.8,868.1
ba2ndwo6,liquid,7.11,346.9,1923.6
ba2ndwo6,cubic,7.11,346.9,796.4
ba2ni(po4)2,liquid,4.44,550.8,1863.1
ba2ni(po4)2,monoclinic,4.44,550.8,781.1
ba2ni3n2,liquid,5.81,423.2,779.5
ba2ni3n2,orthorhombic,5.81,423.2,347.4
ba2ni5ge4,liquid,6.75,365.1,752.4
ba2ni5ge4,monoclinic,6.75,365.1,286.6
ba2nimoo6,liquid,6.36,386.8,1652.2
ba2nimoo6,cubic,6.36,386.8,782.0
ba2nioso6,liquid,7.4,333.4,1540.1
ba2nioso6,trigonal,7.4,333.4,752.8
ba2niteo6,liquid,6.39,385.0,1574.7
ba2niteo6,trigonal,6.39,385.0,701.3
ba2niwo6,liquid,7.37,334.7,1703.6
ba2niwo6,cubic,7.37,334.7,699.2
ba2p2o7,liquid,3.96,616.1,2000.4
ba2p2o7,orthorhombic,3.96,616.1,1093.4
ba2p3pd,liquid,5.15,476.4,960.6
ba2p3pd,monoclinic,5.15,476.4,506.9
ba2p7br,liquid,3.59,678.1,924.2
ba2p7br,monoclinic,3.59,678.1,383.7
ba2p7i,liquid,3.74,651.4,889.9
ba2p7i,monoclinic,3.74,651.4,441.5
ba2pcl,liquid,3.94,618.9,1367.8
ba2pcl,trigonal,3.94,618.9,735.3
ba2pio4,liquid,4.51,542.7,1948.1
ba2pio4,monoclinic,4.51,542.7,1105.5
ba2pb,liquid,5.82,422.6,793.6
ba2pb,orthorhombic,5.82,422.6,428.6
ba2pbo4,liquid,7.2,342.3,1616.1
ba2pbo4,tetragonal,7.2,342.3,836.6
ba2pdf6,liquid,4.96,493.8,2031.8
ba2pdf6,orthorhombic,4.96,493.8,1075.1
ba2pdo3,liquid,6.68,369.0,1576.9
ba2pdo3,orthorhombic,6.68,369.0,631.5
ba2pr(cuo2)3,liquid,6.18,398.4,1539.5
ba2pr(cuo2)3,tetragonal,6.18,398.4,756.8
ba2pr(cuo2)4,liquid,6.18,398.2,1460.9
ba2pr(cuo2)4,orthorhombic,6.18,398.2,796.0
ba2prbio6,liquid,6.83,360.6,1785.7
ba2prbio6,monoclinic,6.83,360.6,735.9
ba2priro6,liquid,7.41,332.7,1752.4
ba2priro6,cubic,7.41,332.7,1017.4
ba2prnb(cuo4)2,liquid,6.48,380.2,1758.2
ba2prnb(cuo4)2,tetragonal,6.48,380.2,696.6
ba2prnbo6,liquid,6.07,405.2,2059.5
ba2prnbo6,monoclinic,6.07,405.2,924.5
ba2prpao6,liquid,6.61,372.8,2179.2
ba2prpao6,cubic,6.61,372.8,965.5
ba2prpto6,liquid,7.28,338.9,1701.9
ba2prpto6,cubic,7.28,338.9,861.0
ba2prruo6,liquid,6.55,376.0,1783.6
ba2prruo6,monoclinic,6.55,376.0,956.1
ba2prsbo6,liquid,6.39,385.0,1897.5
ba2prsbo6,trigonal,6.39,385.0,992.8
ba2prtao6,liquid,7.12,346.1,2112.9
ba2prtao6,monoclinic,7.12,346.1,1140.7
ba2pumno6,liquid,7.26,339.9,1886.2
ba2pumno6,cubic,7.26,339.9,966.1
ba2pupao6,liquid,7.8,316.5,2127.5
ba2pupao6,cubic,7.8,316.5,858.7
ba2pupbo6,liquid,7.63,323.3,1784.2
ba2pupbo6,cubic,7.63,323.3,852.5
ba2puzno6,liquid,7.49,329.4,1838.7
ba2puzno6,cubic,7.49,329.4,961.3
ba2re6s11,liquid,7.25,340.1,1076.6
ba2re6s11,trigonal,7.25,340.1,513.4
ba2ren3,liquid,7.06,349.4,904.2
ba2ren3,orthorhombic,7.06,349.4,487.0
ba2reo5,liquid,7.32,337.0,1783.4
ba2reo5,orthorhombic,7.32,337.0,1026.2
ba2ru7o18,liquid,6.45,381.8,1338.1
ba2ru7o18,triclinic,6.45,381.8,622.8
ba2sb2o5,liquid,5.23,468.8,1670.2
ba2sb2o5,orthorhombic,5.23,468.8,875.0
ba2sb3,liquid,5.5,446.5,983.1
ba2sb3,monoclinic,5.5,446.5,541.4
ba2sc2o5,liquid,5.18,473.7,2128.3
ba2sc2o5,orthorhombic,5.18,473.7,902.8
ba2sccuo4,liquid,5.27,465.7,1846.0
ba2sccuo4,tetragonal,5.27,465.7,766.2
ba2sciro6,liquid,7.23,341.2,1801.2
ba2sciro6,cubic,7.23,341.2,899.3
ba2scnbo6,liquid,5.93,414.4,2114.6
ba2scnbo6,cubic,5.93,414.4,885.9
ba2sco3f,liquid,5.45,450.8,2164.7
ba2sco3f,tetragonal,5.45,450.8,892.4
ba2scoso6,liquid,7.3,337.7,1846.3
ba2scoso6,cubic,7.3,337.7,921.1
ba2scpao6,liquid,6.68,369.0,2243.1
ba2scpao6,cubic,6.68,369.0,951.3
ba2screo6,liquid,7.24,340.8,1923.8
ba2screo6,cubic,7.24,340.8,791.3
ba2sctao6,liquid,6.89,357.5,2166.9
ba2sctao6,cubic,6.89,357.5,1139.0
ba2si,liquid,4.28,571.3,680.6
ba2si,orthorhombic,4.28,571.3,341.8
ba2si3ag,liquid,4.82,508.6,745.8
ba2si3ag,orthorhombic,4.82,508.6,365.1
ba2si3ni,liquid,4.69,522.2,762.0
ba2si3ni,hexagonal,4.69,522.2,326.8
ba2si3o8,liquid,3.92,622.3,2070.1
ba2si3o8,monoclinic,3.92,622.3,1071.2
ba2si5n8,liquid,4.61,531.3,1153.1
ba2si5n8,orthorhombic,4.61,531.3,657.5
ba2sio4,liquid,5.38,456.5,2062.9
ba2sio4,orthorhombic,5.38,456.5,998.9
ba2sis4,liquid,3.81,639.2,1403.7
ba2sis4,orthorhombic,3.81,639.2,616.7
ba2sise4,liquid,4.71,519.9,1326.2
ba2sise4,monoclinic,4.71,519.9,726.2
ba2site4,liquid,5.0,490.0,1136.3
ba2site4,monoclinic,5.0,490.0,485.5
ba2sm(cuo2)4,liquid,6.32,389.2,1469.9
ba2sm(cuo2)4,orthorhombic,6.32,389.2,673.0
ba2smbio6,liquid,7.28,338.5,1801.2
ba2smbio6,cubic,7.28,338.5,1006.1
ba2smgase5,liquid,5.3,462.6,1408.6
ba2smgase5,triclinic,5.3,462.6,624.0
ba2smmoo6,liquid,6.41,383.9,1908.1
ba2smmoo6,tetragonal,6.41,383.9,1006.6
ba2smnbo6,liquid,6.32,389.5,2078.5
ba2smnbo6,cubic,6.32,389.5,991.1
ba2smoso6,liquid,7.54,327.3,1820.9
ba2smoso6,cubic,7.54,327.3,837.5
ba2smpao6,liquid,6.88,358.4,2206.1
ba2smpao6,cubic,6.88,358.4,935.2
ba2smsbo6,liquid,6.66,369.9,1918.3
ba2smsbo6,cubic,6.66,369.9,846.8
ba2smtao6,liquid,7.21,342.0,2133.2
ba2smtao6,cubic,7.21,342.0,1033.7
ba2smuo6,liquid,7.12,346.3,2167.9
ba2smuo6,cubic,7.12,346.3,1160.3
ba2smwo6,liquid,7.29,338.1,1938.8
ba2smwo6,cubic,7.29,338.1,815.2
ba2sn,liquid,4.85,505.2,823.5
ba2sn,orthorhombic,4.85,505.2,348.6
ba2snhg,liquid,6.47,380.7,834.3
ba2snhg,cubic,6.47,380.7,378.3
ba2sno4,liquid,6.51,378.0,1776.4
ba2sno4,tetragonal,6.51,378.0,722.1
ba2sns3f2,liquid,4.52,541.3,1666.6
ba2sns3f2,orthorhombic,4.52,541.3,778.7
ba2sns4,liquid,4.17,585.2,1316.8
ba2sns4,monoclinic,4.17,585.2,675.1
ba2snse3f2,liquid,5.17,474.0,1641.8
ba2snse3f2,orthorhombic,5.17,474.0,764.1
ba2snse4,liquid,5.04,486.0,1285.0
ba2snse4,monoclinic,5.04,486.0,527.3
ba2snse5,liquid,5.13,477.8,1230.3
ba2snse5,orthorhombic,5.13,477.8,590.8
ba2snte5,liquid,5.64,435.3,1106.2
ba2snte5,orthorhombic,5.64,435.3,543.3
ba2sriro6,liquid,6.62,371.9,1655.5
ba2sriro6,cubic,6.62,371.9,683.1
ba2srseo6,liquid,5.85,420.3,1673.1
ba2srseo6,cubic,5.85,420.3,874.9
ba2srteo6,liquid,5.91,416.3,1778.7
ba2srteo6,trigonal,5.91,416.3,943.9
ba2sruo6,liquid,6.65,370.4,2129.2
ba2sruo6,monoclinic,6.65,370.4,1017.1
ba2srwo6,liquid,6.45,381.5,1885.7
ba2srwo6,monoclinic,6.45,381.5,994.0
ba2ta15o32,liquid,9.26,267.1,1993.4
ba2ta15o32,trigonal,9.26,267.1,1033.2
ba2ta2o7,liquid,7.58,325.7,2097.9
ba2ta2o7,orthorhombic,7.58,325.7,824.8
ba2ta6te2o21,liquid,6.9,356.9,1933.3
ba2ta6te2o21,monoclinic,6.9,356.9,797.9
ba2tabio6,liquid,7.77,317.7,1877.8
ba2tabio6,monoclinic,7.77,317.7,869.8
ba2tacro6,liquid,7.14,345.3,1975.6
ba2tacro6,hexagonal,7.14,345.3,1056.8
ba2tafeo6,liquid,7.31,337.3,1902.8
ba2tafeo6,cubic,7.31,337.3,999.3
ba2taino6,liquid,7.47,330.3,1933.8
ba2taino6,cubic,7.47,330.3,1038.3
ba2tan3,liquid,6.69,368.0,1113.4
ba2tan3,monoclinic,6.69,368.0,630.5
ba2tatlo6,liquid,8.09,305.2,1816.7
ba2tatlo6,cubic,8.09,305.2,951.4
ba2tbbio6,liquid,7.38,334.1,1822.0
ba2tbbio6,monoclinic,7.38,334.1,913.8
ba2tbiro6,liquid,7.91,312.2,1796.7
ba2tbiro6,cubic,7.91,312.2,891.3
ba2tbmoo6,liquid,6.69,368.0,1911.9
ba2tbmoo6,cubic,6.69,368.0,842.1
ba2tbnbo6,liquid,6.58,374.5,2103.2
ba2tbnbo6,tetragonal,6.58,374.5,920.4
ba2tbpao6,liquid,7.19,342.9,2229.0
ba2tbpao6,cubic,7.19,342.9,928.6
ba2tbsbo6,liquid,6.93,355.4,1937.8
ba2tbsbo6,cubic,6.93,355.4,978.6
ba2tbtao6,liquid,7.57,325.8,2157.1
ba2tbtao6,tetragonal,7.57,325.8,1198.3
ba2tbwo6,liquid,7.58,325.6,1963.3
ba2tbwo6,monoclinic,7.58,325.6,974.3
ba2teo,liquid,5.28,465.0,1647.5
ba2teo,tetragonal,5.28,465.0,920.6
ba2tep2o9,liquid,4.5,543.6,1834.5
ba2tep2o9,triclinic,4.5,543.6,926.8
ba2ths6,liquid,4.68,522.5,1442.6
ba2ths6,tetragonal,4.68,522.5,608.2
ba2ti(geo4)2,liquid,4.61,531.3,1852.5
ba2ti(geo4)2,tetragonal,4.61,531.3,739.8
ba2ti(sio4)2,liquid,4.38,557.8,2099.6
ba2ti(sio4)2,tetragonal,4.38,557.8,929.6
ba2ti13o22,liquid,5.01,489.0,2064.8
ba2ti13o22,orthorhombic,5.01,489.0,849.8
ba2ti6o13,liquid,4.76,514.7,2120.2
ba2ti6o13,monoclinic,4.76,514.7,1160.1
ba2tio4,liquid,5.09,481.9,2079.6
ba2tio4,monoclinic,5.09,481.9,1036.6
ba2tis4,liquid,3.8,641.5,1494.6
ba2tis4,orthorhombic,3.8,641.5,808.0
ba2tl(ho)7,liquid,4.73,517.8,1325.1
ba2tl(ho)7,monoclinic,4.73,517.8,700.2
ba2tl2o5,liquid,7.59,325.0,1434.1
ba2tl2o5,orthorhombic,7.59,325.0,588.9
ba2tlcd,liquid,6.38,385.8,715.4
ba2tlcd,cubic,6.38,385.8,295.3
ba2tlf7,liquid,6.11,402.5,2069.7
ba2tlf7,monoclinic,6.11,402.5,966.8
ba2tlhg,liquid,7.48,329.8,762.8
ba2tlhg,cubic,7.48,329.8,371.8
ba2tlsbo6,liquid,7.44,331.4,1576.6
ba2tlsbo6,cubic,7.44,331.4,812.5
ba2tlzn,liquid,6.14,400.9,681.4
ba2tlzn,cubic,6.14,400.9,307.5
ba2tm(cuo2)4,liquid,6.85,359.8,1479.7
ba2tm(cuo2)4,orthorhombic,6.85,359.8,649.0
ba2tmmoo6,liquid,7.0,352.0,1930.9
ba2tmmoo6,cubic,7.0,352.0,815.0
ba2tmnbo6,liquid,6.85,359.9,2121.6
ba2tmnbo6,cubic,6.85,359.9,1094.8
ba2tmpao6,liquid,7.49,329.3,2249.1
ba2tmpao6,cubic,7.49,329.3,1091.1
ba2tmreo6,liquid,8.1,304.9,1932.3
ba2tmreo6,cubic,8.1,304.9,979.0
ba2tmruo6,liquid,7.21,342.0,1844.5
ba2tmruo6,cubic,7.21,342.0,783.8
ba2tmtao6,liquid,7.88,313.3,2175.7
ba2tmtao6,cubic,7.88,313.3,1027.9
ba2u(aso5)2,liquid,5.14,477.2,1815.2
ba2u(aso5)2,monoclinic,5.14,477.2,767.0
ba2u(cu2se3)2,liquid,6.69,368.0,1100.6
ba2u(cu2se3)2,monoclinic,6.69,368.0,574.5
ba2u(po5)2,liquid,5.01,489.6,2051.3
ba2u(po5)2,triclinic,5.01,489.6,1102.9
ba2u2o7,liquid,7.48,329.8,2206.7
ba2u2o7,orthorhombic,7.48,329.8,1098.4
ba2ucdo6,liquid,7.14,345.5,1947.9
ba2ucdo6,cubic,7.14,345.5,785.3
ba2ucro6,liquid,7.35,335.4,2027.1
ba2ucro6,cubic,7.35,335.4,1084.1
ba2ucu2s5,liquid,5.64,435.8,1279.1
ba2ucu2s5,monoclinic,5.64,435.8,513.6
ba2ucu2se5,liquid,6.51,378.2,1227.8
ba2ucu2se5,monoclinic,6.51,378.2,667.8
ba2ufeo6,liquid,7.31,337.3,1949.4
ba2ufeo6,cubic,7.31,337.3,1107.2
ba2umno6,liquid,6.99,352.6,2017.2
ba2umno6,cubic,6.99,352.6,867.3
ba2unio6,liquid,7.38,334.2,1938.0
ba2unio6,cubic,7.38,334.2,861.0
ba2us6,liquid,4.9,499.6,1351.5
ba2us6,tetragonal,4.9,499.6,760.0
ba2utio6,liquid,7.2,342.3,2128.8
ba2utio6,cubic,7.2,342.3,1019.0
ba2uzno6,liquid,7.29,338.3,1979.5
ba2uzno6,cubic,7.29,338.3,1100.4
ba2v(sio4)2,liquid,4.44,550.4,1994.7
ba2v(sio4)2,tetragonal,4.44,550.4,890.0
ba2v2cuf12,liquid,4.54,539.0,2046.9
ba2v2cuf12,triclinic,4.54,539.0,1117.0
ba2v2feho9,liquid,4.44,550.2,1704.4
ba2v2feho9,monoclinic,4.44,550.2,929.1
ba2v2o7,liquid,4.45,549.5,1865.1
ba2v2o7,triclinic,4.45,549.5,758.9
ba2v3bio11,liquid,4.87,503.0,1744.1
ba2v3bio11,monoclinic,4.87,503.0,683.3
ba2v3ho9,liquid,4.61,531.2,1772.8
ba2v3ho9,monoclinic,4.61,531.2,754.1
ba2v3p6ho22,liquid,3.54,686.8,1823.1
ba2v3p6ho22,triclinic,3.54,686.8,1008.9
ba2v4cd3o15,liquid,4.73,517.7,1631.8
ba2v4cd3o15,orthorhombic,4.73,517.7,782.7
ba2vcu2f12,liquid,4.7,520.7,1916.2
ba2vcu2f12,triclinic,4.7,520.7,908.4
ba2vn3,liquid,5.42,452.7,1097.6
ba2vn3,orthorhombic,5.42,452.7,569.9
ba2vo4,liquid,5.27,465.9,1868.8
ba2vo4,monoclinic,5.27,465.9,795.2
ba2vp2o9,liquid,3.94,619.4,1935.1
ba2vp2o9,monoclinic,3.94,619.4,843.4
ba2wo5,liquid,7.19,342.7,1841.4
ba2wo5,orthorhombic,7.19,342.7,925.6
ba2y(cuo2)4,liquid,5.94,414.2,1472.6
ba2y(cuo2)4,orthorhombic,5.94,414.2,601.8
ba2yag5s6,liquid,5.44,451.2,1108.4
ba2yag5s6,monoclinic,5.44,451.2,577.6
ba2yb2clo6,liquid,4.31,567.4,2041.3
ba2yb2clo6,monoclinic,4.31,567.4,963.1
ba2ybio6,liquid,6.7,367.9,1814.9
ba2ybio6,cubic,6.7,367.9,711.1
ba2yc2(o2f)3,liquid,4.43,551.9,1987.9
ba2yc2(o2f)3,orthorhombic,4.43,551.9,913.7
ba2ycoo5,liquid,5.57,441.0,1813.9
ba2ycoo5,monoclinic,5.57,441.0,762.7
ba2ycu3pbo7,liquid,6.69,368.2,1509.6
ba2ycu3pbo7,monoclinic,6.69,368.2,700.1
ba2yfeo5,liquid,5.29,463.6,1866.9
ba2yfeo5,monoclinic,5.29,463.6,776.5
ba2yiro6,liquid,7.17,343.8,1792.7
ba2yiro6,cubic,7.17,343.8,936.3
ba2ymoo6,liquid,5.98,411.1,1909.8
ba2ymoo6,cubic,5.98,411.1,755.4
ba2ynbo6,liquid,5.84,420.8,2100.1
ba2ynbo6,cubic,5.84,420.8,928.5
ba2yoso6,liquid,7.11,346.8,1838.2
ba2yoso6,cubic,7.11,346.8,852.8
ba2ypao6,liquid,6.71,366.9,2227.9
ba2ypao6,cubic,6.71,366.9,1306.2
ba2yreo6,liquid,7.04,350.2,1911.9
ba2yreo6,cubic,7.04,350.2,981.1
ba2yruo6,liquid,6.16,399.1,1824.0
ba2yruo6,cubic,6.16,399.1,1032.2
ba2ysbo6,liquid,6.22,395.5,1934.2
ba2ysbo6,cubic,6.22,395.5,966.4
ba2ytao6,liquid,6.84,360.3,2155.3
ba2ytao6,tetragonal,6.84,360.3,1228.5
ba2ytlcu2o7,liquid,6.96,354.3,1545.5
ba2ytlcu2o7,tetragonal,6.96,354.3,771.5
ba2yuo6,liquid,6.75,365.2,2189.3
ba2yuo6,cubic,6.75,365.2,1096.9
ba2ywo6,liquid,6.89,357.4,1957.1
ba2ywo6,cubic,6.89,357.4,1011.4
ba2ybbio6,liquid,8.0,308.5,1766.1
ba2ybbio6,trigonal,8.0,308.5,714.9
ba2ybmoo6,liquid,7.34,336.1,1952.1
ba2ybmoo6,cubic,7.34,336.1,938.0
ba2ybnbo6,liquid,7.08,348.3,2069.1
ba2ybnbo6,cubic,7.08,348.3,825.8
ba2ybpao6,liquid,7.75,318.4,2202.0
ba2ybpao6,cubic,7.75,318.4,1019.0
ba2ybreo6,liquid,8.37,295.1,1870.3
ba2ybreo6,cubic,8.37,295.1,859.5
ba2ybruo6,liquid,7.51,328.6,1801.9
ba2ybruo6,cubic,7.51,328.6,871.1
ba2ybsbo6,liquid,7.54,327.4,1899.1
ba2ybsbo6,cubic,7.54,327.4,997.5
ba2ybtao6,liquid,8.13,303.6,2129.3
ba2ybtao6,cubic,8.13,303.6,1209.8
ba2ybuo6,liquid,7.98,309.6,2178.3
ba2ybuo6,cubic,7.98,309.6,1076.4
ba2zn,liquid,4.3,567.8,615.0
ba2zn,tetragonal,4.3,567.8,281.2
ba2zn(bo3)2,liquid,4.37,558.7,1857.9
ba2zn(bo3)2,orthorhombic,4.37,558.7,1032.2
ba2zn2cr7ga2(sno11)2,liquid,5.56,441.4,1625.6
ba2zn2cr7ga2(sno11)2,trigonal,5.56,441.4,664.6
ba2zn2tep2o11,liquid,4.58,534.6,1737.8
ba2zn2tep2o11,monoclinic,4.58,534.6,971.8
ba2zn7f18,liquid,5.2,471.5,1881.9
ba2zn7f18,triclinic,5.2,471.5,786.0
ba2znas2,liquid,5.24,468.0,975.6
ba2znas2,orthorhombic,5.24,468.0,528.1
ba2znbi2,liquid,6.55,375.9,883.4
ba2znbi2,orthorhombic,6.55,375.9,437.4
ba2zncu3f14,liquid,4.97,492.9,1728.5
ba2zncu3f14,monoclinic,4.97,492.9,904.8
ba2znge2o7,liquid,4.88,501.6,1711.1
ba2znge2o7,tetragonal,4.88,501.6,750.9
ba2znge2s6o,liquid,3.72,655.2,1259.8
ba2znge2s6o,tetragonal,3.72,655.2,711.8
ba2znmoo6,liquid,6.31,389.8,1693.1
ba2znmoo6,cubic,6.31,389.8,885.5
ba2znn2,liquid,5.35,459.1,805.2
ba2znn2,tetragonal,5.35,459.1,358.3
ba2zno3,liquid,6.07,405.5,1690.4
ba2zno3,monoclinic,6.07,405.5,729.5
ba2znoso6,liquid,7.75,318.3,1582.8
ba2znoso6,cubic,7.75,318.3,736.7
ba2zns3,liquid,4.43,551.4,1410.5
ba2zns3,orthorhombic,4.43,551.4,650.1
ba2znsb2,liquid,5.31,462.2,977.8
ba2znsb2,orthorhombic,5.31,462.2,394.7
ba2znsi2o7,liquid,4.55,537.8,1965.8
ba2znsi2o7,monoclinic,4.55,537.8,910.9
ba2znteo6,liquid,6.64,371.1,1615.4
ba2znteo6,cubic,6.64,371.1,932.7
ba2znwo6,liquid,7.3,337.6,1744.6
ba2znwo6,cubic,7.3,337.6,854.3
ba2zr6bcl17,liquid,3.41,711.9,1596.2
ba2zr6bcl17,tetragonal,3.41,711.9,904.4
ba2zrf8,liquid,5.29,463.6,2422.5
ba2zrf8,orthorhombic,5.29,463.6,1066.3
ba2zro4,liquid,5.96,412.5,2093.9
ba2zro4,tetragonal,5.96,412.5,830.0
ba2zrsno6,liquid,6.42,383.3,1962.7
ba2zrsno6,cubic,6.42,383.3,986.2
ba3(alas2)2,liquid,4.75,516.0,977.7
ba3(alas2)2,orthorhombic,4.75,516.0,543.2
ba3(alge)2,liquid,4.49,544.6,765.2
ba3(alge)2,orthorhombic,4.49,544.6,328.1
ba3(aln2)2,liquid,5.35,458.8,1015.1
ba3(aln2)2,orthorhombic,5.35,458.8,459.9
ba3(alp2)2,liquid,3.93,619.7,983.6
ba3(alp2)2,orthorhombic,3.93,619.7,488.2
ba3(alpt)4,liquid,8.05,306.8,938.3
ba3(alpt)4,orthorhombic,8.05,306.8,413.6
ba3(alsi)2,liquid,3.89,626.4,705.4
ba3(alsi)2,orthorhombic,3.89,626.4,300.3
ba3(alsn)2,liquid,4.6,531.6,783.9
ba3(alsn)2,orthorhombic,4.6,531.6,407.0
ba3(aso4)2,liquid,5.5,446.4,1760.6
ba3(aso4)2,trigonal,5.5,446.4,889.3
ba3(bn2)2,liquid,4.59,533.0,1079.8
ba3(bn2)2,orthorhombic,4.59,533.0,421.3
ba3(bo3)2,liquid,4.91,498.7,1967.9
ba3(bo3)2,trigonal,4.91,498.7,1066.0
ba3(cdas2)2,liquid,5.7,431.3,924.4
ba3(cdas2)2,monoclinic,5.7,431.3,510.3
ba3(cdsb2)2,liquid,5.78,424.8,931.1
ba3(cdsb2)2,monoclinic,5.78,424.8,439.9
ba3(gas3)2,liquid,4.06,600.7,1356.6
ba3(gas3)2,monoclinic,4.06,600.7,565.7
ba3(ge4ir)4,liquid,7.88,313.5,722.1
ba3(ge4ir)4,tetragonal,7.88,313.5,394.9
ba3(gen)2,liquid,5.25,467.1,858.6
ba3(gen)2,monoclinic,5.25,467.1,326.6
ba3(h6ir)2,liquid,5.74,428.2,853.7
ba3(h6ir)2,trigonal,5.74,428.2,435.6
ba3(inp2)2,liquid,4.6,531.6,903.6
ba3(inp2)2,monoclinic,4.6,531.6,383.6
ba3(lias)4,liquid,4.55,538.0,965.7
ba3(lias)4,orthorhombic,4.55,538.0,370.8
ba3(libi)4,liquid,6.23,395.1,896.6
ba3(libi)4,orthorhombic,6.23,395.1,495.2
ba3(lisb)4,liquid,4.78,512.5,978.9
ba3(lisb)4,orthorhombic,4.78,512.5,465.4
ba3(lisn2)4,liquid,5.37,456.8,783.6
ba3(lisn2)4,monoclinic,5.37,456.8,343.9
ba3(nasb2)2,liquid,4.73,518.0,950.0
ba3(nasb2)2,monoclinic,4.73,518.0,377.7
ba3(po4)2,liquid,5.17,474.1,2032.5
ba3(po4)2,trigonal,5.17,474.1,874.9
ba3(ps4)2,liquid,3.52,690.2,1255.3
ba3(ps4)2,monoclinic,3.52,690.2,613.4
ba3(rho2)14,liquid,6.85,359.5,1225.5
ba3(rho2)14,triclinic,6.85,359.5,557.8
ba3(sbo3)2,liquid,5.5,446.2,1707.8
ba3(sbo3)2,triclinic,5.5,446.2,754.2
ba3(si2p3)2,liquid,3.7,658.7,845.2
ba3(si2p3)2,monoclinic,3.7,658.7,457.4
ba3(sias2)2,liquid,4.57,535.5,911.0
ba3(sias2)2,monoclinic,4.57,535.5,469.2
ba3(snas2)2,liquid,5.19,472.8,917.3
ba3(snas2)2,monoclinic,5.19,472.8,462.6
ba3(snp2)2,liquid,4.53,539.8,893.8
ba3(snp2)2,monoclinic,4.53,539.8,459.8
ba3(tas4)2,liquid,5.09,481.7,1379.2
ba3(tas4)2,monoclinic,5.09,481.7,766.1
ba3(znas2)2,liquid,5.47,449.1,932.2
ba3(znas2)2,monoclinic,5.47,449.1,504.0
ba32sb7pb25o96,liquid,7.62,323.7,1551.1
ba32sb7pb25o96,orthorhombic,7.62,323.7,815.4
ba3ag2,liquid,4.99,491.4,651.2
ba3ag2,trigonal,4.99,491.4,319.7
ba3al2b10h4o23,liquid,3.02,801.7,1831.0
ba3al2b10h4o23,orthorhombic,3.02,801.7,881.1
ba3al2f12,liquid,4.81,509.2,2382.7
ba3al2f12,orthorhombic,4.81,509.2,1257.1
ba3al3as5,liquid,4.38,557.6,947.1
ba3al3as5,trigonal,4.38,557.6,497.0
ba3al3ga2,liquid,4.62,530.0,704.4
ba3al3ga2,hexagonal,4.62,530.0,370.9
ba3al3p5,liquid,3.53,688.9,965.8
ba3al3p5,trigonal,3.53,688.9,548.2
ba3alas3,liquid,4.73,517.3,1019.1
ba3alas3,orthorhombic,4.73,517.3,546.0
ba3alho4,liquid,5.19,472.8,1792.2
ba3alho4,orthorhombic,5.19,472.8,749.0
ba3alo4,liquid,5.24,467.8,1875.2
ba3alo4,orthorhombic,5.24,467.8,933.9
ba3alp3,liquid,4.07,599.6,1004.8
ba3alp3,orthorhombic,4.07,599.6,553.5
ba3alsb3,liquid,4.82,507.6,998.1
ba3alsb3,orthorhombic,4.82,507.6,534.2
ba3as14,liquid,4.88,501.6,751.3
ba3as14,monoclinic,4.88,501.6,355.1
ba3au2,liquid,6.91,356.5,822.7
ba3au2,trigonal,6.91,356.5,400.8
ba3b(bro)3,liquid,4.57,535.3,1867.1
ba3b(bro)3,triclinic,4.57,535.3,891.9
ba3b3pb2bro9,liquid,5.86,419.7,1781.4
ba3b3pb2bro9,orthorhombic,5.86,419.7,740.1
ba3b3pb2clo9,liquid,5.58,440.4,1794.5
ba3b3pb2clo9,orthorhombic,5.58,440.4,875.1
ba3b6h2o13,liquid,3.97,614.4,1847.1
ba3b6h2o13,monoclinic,3.97,614.4,1033.2
ba3b6o11f2,liquid,4.28,571.0,1993.3
ba3b6o11f2,monoclinic,4.28,571.0,1058.8
ba3baso3,liquid,4.76,514.2,1689.9
ba3baso3,hexagonal,4.76,514.2,661.2
ba3bpo3,liquid,4.52,541.6,1672.9
ba3bpo3,hexagonal,4.52,541.6,860.7
ba3bi(clo)3,liquid,4.87,503.4,1775.0
ba3bi(clo)3,orthorhombic,4.87,503.4,969.2
ba3bi2(po4)4,liquid,5.22,470.2,1850.9
ba3bi2(po4)4,monoclinic,5.22,470.2,876.8
ba3bi2ruo9,liquid,7.34,336.2,1548.8
ba3bi2ruo9,triclinic,7.34,336.2,742.8
ba3bi2teo9,liquid,7.15,344.8,1600.6
ba3bi2teo9,trigonal,7.15,344.8,861.6
ba3bi6pbse13,liquid,6.67,369.4,1057.4
ba3bi6pbse13,monoclinic,6.67,369.4,417.1
ba3biirruo9,liquid,7.5,328.8,1520.5
ba3biirruo9,monoclinic,7.5,328.8,617.8
ba3bin,liquid,6.01,408.9,932.0
ba3bin,hexagonal,6.01,408.9,396.4
ba3ca2(sin3)2,liquid,4.57,535.2,1074.6
ba3ca2(sin3)2,monoclinic,4.57,535.2,512.3
ba3ca3(mon4)2,liquid,4.64,527.4,1049.7
ba3ca3(mon4)2,orthorhombic,4.64,527.4,439.4
ba3cabi2o9,liquid,6.76,364.2,1638.4
ba3cabi2o9,orthorhombic,6.76,364.2,672.0
ba3cair2o9,liquid,7.33,336.6,1620.9
ba3cair2o9,monoclinic,7.33,336.6,823.0
ba3canb2o9,liquid,5.65,434.8,2036.4
ba3canb2o9,trigonal,5.65,434.8,1035.7
ba3caru2o9,liquid,5.75,427.4,1664.9
ba3caru2o9,hexagonal,5.75,427.4,913.0
ba3casb2o9,liquid,5.76,426.8,1793.0
ba3casb2o9,monoclinic,5.76,426.8,782.1
ba3cata2o9,liquid,6.99,352.8,2103.9
ba3cata2o9,trigonal,6.99,352.8,840.0
ba3cdir2o9,liquid,7.68,321.5,1480.2
ba3cdir2o9,monoclinic,7.68,321.5,629.1
ba3ceru2o9,liquid,6.53,377.2,1751.2
ba3ceru2o9,hexagonal,6.53,377.2,823.9
ba3co(cn)3,liquid,4.34,562.8,862.2
ba3co(cn)3,hexagonal,4.34,562.8,418.3
ba3co3te(po7)2,liquid,4.83,506.6,1674.6
ba3co3te(po7)2,trigonal,4.83,506.6,891.0
ba3coir2o9,liquid,7.74,319.1,1475.3
ba3coir2o9,hexagonal,7.74,319.1,735.9
ba3cosb2o9,liquid,6.34,388.0,1646.3
ba3cosb2o9,hexagonal,6.34,388.0,703.2
ba3cr2moo9,liquid,6.06,406.1,1760.8
ba3cr2moo9,hexagonal,6.06,406.1,693.2
ba3cr2o8,liquid,5.0,489.9,1733.3
ba3cr2o8,triclinic,5.0,489.9,749.5
ba3cr2o8,liquid,5.18,473.5,1758.6
ba3cr2o8,monoclinic,5.18,473.5,765.1
ba3cr2wo9,liquid,6.71,367.2,1795.7
ba3cr2wo9,hexagonal,6.71,367.2,881.0
ba3crn3,liquid,5.08,482.9,958.8
ba3crn3,hexagonal,5.08,482.9,415.1
ba3cu17agp6,liquid,6.71,366.9,689.6
ba3cu17agp6,monoclinic,6.71,366.9,333.6
ba3curu2o9,liquid,6.58,374.2,1502.9
ba3curu2o9,orthorhombic,6.58,374.2,581.5
ba3dy(bo3)3,liquid,5.31,462.2,2035.3
ba3dy(bo3)3,hexagonal,5.31,462.2,1189.6
ba3dy2(ps4)4,liquid,3.53,689.2,1221.3
ba3dy2(ps4)4,orthorhombic,3.53,689.2,671.9
ba3dy2moo9,liquid,6.72,366.6,1979.8
ba3dy2moo9,orthorhombic,6.72,366.6,992.8
ba3dy2wo9,liquid,7.3,337.6,2019.0
ba3dy2wo9,orthorhombic,7.3,337.6,956.6
ba3dyirruo9,liquid,7.44,331.5,1714.6
ba3dyirruo9,hexagonal,7.44,331.5,977.0
ba3dyru2o9,liquid,6.81,361.7,1734.8
ba3dyru2o9,hexagonal,6.81,361.7,897.6
ba3er(bo3)3,liquid,5.37,456.7,2039.0
ba3er(bo3)3,hexagonal,5.37,456.7,977.7
ba3er2(ps4)4,liquid,3.58,679.9,1218.9
ba3er2(ps4)4,orthorhombic,3.58,679.9,513.2
ba3er2moo9,liquid,6.94,355.1,2001.6
ba3er2moo9,monoclinic,6.94,355.1,803.3
ba3erirruo9,liquid,7.54,327.1,1720.4
ba3erirruo9,hexagonal,7.54,327.1,733.3
ba3ermn2o9,liquid,6.35,387.9,1790.0
ba3ermn2o9,hexagonal,6.35,387.9,1023.4
ba3erru2o9,liquid,6.92,356.4,1740.4
ba3erru2o9,hexagonal,6.92,356.4,911.1
ba3euru2o9,liquid,6.57,375.1,1668.2
ba3euru2o9,hexagonal,6.57,375.1,814.2
ba3fe2br2o5,liquid,4.74,516.7,1649.9
ba3fe2br2o5,cubic,4.74,516.7,787.9
ba3fe2cl2o5,liquid,4.3,567.9,1689.4
ba3fe2cl2o5,cubic,4.3,567.9,826.8
ba3fe2teo9,liquid,6.13,401.0,1605.4
ba3fe2teo9,hexagonal,6.13,401.0,919.6
ba3fe2wo9,liquid,6.61,372.5,1685.2
ba3fe2wo9,hexagonal,6.61,372.5,911.4
ba3fe4p8pbo28,liquid,4.12,593.1,1771.1
ba3fe4p8pbo28,triclinic,4.12,593.1,946.5
ba3fen3,liquid,5.28,464.6,870.2
ba3fen3,hexagonal,5.28,464.6,447.9
ba3feru2o9,liquid,6.53,376.8,1559.2
ba3feru2o9,hexagonal,6.53,376.8,763.1
ba3ga2b10h4o23,liquid,3.27,742.2,1768.5
ba3ga2b10h4o23,orthorhombic,3.27,742.2,823.9
ba3ga3p5,liquid,4.24,575.5,896.2
ba3ga3p5,trigonal,4.24,575.5,496.1
ba3ga4o9,liquid,5.11,480.1,1758.1
ba3ga4o9,triclinic,5.11,480.1,867.9
ba3gaas3,liquid,4.96,493.7,1000.2
ba3gaas3,orthorhombic,4.96,493.7,452.0
ba3gan3,liquid,5.31,461.9,840.1
ba3gan3,hexagonal,5.31,461.9,414.8
ba3gap3,liquid,4.4,556.1,976.1
ba3gap3,orthorhombic,4.4,556.1,463.1
ba3gas4br,liquid,4.4,555.1,1482.6
ba3gas4br,orthorhombic,4.4,555.1,655.7
ba3gas4cl,liquid,4.21,579.9,1508.8
ba3gas4cl,orthorhombic,4.21,579.9,643.2
ba3gasb3,liquid,5.11,479.9,994.1
ba3gasb3,orthorhombic,5.11,479.9,557.9
ba3gd2(ps4)4,liquid,3.49,695.4,1222.0
ba3gd2(ps4)4,orthorhombic,3.49,695.4,635.0
ba3gdirruo9,liquid,7.29,338.4,1701.8
ba3gdirruo9,hexagonal,7.29,338.4,845.3
ba3ge2(b3o8)2,liquid,4.51,542.6,1851.7
ba3ge2(b3o8)2,triclinic,4.51,542.6,1073.9
ba3ge4,liquid,5.22,469.6,806.4
ba3ge4,orthorhombic,5.22,469.6,350.7
ba3ge5,liquid,5.45,450.3,797.2
ba3ge5,orthorhombic,5.45,450.3,324.0
ba3gei2,liquid,4.54,538.9,1155.2
ba3gei2,orthorhombic,4.54,538.9,661.5
ba3geo,liquid,5.25,467.5,1197.9
ba3geo,orthorhombic,5.25,467.5,530.6
ba3geo5,liquid,5.88,417.9,1834.1
ba3geo5,tetragonal,5.88,417.9,734.6
ba3ges5,liquid,4.2,581.1,1387.9
ba3ges5,orthorhombic,4.2,581.1,535.3
ba3hf2o7,liquid,7.7,320.4,2189.4
ba3hf2o7,tetragonal,7.7,320.4,1056.5
ba3hfta4o15,liquid,7.79,317.0,2137.2
ba3hfta4o15,monoclinic,7.79,317.0,911.4
ba3ho(bo3)3,liquid,5.33,460.4,2037.4
ba3ho(bo3)3,hexagonal,5.33,460.4,922.0
ba3ho2(ps4)4,liquid,3.55,684.7,1219.8
ba3ho2(ps4)4,orthorhombic,3.55,684.7,661.4
ba3ho2moo9,liquid,6.84,360.2,1995.1
ba3ho2moo9,monoclinic,6.84,360.2,967.1
ba3hoirruo9,liquid,7.5,328.9,1717.5
ba3hoirruo9,hexagonal,7.5,328.9,701.4
ba3horu2o9,liquid,6.85,359.8,1737.4
ba3horu2o9,hexagonal,6.85,359.8,814.9
ba3in(bo3)3,liquid,5.22,470.1,1887.3
ba3in(bo3)3,trigonal,5.22,470.1,1035.7
ba3in2(ho)12,liquid,3.79,643.3,1369.4
ba3in2(ho)12,cubic,3.79,643.3,670.9
ba3in2(po4)4,liquid,4.53,539.9,1867.9
ba3in2(po4)4,monoclinic,4.53,539.9,913.3
ba3in2f12,liquid,5.57,441.1,2156.3
ba3in2f12,tetragonal,5.57,441.1,1211.2
ba3in2moo9,liquid,6.51,378.5,1684.1
ba3in2moo9,trigonal,6.51,378.5,903.2
ba3in2o6,liquid,6.32,389.6,1675.9
ba3in2o6,tetragonal,6.32,389.6,927.9
ba3in2p6(ho3)6,liquid,3.61,674.3,1611.1
ba3in2p6(ho3)6,trigonal,3.61,674.3,930.0
ba3in2wo9,liquid,7.1,347.3,1724.1
ba3in2wo9,orthorhombic,7.1,347.3,901.7
ba3inas3,liquid,5.18,473.3,987.7
ba3inas3,orthorhombic,5.18,473.3,557.1
ba3inir2o9,liquid,7.85,314.6,1516.9
ba3inir2o9,hexagonal,7.85,314.6,643.9
ba3inirruo9,liquid,7.28,338.6,1545.1
ba3inirruo9,hexagonal,7.28,338.6,600.2
ba3inru2o9,liquid,6.63,371.7,1567.9
ba3inru2o9,hexagonal,6.63,371.7,613.6
ba3ir(cn)3,liquid,5.14,476.8,874.9
ba3ir(cn)3,hexagonal,5.14,476.8,339.1
ba3irn3,liquid,6.58,374.1,809.7
ba3irn3,hexagonal,6.58,374.1,383.7
ba3la2c5o15f2,liquid,4.54,538.6,1849.9
ba3la2c5o15f2,monoclinic,4.54,538.6,821.8
ba3lair2o9,liquid,7.52,328.0,1672.6
ba3lair2o9,monoclinic,7.52,328.0,794.3
ba3lairruo9,liquid,6.9,357.1,1693.4
ba3lairruo9,hexagonal,6.9,357.1,818.8
ba3laru2o9,liquid,6.47,380.7,1713.3
ba3laru2o9,hexagonal,6.47,380.7,804.0
ba3liir2o9,liquid,7.48,329.8,1534.1
ba3liir2o9,hexagonal,7.48,329.8,615.9
ba3lios2o9,liquid,7.51,328.3,1614.9
ba3lios2o9,hexagonal,7.51,328.3,802.6
ba3liru2o9,liquid,5.92,415.3,1584.5
ba3liru2o9,hexagonal,5.92,415.3,689.6
ba3lu(bo3)3,liquid,5.5,446.4,2044.5
ba3lu(bo3)3,hexagonal,5.5,446.4,1181.9
ba3lu2moo9,liquid,7.46,330.8,2016.8
ba3lu2moo9,trigonal,7.46,330.8,1111.6
ba3lu4o9,liquid,8.18,301.9,2191.9
ba3lu4o9,trigonal,8.18,301.9,1197.5
ba3luir2o9,liquid,8.61,287.2,1704.4
ba3luir2o9,hexagonal,8.61,287.2,835.9
ba3luirruo9,liquid,7.71,320.1,1727.3
ba3luirruo9,hexagonal,7.71,320.1,696.2
ba3luru2o9,liquid,7.06,349.3,1747.4
ba3luru2o9,hexagonal,7.06,349.3,978.2
ba3mgir2o9,liquid,7.5,328.9,1594.6
ba3mgir2o9,hexagonal,7.5,328.9,711.1
ba3mgnb2o9,liquid,5.94,413.8,2019.7
ba3mgnb2o9,trigonal,5.94,413.8,996.7
ba3mgru2o9,liquid,6.19,397.1,1643.2
ba3mgru2o9,hexagonal,6.19,397.1,642.7
ba3mgsb2o9,liquid,6.12,401.9,1763.9
ba3mgsb2o9,hexagonal,6.12,401.9,1022.3
ba3mgta2o9,liquid,7.37,334.7,2085.9
ba3mgta2o9,trigonal,7.37,334.7,893.2
ba3mgtanbo9,liquid,6.65,370.3,2052.9
ba3mgtanbo9,trigonal,6.65,370.3,968.4
ba3mn2o8,liquid,5.27,465.2,1642.4
ba3mn2o8,trigonal,5.27,465.2,919.0
ba3mnn3,liquid,5.24,468.0,915.0
ba3mnn3,hexagonal,5.24,468.0,413.3
ba3mnnb2o9,liquid,6.02,408.4,1957.4
ba3mnnb2o9,trigonal,6.02,408.4,1071.5
ba3mnsb2o9,liquid,6.16,399.6,1702.8
ba3mnsb2o9,monoclinic,6.16,399.6,843.9
ba3mo2(p2o9)2,liquid,4.09,597.0,1832.9
ba3mo2(p2o9)2,triclinic,4.09,597.0,773.9
ba3mon4,liquid,5.36,457.7,1009.8
ba3mon4,orthorhombic,5.36,457.7,434.6
ba3n,liquid,3.78,644.3,730.2
ba3n,hexagonal,3.78,644.3,301.7
ba3na2cr4f20,liquid,4.02,607.4,2099.7
ba3na2cr4f20,monoclinic,4.02,607.4,1126.2
ba3na3(co3)5,liquid,3.75,649.4,1617.6
ba3na3(co3)5,hexagonal,3.75,649.4,814.7
ba3nabio6,liquid,6.19,397.5,1646.2
ba3nabio6,trigonal,6.19,397.5,839.7
ba3nagd3(si3o10)2,liquid,4.59,532.6,2115.7
ba3nagd3(si3o10)2,orthorhombic,4.59,532.6,1109.6
ba3nair2o9,liquid,7.11,346.5,1518.8
ba3nair2o9,hexagonal,7.11,346.5,722.7
ba3nairo6,liquid,6.55,375.7,1618.3
ba3nairo6,trigonal,6.55,375.7,812.4
ba3nairruo9,liquid,6.46,381.0,1542.9
ba3nairruo9,hexagonal,6.46,381.0,795.4
ba3nan,liquid,3.38,719.1,699.4
ba3nan,hexagonal,3.38,719.1,302.8
ba3nanbo6,liquid,5.46,449.4,1889.6
ba3nanbo6,trigonal,5.46,449.4,971.4
ba3nand3(si3o10)2,liquid,4.34,562.8,2110.9
ba3nand3(si3o10)2,orthorhombic,4.34,562.8,865.3
ba3naos2o9,liquid,7.31,337.3,1600.0
ba3naos2o9,hexagonal,7.31,337.3,688.5
ba3naru2o9,liquid,5.75,427.5,1564.7
ba3naru2o9,hexagonal,5.75,427.5,630.1
ba3naruo6,liquid,5.73,429.0,1650.4
ba3naruo6,trigonal,5.73,429.0,922.3
ba3nasbo6,liquid,5.72,429.6,1742.0
ba3nasbo6,trigonal,5.72,429.6,700.5
ba3nasm3(si3o10)2,liquid,4.48,545.5,2116.6
ba3nasm3(si3o10)2,orthorhombic,4.48,545.5,1114.7
ba3natao6,liquid,6.25,393.7,1935.1
ba3natao6,trigonal,6.25,393.7,1105.2
ba3nay3(si3o10)2,liquid,3.97,613.9,2120.2
ba3nay3(si3o10)2,orthorhombic,3.97,613.9,924.9
ba3nb16o23,liquid,6.74,365.4,1762.6
ba3nb16o23,orthorhombic,6.74,365.4,979.3
ba3nb2cdo9,liquid,6.21,395.9,1908.7
ba3nb2cdo9,trigonal,6.21,395.9,828.9
ba3nb2coo9,liquid,6.21,396.0,1908.9
ba3nb2coo9,trigonal,6.21,396.0,802.5
ba3nb2nio9,liquid,6.26,393.2,1905.6
ba3nb2nio9,trigonal,6.26,393.2,1002.7
ba3nb2o8,liquid,5.22,470.4,2017.0
ba3nb2o8,trigonal,5.22,470.4,1016.2
ba3nb2zno9,liquid,6.23,395.2,1932.1
ba3nb2zno9,trigonal,6.23,395.2,974.6
ba3nb6(si2o13)2,liquid,4.46,548.5,2009.6
ba3nb6(si2o13)2,hexagonal,4.46,548.5,795.2
ba3nbas3o,liquid,4.72,519.0,1231.2
ba3nbas3o,orthorhombic,4.72,519.0,533.3
ba3nbga3(sio7)2,liquid,4.83,507.2,1911.5
ba3nbga3(sio7)2,trigonal,4.83,507.2,1073.9
ba3ndir2o9,liquid,7.69,320.9,1666.5
ba3ndir2o9,monoclinic,7.69,320.9,665.8
ba3ndirruo9,liquid,7.06,349.3,1688.1
ba3ndirruo9,hexagonal,7.06,349.3,905.3
ba3ndru2o9,liquid,6.42,383.4,1708.3
ba3ndru2o9,hexagonal,6.42,383.4,756.4
ba3niir2o9,liquid,7.87,313.8,1472.0
ba3niir2o9,hexagonal,7.87,313.8,723.5
ba3niru2o9,liquid,6.66,370.0,1533.9
ba3niru2o9,hexagonal,6.66,370.0,607.0
ba3nisb2o9,liquid,6.41,383.8,1641.4
ba3nisb2o9,hexagonal,6.41,383.8,779.9
ba3osn3,liquid,6.44,382.4,837.8
ba3osn3,hexagonal,6.44,382.4,362.0
ba3p14,liquid,3.16,766.3,777.7
ba3p14,monoclinic,3.16,766.3,410.9
ba3p2,liquid,4.34,563.6,991.5
ba3p2,tetragonal,4.34,563.6,475.3
ba3p3clo10,liquid,3.92,622.0,1963.0
ba3p3clo10,orthorhombic,3.92,622.0,783.0
ba3p3i2,liquid,4.38,558.1,1163.5
ba3p3i2,orthorhombic,4.38,558.1,452.3
ba3p4,liquid,4.14,590.1,976.8
ba3p4,orthorhombic,4.14,590.1,372.1
ba3p6(n4o3)2,liquid,4.42,553.2,1398.8
ba3p6(n4o3)2,trigonal,4.42,553.2,672.7
ba3pb5,liquid,7.97,309.7,777.8
ba3pb5,orthorhombic,7.97,309.7,423.8
ba3pbo,liquid,6.26,392.8,1221.6
ba3pbo,cubic,6.26,392.8,643.1
ba3prir2o9,liquid,7.59,325.0,1660.0
ba3prir2o9,hexagonal,7.59,325.0,790.0
ba3prirruo9,liquid,6.95,354.5,1681.7
ba3prirruo9,hexagonal,6.95,354.5,682.7
ba3prru2o9,liquid,6.34,388.1,1702.0
ba3prru2o9,hexagonal,6.34,388.1,728.6
ba3puo6,liquid,6.65,370.5,1898.5
ba3puo6,cubic,6.65,370.5,902.5
ba3re2o9,liquid,7.74,318.8,1759.0
ba3re2o9,trigonal,7.74,318.8,1008.4
ba3ren3,liquid,6.26,393.0,902.4
ba3ren3,hexagonal,6.26,393.0,409.1
ba3rh(cn)3,liquid,4.46,548.0,858.4
ba3rh(cn)3,hexagonal,4.46,548.0,438.4
ba3run3,liquid,5.56,441.4,824.0
ba3run3,hexagonal,5.56,441.4,322.3
ba3sb2o,liquid,5.36,457.6,1303.9
ba3sb2o,orthorhombic,5.36,457.6,586.3
ba3sb2s7,liquid,4.01,608.3,1232.2
ba3sb2s7,monoclinic,4.01,608.3,476.6
ba3sb2se7,liquid,4.92,497.6,1200.4
ba3sb2se7,monoclinic,4.92,497.6,605.7
ba3sb4o,liquid,5.42,452.9,1163.4
ba3sb4o,monoclinic,5.42,452.9,641.1
ba3sbi3,liquid,4.24,576.4,1350.9
ba3sbi3,cubic,4.24,576.4,695.8
ba3sbn,liquid,5.36,458.2,966.5
ba3sbn,hexagonal,5.36,458.2,436.9
ba3sc(bo3)3,liquid,4.71,519.8,2027.0
ba3sc(bo3)3,hexagonal,4.71,519.8,914.2
ba3scco3f7,liquid,4.46,547.9,2222.1
ba3scco3f7,orthorhombic,4.46,547.9,1254.2
ba3si2(b3o8)2,liquid,4.08,598.0,1968.4
ba3si2(b3o8)2,triclinic,4.08,598.0,1046.3
ba3si4,liquid,3.93,620.5,715.4
ba3si4,tetragonal,3.93,620.5,298.3
ba3si6(no6)2,liquid,4.03,604.8,1932.5
ba3si6(no6)2,trigonal,4.03,604.8,892.2
ba3si6n4o9,liquid,4.05,602.0,1785.6
ba3si6n4o9,trigonal,4.05,602.0,875.3
ba3sii2,liquid,4.27,572.2,1111.2
ba3sii2,orthorhombic,4.27,572.2,541.2
ba3sio,liquid,4.81,509.7,1142.6
ba3sio,orthorhombic,4.81,509.7,580.7
ba3sis5,liquid,4.0,610.0,1451.9
ba3sis5,orthorhombic,4.0,610.0,672.3
ba3smb24,liquid,4.5,543.4,740.9
ba3smb24,tetragonal,4.5,543.4,290.3
ba3smins6,liquid,4.72,518.5,1472.6
ba3smins6,trigonal,4.72,518.5,590.4
ba3smir2o9,liquid,7.83,315.4,1676.3
ba3smir2o9,hexagonal,7.83,315.4,706.1
ba3smirruo9,liquid,7.35,335.4,1698.0
ba3smirruo9,hexagonal,7.35,335.4,709.0
ba3smru2o9,liquid,6.56,375.6,1718.1
ba3smru2o9,hexagonal,6.56,375.6,804.9
ba3sn2o7,liquid,6.74,365.5,1683.2
ba3sn2o7,tetragonal,6.74,365.5,720.3
ba3sn2o7,liquid,6.58,374.5,1751.0
ba3sn2o7,orthorhombic,6.58,374.5,766.6
ba3sn2s7,liquid,4.06,600.7,1262.6
ba3sn2s7,monoclinic,4.06,600.7,543.5
ba3sn5,liquid,5.81,422.9,831.7
ba3sn5,orthorhombic,5.81,422.9,371.4
ba3sno,liquid,5.45,450.4,1239.2
ba3sno,cubic,5.45,450.4,630.9
ba3sr2re3clo15,liquid,5.86,419.3,1807.3
ba3sr2re3clo15,hexagonal,5.86,419.3,871.2
ba3sr9al4(o4f)4,liquid,4.99,491.0,2089.4
ba3sr9al4(o4f)4,tetragonal,4.99,491.0,1200.6
ba3srer2(moo6)2,liquid,6.7,367.5,1939.2
ba3srer2(moo6)2,triclinic,6.7,367.5,950.7
ba3srir2o9,liquid,7.1,347.1,1597.6
ba3srir2o9,monoclinic,7.1,347.1,812.1
ba3srmg2(teo6)2,liquid,6.22,395.5,1754.2
ba3srmg2(teo6)2,trigonal,6.22,395.5,735.2
ba3srnb2o9,liquid,5.35,458.9,2018.6
ba3srnb2o9,hexagonal,5.35,458.9,1137.7
ba3srru2o9,liquid,5.94,413.6,1644.7
ba3srru2o9,monoclinic,5.94,413.6,927.2
ba3srsb2o9,liquid,5.77,425.6,1775.8
ba3srsb2o9,triclinic,5.77,425.6,911.7
ba3srsi8(no)8,liquid,4.12,591.9,1608.4
ba3srsi8(no)8,triclinic,4.12,591.9,688.7
ba3srta2o9,liquid,6.74,365.3,2082.0
ba3srta2o9,hexagonal,6.74,365.3,850.6
ba3ta2cdo9,liquid,7.57,325.9,1975.1
ba3ta2cdo9,trigonal,7.57,325.9,789.3
ba3ta2coo9,liquid,7.99,308.9,1973.9
ba3ta2coo9,trigonal,7.99,308.9,1064.1
ba3ta2mno9,liquid,7.43,332.1,2023.1
ba3ta2mno9,trigonal,7.43,332.1,1004.8
ba3ta2nio9,liquid,7.7,320.4,1970.8
ba3ta2nio9,trigonal,7.7,320.4,957.7
ba3ta2se9,liquid,5.93,414.3,1259.4
ba3ta2se9,monoclinic,5.93,414.3,518.1
ba3ta2zno9,liquid,7.66,322.1,1997.3
ba3ta2zno9,trigonal,7.66,322.1,1145.4
ba3ta4ti4o21,liquid,6.4,384.4,2121.2
ba3ta4ti4o21,monoclinic,6.4,384.4,1023.3
ba3ta4tio15,liquid,7.27,339.3,2107.2
ba3ta4tio15,monoclinic,7.27,339.3,887.5
ba3ta5o15,liquid,8.08,305.7,2094.7
ba3ta5o15,tetragonal,8.08,305.7,924.4
ba3ta6(si2o13)2,liquid,6.13,401.5,2094.1
ba3ta6(si2o13)2,hexagonal,6.13,401.5,880.7
ba3ta6fe2o21,liquid,7.23,340.9,1979.0
ba3ta6fe2o21,monoclinic,7.23,340.9,804.1
ba3taas3o,liquid,5.33,460.3,1242.2
ba3taas3o,orthorhombic,5.33,460.3,694.3
ba3tafe3(sio7)2,liquid,5.01,489.7,1838.0
ba3tafe3(sio7)2,trigonal,5.01,489.7,763.1
ba3tan3cl2,liquid,5.41,453.7,1371.6
ba3tan3cl2,hexagonal,5.41,453.7,727.8
ba3tb(bo2)9,liquid,3.94,618.5,1959.0
ba3tb(bo2)9,hexagonal,3.94,618.5,1061.0
ba3tb2(ps4)4,liquid,3.5,695.1,1222.8
ba3tb2(ps4)4,orthorhombic,3.5,695.1,538.0
ba3tb2wo9,liquid,7.22,341.4,2016.9
ba3tb2wo9,triclinic,7.22,341.4,1011.9
ba3tbirruo9,liquid,7.36,335.0,1712.0
ba3tbirruo9,hexagonal,7.36,335.0,996.2
ba3tbru2o9,liquid,6.75,365.1,1732.1
ba3tbru2o9,hexagonal,6.75,365.1,871.9
ba3te2o9,liquid,6.22,395.3,1624.7
ba3te2o9,hexagonal,6.22,395.3,634.7
ba3te3(bro4)2,liquid,5.0,490.2,1579.2
ba3te3(bro4)2,orthorhombic,5.0,490.2,911.9
ba3te4o11,liquid,5.42,453.2,1556.0
ba3te4o11,triclinic,5.42,453.2,787.7
ba3thse7,liquid,5.58,440.3,1422.2
ba3thse7,orthorhombic,5.58,440.3,619.5
ba3ti20o40,liquid,4.37,559.1,2116.2
ba3ti20o40,monoclinic,4.37,559.1,1051.2
ba3tife2o9,liquid,5.83,421.7,1725.4
ba3tife2o9,hexagonal,5.83,421.7,933.0
ba3tm(bo2)9,liquid,4.06,600.8,1962.3
ba3tm(bo2)9,hexagonal,4.06,600.8,1022.7
ba3tm(bo3)3,liquid,5.59,439.2,2042.1
ba3tm(bo3)3,hexagonal,5.59,439.2,1008.6
ba3tm4o9,liquid,7.61,324.3,2181.5
ba3tm4o9,trigonal,7.61,324.3,904.5
ba3tm4o9,liquid,7.8,316.3,2145.1
ba3tm4o9,trigonal,7.8,316.3,915.6
ba3tmirruo9,liquid,7.61,324.3,1723.6
ba3tmirruo9,hexagonal,7.61,324.3,736.6
ba3uags6,liquid,5.12,478.7,1406.6
ba3uags6,trigonal,5.12,478.7,695.5
ba3ufe2o9,liquid,7.1,347.3,1849.6
ba3ufe2o9,orthorhombic,7.1,347.3,855.3
ba3uin2o9,liquid,7.07,348.8,1886.8
ba3uin2o9,orthorhombic,7.07,348.8,905.9
ba3v2o8,liquid,5.09,482.0,1908.5
ba3v2o8,trigonal,5.09,482.0,876.5
ba3v4(po4)6,liquid,3.86,632.0,1867.8
ba3v4(po4)6,monoclinic,3.86,632.0,909.1
ba3v4o13,liquid,4.02,607.0,1820.4
ba3v4o13,monoclinic,4.02,607.0,886.6
ba3v4pbo14,liquid,4.65,525.8,1780.4
ba3v4pbo14,triclinic,4.65,525.8,919.5
ba3wcl2o5,liquid,5.1,480.8,1858.6
ba3wcl2o5,orthorhombic,5.1,480.8,1004.1
ba3wn4,liquid,6.14,400.7,1038.0
ba3wn4,orthorhombic,6.14,400.7,435.5
ba3wo6,liquid,6.29,390.9,1839.3
ba3wo6,triclinic,6.29,390.9,873.7
ba3y(bo3)3,liquid,4.76,514.5,2031.7
ba3y(bo3)3,hexagonal,4.76,514.5,868.3
ba3y2(b2o5)3,liquid,3.95,617.1,2030.5
ba3y2(b2o5)3,cubic,3.95,617.1,953.0
ba3y2moo9,liquid,5.7,430.9,1971.9
ba3y2moo9,orthorhombic,5.7,430.9,880.9
ba3y2wo9,liquid,6.5,379.0,2011.0
ba3y2wo9,orthorhombic,6.5,379.0,894.4
ba3yir2o9,liquid,7.55,326.6,1687.3
ba3yir2o9,hexagonal,7.55,326.6,756.6
ba3yirruo9,liquid,6.91,356.9,1709.4
ba3yirruo9,hexagonal,6.91,356.9,759.7
ba3yru2o9,liquid,6.25,393.6,1729.8
ba3yru2o9,hexagonal,6.25,393.6,849.2
ba3yrupto9,liquid,6.78,363.4,1685.8
ba3yrupto9,trigonal,6.78,363.4,839.4
ba3yb2teo5,liquid,7.12,346.4,2001.0
ba3yb2teo5,tetragonal,7.12,346.4,859.7
ba3yb4o9,liquid,8.0,308.6,2154.5
ba3yb4o9,trigonal,8.0,308.6,1192.3
ba3zn3te(po7)2,liquid,4.93,496.9,1733.4
ba3zn3te(po7)2,trigonal,4.93,496.9,972.1
ba3zn5in2o11,liquid,6.09,403.8,1532.3
ba3zn5in2o11,cubic,6.09,403.8,801.8
ba3zn6si4teo20,liquid,4.82,507.9,1732.2
ba3zn6si4teo20,monoclinic,4.82,507.9,905.4
ba3znb5po14,liquid,4.16,586.3,1907.8
ba3znb5po14,orthorhombic,4.16,586.3,1066.5
ba3znir2o9,liquid,7.76,318.1,1500.9
ba3znir2o9,hexagonal,7.76,318.1,781.9
ba3znirruo9,liquid,7.13,345.6,1530.6
ba3znirruo9,trigonal,7.13,345.6,773.1
ba3znru2o9,liquid,6.37,386.4,1555.2
ba3znru2o9,hexagonal,6.37,386.4,820.6
ba3znsb2o9,liquid,6.39,385.0,1671.4
ba3znsb2o9,hexagonal,6.39,385.0,868.6
ba3zr2o7,liquid,6.03,407.9,2133.8
ba3zr2o7,tetragonal,6.03,407.9,1099.1
ba3zr2s7,liquid,4.18,583.5,1517.2
ba3zr2s7,tetragonal,4.18,583.5,850.3
ba3zr6becl18,liquid,3.56,684.0,1579.1
ba3zr6becl18,trigonal,3.56,684.0,748.1
ba3zrir2o9,liquid,7.85,314.3,1710.1
ba3zrir2o9,hexagonal,7.85,314.3,761.9
ba4(pto3)3,liquid,8.21,300.7,1483.8
ba4(pto3)3,triclinic,8.21,300.7,602.6
ba4(sn3bi)3,liquid,7.0,352.0,760.7
ba4(sn3bi)3,hexagonal,7.0,352.0,395.8
ba4ag3ge20,liquid,5.77,425.8,666.7
ba4ag3ge20,cubic,5.77,425.8,324.2
ba4agauo6,liquid,6.86,359.3,1538.5
ba4agauo6,orthorhombic,6.86,359.3,890.6
ba4al2o7,liquid,5.08,482.7,1984.0
ba4al2o7,orthorhombic,5.08,482.7,929.7
ba4al5,liquid,3.89,627.0,649.8
ba4al5,hexagonal,3.89,627.0,263.2
ba4as2o,liquid,5.04,486.1,1259.9
ba4as2o,tetragonal,5.04,486.1,523.4
ba4as3,liquid,5.1,481.0,1021.0
ba4as3,cubic,5.1,481.0,392.3
ba4bi(iro4)3,liquid,8.13,303.7,1490.8
ba4bi(iro4)3,monoclinic,8.13,303.7,765.6
ba4bi(pbo4)3,liquid,7.82,315.7,1518.0
ba4bi(pbo4)3,monoclinic,7.82,315.7,678.7
ba4bi2o,liquid,6.05,406.3,1233.3
ba4bi2o,tetragonal,6.05,406.3,563.2
ba4bi3,liquid,6.33,388.7,960.3
ba4bi3,cubic,6.33,388.7,474.3
ba4bi3f17,liquid,6.58,374.5,2126.7
ba4bi3f17,triclinic,6.58,374.5,977.2
ba4br6o,liquid,4.59,533.1,1766.9
ba4br6o,hexagonal,4.59,533.1,880.4
ba4cav4cu2f28,liquid,4.1,595.2,2058.9
ba4cav4cu2f28,monoclinic,4.1,595.2,1076.5
ba4ce(ruo4)3,liquid,6.43,382.7,1697.8
ba4ce(ruo4)3,monoclinic,6.43,382.7,759.5
ba4cemn3o12,liquid,5.93,414.4,1799.3
ba4cemn3o12,trigonal,5.93,414.4,1005.3
ba4cl6o,liquid,3.86,631.7,1897.0
ba4cl6o,hexagonal,3.86,631.7,804.7
ba4co(reo6)2,liquid,7.35,335.7,1732.6
ba4co(reo6)2,trigonal,7.35,335.7,759.4
ba4cu11(te4s)2,liquid,6.45,381.6,923.6
ba4cu11(te4s)2,monoclinic,6.45,381.6,472.1
ba4cu2si21,liquid,3.74,650.4,639.5
ba4cu2si21,orthorhombic,3.74,650.4,337.3
ba4cu3ge20,liquid,5.75,427.4,673.8
ba4cu3ge20,cubic,5.75,427.4,357.9
ba4cu3si20,liquid,3.91,624.0,646.3
ba4cu3si20,cubic,3.91,624.0,248.8
ba4cu8p15,liquid,4.96,493.9,764.8
ba4cu8p15,orthorhombic,4.96,493.9,373.6
ba4fe4o11,liquid,5.73,429.1,1551.9
ba4fe4o11,triclinic,5.73,429.1,848.1
ba4ga2o7,liquid,5.71,430.2,1793.5
ba4ga2o7,monoclinic,5.71,430.2,825.9
ba4ga3si20,liquid,3.81,639.6,634.1
ba4ga3si20,cubic,3.81,639.6,252.4
ba4gd(cuo3)3,liquid,6.28,392.0,1616.6
ba4gd(cuo3)3,cubic,6.28,392.0,907.2
ba4ge20au3,liquid,6.46,380.9,694.8
ba4ge20au3,cubic,6.46,380.9,301.0
ba4geas4,liquid,4.96,494.5,986.5
ba4geas4,cubic,4.96,494.5,541.1
ba4gep4,liquid,4.28,570.2,962.8
ba4gep4,cubic,4.28,570.2,464.0
ba4hf3o10,liquid,7.88,313.4,2163.0
ba4hf3o10,tetragonal,7.88,313.4,1221.4
ba4ho(cuo3)3,liquid,6.45,381.8,1627.8
ba4ho(cuo3)3,cubic,6.45,381.8,710.1
ba4i6o,liquid,4.88,501.7,1572.4
ba4i6o,hexagonal,4.88,501.7,644.7
ba4in2te2s5,liquid,4.9,500.1,1327.0
ba4in2te2s5,tetragonal,4.9,500.1,678.3
ba4inags6,liquid,4.61,530.9,1360.2
ba4inags6,monoclinic,4.61,530.9,713.0
ba4insbo8,liquid,6.28,391.9,1755.9
ba4insbo8,orthorhombic,6.28,391.9,821.0
ba4ir3o10,liquid,8.24,299.6,1515.7
ba4ir3o10,monoclinic,8.24,299.6,813.5
ba4iro6,liquid,7.13,345.9,1667.7
ba4iro6,trigonal,7.13,345.9,956.3
ba4lage3sbse13,liquid,5.04,486.2,1206.0
ba4lage3sbse13,monoclinic,5.04,486.2,514.2
ba4li(bio4)3,liquid,7.09,347.9,1538.3
ba4li(bio4)3,cubic,7.09,347.9,668.8
ba4li(sbo4)3,liquid,6.36,387.3,1700.8
ba4li(sbo4)3,cubic,6.36,387.3,887.2
ba4li2(cdas2)3,liquid,5.36,457.7,916.2
ba4li2(cdas2)3,orthorhombic,5.36,457.7,436.0
ba4li2(cdp2)3,liquid,4.69,521.8,893.9
ba4li2(cdp2)3,orthorhombic,4.69,521.8,497.1
ba4licu(co5)2,liquid,5.05,485.6,1666.8
ba4licu(co5)2,tetragonal,5.05,485.6,689.5
ba4limo2n7,liquid,5.38,456.2,993.0
ba4limo2n7,monoclinic,5.38,456.2,471.8
ba4linb3o12,liquid,5.86,419.7,1993.0
ba4linb3o12,hexagonal,5.86,419.7,1050.7
ba4lita3o12,liquid,7.44,331.5,2065.2
ba4lita3o12,hexagonal,7.44,331.5,927.6
ba4liw2n7,liquid,6.32,389.4,1024.4
ba4liw2n7,monoclinic,6.32,389.4,399.3
ba4mg(bio4)3,liquid,7.18,343.6,1591.7
ba4mg(bio4)3,cubic,7.18,343.6,697.6
ba4mg(sin3)2,liquid,5.03,487.8,1036.5
ba4mg(sin3)2,orthorhombic,5.03,487.8,473.6
ba4mgta10o30,liquid,7.59,325.1,2088.5
ba4mgta10o30,orthorhombic,7.59,325.1,970.4
ba4mn3o10,liquid,6.01,408.9,1695.8
ba4mn3o10,orthorhombic,6.01,408.9,867.7
ba4mnga2(s3f2)2,liquid,4.38,558.1,1673.1
ba4mnga2(s3f2)2,orthorhombic,4.38,558.1,798.7
ba4na(bn2)3,liquid,4.48,545.6,1055.7
ba4na(bn2)3,cubic,4.48,545.6,575.1
ba4na(bo3)3,liquid,4.82,507.9,1922.9
ba4na(bo3)3,cubic,4.82,507.9,1122.3
ba4na(bio4)3,liquid,7.02,351.2,1532.1
ba4na(bio4)3,cubic,7.02,351.2,747.6
ba4na(ruo4)3,liquid,6.09,403.6,1567.6
ba4na(ruo4)3,hexagonal,6.09,403.6,818.4
ba4na(sbo4)3,liquid,6.3,390.6,1692.8
ba4na(sbo4)3,cubic,6.3,390.6,969.1
ba4na2w2o11,liquid,6.02,408.5,1771.1
ba4na2w2o11,orthorhombic,6.02,408.5,968.7
ba4naal2b8(bro6)3,liquid,3.88,628.1,1914.5
ba4naal2b8(bro6)3,tetragonal,3.88,628.1,898.9
ba4naal2b8(clo6)3,liquid,3.55,684.3,1936.3
ba4naal2b8(clo6)3,tetragonal,3.55,684.3,808.2
ba4nacu(co5)2,liquid,4.98,492.6,1656.9
ba4nacu(co5)2,tetragonal,4.98,492.6,739.4
ba4naga2b8(bro6)3,liquid,4.1,594.7,1841.2
ba4naga2b8(bro6)3,tetragonal,4.1,594.7,1045.8
ba4naga2b8(clo6)3,liquid,3.78,645.0,1863.0
ba4naga2b8(clo6)3,tetragonal,3.78,645.0,996.2
ba4namn2o9,liquid,5.46,449.6,1664.1
ba4namn2o9,trigonal,5.46,449.6,797.8
ba4nb14o23,liquid,6.67,369.3,1815.1
ba4nb14o23,orthorhombic,6.67,369.3,879.2
ba4nb2(of4)3,liquid,4.71,520.2,2259.7
ba4nb2(of4)3,monoclinic,4.71,520.2,1194.9
ba4nb2o9,liquid,5.37,456.9,2000.6
ba4nb2o9,hexagonal,5.37,456.9,1157.3
ba4nb2wo12,liquid,6.48,380.2,1946.5
ba4nb2wo12,trigonal,6.48,380.2,1024.4
ba4nbfeo8,liquid,5.72,429.4,1857.0
ba4nbfeo8,monoclinic,5.72,429.4,1017.3
ba4nd(iro4)3,liquid,7.77,317.8,1617.2
ba4nd(iro4)3,monoclinic,7.77,317.8,721.3
ba4nd4zn3pto15,liquid,6.95,354.7,1814.6
ba4nd4zn3pto15,hexagonal,6.95,354.7,705.9
ba4os6clo18,liquid,7.83,315.2,1481.4
ba4os6clo18,cubic,7.83,315.2,586.9
ba4p2o,liquid,4.57,535.2,1228.5
ba4p2o,orthorhombic,4.57,535.2,611.0
ba4p3,liquid,4.4,556.0,1001.8
ba4p3,orthorhombic,4.4,556.0,519.7
ba4p3hf24,liquid,3.79,642.2,2066.8
ba4p3hf24,triclinic,3.79,642.2,1034.3
ba4pdo6,liquid,6.39,385.1,1639.8
ba4pdo6,trigonal,6.39,385.1,661.1
ba4pto6,liquid,7.12,346.4,1660.5
ba4pto6,trigonal,7.12,346.4,871.1
ba4re2nio12,liquid,6.9,357.1,1722.5
ba4re2nio12,trigonal,6.9,357.1,918.7
ba4ru3o10,liquid,6.61,372.4,1580.6
ba4ru3o10,orthorhombic,6.61,372.4,814.0
ba4sb2o,liquid,5.17,474.3,1293.0
ba4sb2o,tetragonal,5.17,474.3,603.5
ba4sb2o9,liquid,5.81,423.1,1742.2
ba4sb2o9,hexagonal,5.81,423.1,927.1
ba4sb4se11,liquid,5.26,466.8,1137.9
ba4sb4se11,orthorhombic,5.26,466.8,544.5
ba4sc2cu2o9,liquid,5.49,447.1,1814.2
ba4sc2cu2o9,orthorhombic,5.49,447.1,747.2
ba4screwo12,liquid,6.87,358.8,1897.6
ba4screwo12,trigonal,6.87,358.8,985.4
ba4si20au3,liquid,4.87,503.5,678.1
ba4si20au3,cubic,4.87,503.5,252.0
ba4si21au2,liquid,4.43,552.4,657.5
ba4si21au2,orthorhombic,4.43,552.4,348.8
ba4si3br2,liquid,4.45,549.7,1055.1
ba4si3br2,monoclinic,4.45,549.7,486.6
ba4sias4,liquid,4.8,510.7,997.7
ba4sias4,cubic,4.8,510.7,539.6
ba4sip4,liquid,4.12,592.4,986.4
ba4sip4,cubic,4.12,592.4,401.1
ba4sisb2se11,liquid,5.05,485.5,1180.5
ba4sisb2se11,orthorhombic,5.05,485.5,589.9
ba4sm3cl16,liquid,4.01,608.1,1806.2
ba4sm3cl16,trigonal,4.01,608.1,719.4
ba4sn3o10,liquid,6.84,360.2,1672.6
ba4sn3o10,tetragonal,6.84,360.2,860.9
ba4sr2gd2co4o15,liquid,6.14,400.8,1708.8
ba4sr2gd2co4o15,triclinic,6.14,400.8,778.8
ba4sr2la2co4o15,liquid,5.75,427.1,1714.3
ba4sr2la2co4o15,monoclinic,5.75,427.1,887.7
ba4sr2nd2co4o15,liquid,5.91,416.1,1706.1
ba4sr2nd2co4o15,monoclinic,5.91,416.1,699.2
ba4sr2sm2co4o15,liquid,6.04,407.1,1712.9
ba4sr2sm2co4o15,triclinic,6.04,407.1,752.3
ba4ta10coo30,liquid,7.73,319.4,2052.3
ba4ta10coo30,orthorhombic,7.73,319.4,993.6
ba4ta10feo30,liquid,7.68,321.4,2058.7
ba4ta10feo30,orthorhombic,7.68,321.4,826.6
ba4ta2o9,liquid,6.36,386.7,2061.8
ba4ta2o9,monoclinic,6.36,386.7,844.9
ba4ti13o30,liquid,4.48,546.2,2137.0
ba4ti13o30,orthorhombic,4.48,546.2,1105.1
ba4ti2pto10,liquid,6.28,392.1,1903.5
ba4ti2pto10,orthorhombic,6.28,392.1,958.1
ba4tias4,liquid,4.77,513.5,1045.9
ba4tias4,cubic,4.77,513.5,465.0
ba4tip4,liquid,4.1,595.8,1031.4
ba4tip4,cubic,4.1,595.8,561.8
ba4tl13hg3,liquid,9.94,249.0,672.3
ba4tl13hg3,monoclinic,9.94,249.0,332.5
ba4u8as2o33,liquid,6.49,379.3,2068.8
ba4u8as2o33,orthorhombic,6.49,379.3,1070.3
ba4ucr2s9,liquid,4.81,508.7,1387.7
ba4ucr2s9,trigonal,4.81,508.7,728.1
ba4use6,liquid,5.61,437.9,1485.5
ba4use6,trigonal,5.61,437.9,783.7
ba4w(n2cl)2,liquid,5.02,488.5,1279.5
ba4w(n2cl)2,monoclinic,5.02,488.5,505.3
ba4y(cuo3)3,liquid,6.1,403.5,1620.8
ba4y(cuo3)3,cubic,6.1,403.5,681.7
ba4y3f17,liquid,5.25,467.6,2492.8
ba4y3f17,triclinic,5.25,467.6,1231.3
ba4yb(cuo3)3,liquid,6.74,365.6,1575.0
ba4yb(cuo3)3,cubic,6.74,365.6,663.9
ba4zn2cuge20,liquid,5.68,432.4,677.8
ba4zn2cuge20,orthorhombic,5.68,432.4,360.6
ba4zn4b14pb2o31,liquid,4.36,560.2,1787.7
ba4zn4b14pb2o31,trigonal,4.36,560.2,702.3
ba4zr(ruo4)3,liquid,6.45,381.6,1702.1
ba4zr(ruo4)3,trigonal,6.45,381.6,970.8
ba5(ga3h)2,liquid,4.8,510.2,797.7
ba5(ga3h)2,trigonal,4.8,510.2,348.4
ba5(ga3h)2,liquid,4.81,508.8,778.1
ba5(ga3h)2,trigonal,4.81,508.8,320.1
ba5(io6)2,liquid,5.8,423.8,1584.6
ba5(io6)2,orthorhombic,5.8,423.8,737.1
ba5(in2sb3)2,liquid,5.4,454.2,911.0
ba5(in2sb3)2,orthorhombic,5.4,454.2,449.4
ba5(insb3)2,liquid,5.37,457.1,962.2
ba5(insb3)2,orthorhombic,5.37,457.1,446.6
ba5(ruo5)2,liquid,6.21,396.0,1648.8
ba5(ruo5)2,hexagonal,6.21,396.0,677.7
ba5(tin3)2,liquid,5.4,454.6,1063.5
ba5(tin3)2,triclinic,5.4,454.6,589.6
ba5al2ge7,liquid,5.04,486.2,787.3
ba5al2ge7,monoclinic,5.04,486.2,388.3
ba5al2in2irclo13,liquid,5.97,411.6,1764.7
ba5al2in2irclo13,hexagonal,5.97,411.6,810.8
ba5al5pb,liquid,4.7,521.3,698.9
ba5al5pb,hexagonal,4.7,521.3,272.0
ba5al5sn,liquid,4.33,564.7,706.1
ba5al5sn,hexagonal,4.33,564.7,301.1
ba5alir2o11,liquid,6.79,362.9,1699.1
ba5alir2o11,orthorhombic,6.79,362.9,888.9
ba5alru2o11,liquid,5.82,422.1,1735.9
ba5alru2o11,orthorhombic,5.82,422.1,884.9
ba5as3clo12,liquid,4.79,511.6,1783.4
ba5as3clo12,hexagonal,4.79,511.6,970.9
ba5b3bro9,liquid,4.79,511.6,1956.9
ba5b3bro9,orthorhombic,4.79,511.6,1136.1
ba5b3clo9,liquid,4.65,526.1,1974.6
ba5b3clo9,orthorhombic,4.65,526.1,1038.4
ba5b4o11,liquid,4.72,518.7,1967.9
ba5b4o11,orthorhombic,4.72,518.7,874.4
ba5bi3,liquid,5.96,412.8,953.0
ba5bi3,hexagonal,5.96,412.8,382.5
ba5cd2(sb2o)2,liquid,5.87,418.5,1209.1
ba5cd2(sb2o)2,monoclinic,5.87,418.5,577.5
ba5cd2sb5f,liquid,5.6,438.6,1141.9
ba5cd2sb5f,orthorhombic,5.6,438.6,617.2
ba5cr3clo12,liquid,4.38,558.6,1747.4
ba5cr3clo12,hexagonal,4.38,558.6,775.0
ba5cr3o12f,liquid,4.52,540.8,1793.3
ba5cr3o12f,hexagonal,4.52,540.8,932.6
ba5cr3o13,liquid,4.5,543.9,1726.3
ba5cr3o13,monoclinic,4.5,543.9,698.1
ba5crn5,liquid,4.83,507.6,947.9
ba5crn5,monoclinic,4.83,507.6,388.8
ba5cu4clf17,liquid,4.84,506.2,1939.4
ba5cu4clf17,hexagonal,4.84,506.2,924.9
ba5er2zral2o13,liquid,5.78,425.0,2122.5
ba5er2zral2o13,hexagonal,5.78,425.0,1022.8
ba5er8ni4o21,liquid,8.04,307.3,1967.9
ba5er8ni4o21,tetragonal,8.04,307.3,819.4
ba5ga5pb,liquid,5.92,415.2,762.6
ba5ga5pb,hexagonal,5.92,415.2,318.8
ba5ga5sn,liquid,5.54,443.3,770.9
ba5ga5sn,hexagonal,5.54,443.3,422.1
ba5ga6,liquid,4.71,520.0,735.0
ba5ga6,hexagonal,4.71,520.0,344.9
ba5ga6,liquid,4.79,511.5,760.4
ba5ga6,hexagonal,4.79,511.5,342.2
ba5garu2o11,liquid,5.96,412.7,1665.6
ba5garu2o11,orthorhombic,5.96,412.7,745.7
ba5ho2zral2o13,liquid,5.73,428.9,2117.9
ba5ho2zral2o13,hexagonal,5.73,428.9,941.4
ba5lasi6,liquid,4.33,563.8,751.2
ba5lasi6,orthorhombic,4.33,563.8,369.9
ba5li2(teo5)3,liquid,6.26,393.2,1648.6
ba5li2(teo5)3,tetragonal,6.26,393.2,729.3
ba5li2(wo5)3,liquid,6.88,358.3,1801.0
ba5li2(wo5)3,hexagonal,6.88,358.3,919.6
ba5li2u3o15,liquid,7.03,350.6,2075.2
ba5li2u3o15,tetragonal,7.03,350.6,983.6
ba5limo2n7cl2,liquid,4.46,547.8,1165.3
ba5limo2n7cl2,monoclinic,4.46,547.8,487.7
ba5lu2zral2o13,liquid,5.99,410.5,2132.8
ba5lu2zral2o13,hexagonal,5.99,410.5,852.2
ba5mg18ge13,liquid,4.09,597.2,726.0
ba5mg18ge13,trigonal,4.09,597.2,365.0
ba5mg18si13,liquid,3.01,803.9,659.2
ba5mg18si13,hexagonal,3.01,803.9,271.9
ba5mn3clo12,liquid,4.63,528.5,1673.2
ba5mn3clo12,hexagonal,4.63,528.5,756.9
ba5mn3o12f,liquid,4.59,533.4,1708.9
ba5mn3o12f,hexagonal,4.59,533.4,837.3
ba5mn5o14,liquid,5.91,415.8,1671.4
ba5mn5o14,orthorhombic,5.91,415.8,853.4
ba5na2ru3o14,liquid,5.49,447.3,1576.2
ba5na2ru3o14,monoclinic,5.49,447.3,869.2
ba5nb3o3f20,liquid,4.55,538.1,2207.1
ba5nb3o3f20,hexagonal,4.55,538.1,1035.8
ba5nb4o15,liquid,6.1,403.3,2022.2
ba5nb4o15,trigonal,6.1,403.3,1029.8
ba5nd8mn4o21,liquid,6.45,381.9,1976.4
ba5nd8mn4o21,tetragonal,6.45,381.9,1155.1
ba5os3clo15,liquid,5.97,412.2,1613.4
ba5os3clo15,hexagonal,5.97,412.2,832.7
ba5os3no18,liquid,5.77,425.7,1539.6
ba5os3no18,hexagonal,5.77,425.7,639.5
ba5p3bro12,liquid,4.69,522.0,2021.5
ba5p3bro12,hexagonal,4.69,522.0,1161.0
ba5p3clo12,liquid,4.57,534.9,2036.4
ba5p3clo12,hexagonal,4.57,534.9,898.8
ba5p3o12f,liquid,4.55,537.1,2073.0
ba5p3o12f,hexagonal,4.55,537.1,1151.8
ba5p4,liquid,4.48,545.3,1004.6
ba5p4,orthorhombic,4.48,545.3,567.2
ba5p5i3,liquid,4.27,572.2,1152.3
ba5p5i3,monoclinic,4.27,572.2,476.8
ba5pt2o9,liquid,7.45,330.9,1589.3
ba5pt2o9,trigonal,7.45,330.9,767.7
ba5re3bro15,liquid,6.04,407.3,1797.9
ba5re3bro15,hexagonal,6.04,407.3,770.1
ba5re3clo15,liquid,5.94,414.2,1806.0
ba5re3clo15,hexagonal,5.94,414.2,906.4
ba5re3io15,liquid,6.13,401.0,1782.2
ba5re3io15,hexagonal,6.13,401.0,854.0
ba5re3no18,liquid,5.77,425.6,1701.6
ba5re3no18,hexagonal,5.77,425.6,664.7
ba5re3o16,liquid,5.89,417.4,1758.5
ba5re3o16,hexagonal,5.89,417.4,840.1
ba5ru2br2o9,liquid,5.0,489.7,1656.0
ba5ru2br2o9,hexagonal,5.0,489.7,744.6
ba5ru2cl2o9,liquid,4.93,496.7,1679.2
ba5ru2cl2o9,hexagonal,4.93,496.7,868.5
ba5sb3,liquid,4.97,492.7,1031.0
ba5sb3,hexagonal,4.97,492.7,522.4
ba5sb4,liquid,5.15,476.3,1062.0
ba5sb4,orthorhombic,5.15,476.3,475.9
ba5si(br3o2)2,liquid,4.58,533.9,1874.8
ba5si(br3o2)2,monoclinic,4.58,533.9,922.9
ba5si(cl3o2)2,liquid,4.07,600.1,1966.2
ba5si(cl3o2)2,monoclinic,4.07,600.1,919.9
ba5sm8mn4o21,liquid,6.78,363.5,1996.0
ba5sm8mn4o21,tetragonal,6.78,363.5,900.6
ba5srla2fe4o15,liquid,5.67,433.1,1777.5
ba5srla2fe4o15,monoclinic,5.67,433.1,1030.8
ba5srnd2fe4o15,liquid,5.99,410.4,1768.5
ba5srnd2fe4o15,monoclinic,5.99,410.4,764.5
ba5ta2cl2o9,liquid,5.28,464.5,2039.8
ba5ta2cl2o9,hexagonal,5.28,464.5,897.7
ba5ta4o15,liquid,7.86,314.0,2097.6
ba5ta4o15,trigonal,7.86,314.0,835.8
ba5tm2zral2o13,liquid,5.84,420.8,2127.3
ba5tm2zral2o13,hexagonal,5.84,420.8,1058.3
ba5v3clo12,liquid,4.5,543.9,1920.5
ba5v3clo12,hexagonal,4.5,543.9,991.1
ba5v3ho13,liquid,4.58,534.6,1870.8
ba5v3ho13,hexagonal,4.58,534.6,1016.5
ba5v5o14,liquid,5.31,462.0,1836.8
ba5v5o14,monoclinic,5.31,462.0,824.3
ba5yb8zn4o21,liquid,8.52,289.9,1997.3
ba5yb8zn4o21,tetragonal,8.52,289.9,1007.1
ba6bi2(teo6)3,liquid,6.64,370.8,1620.7
ba6bi2(teo6)3,orthorhombic,6.64,370.8,842.7
ba6ca2ir3ruo18,liquid,6.85,359.9,1633.2
ba6ca2ir3ruo18,trigonal,6.85,359.9,904.0
ba6ca2ta(ruo6)3,liquid,5.98,411.5,1775.8
ba6ca2ta(ruo6)3,trigonal,5.98,411.5,978.4