material_name,melting_point_c,density_g_cm3,specific_heat_j_kg_k,target_conversion_pct,required_temp_c
Ac,545.0,8.17,302.3,50.0,272.5
Ac,545.0,8.17,302.3,60.0,327.0
Ac,545.0,8.17,302.3,70.0,381.5
Ac,545.0,8.17,302.3,80.0,436.0
Ac,545.0,8.17,302.3,90.0,490.5
Ac,545.0,8.17,302.3,100.0,595.0
Ac2AgPb,716.1,9.49,260.7,50.0,358.1
Ac2AgPb,716.1,9.49,260.7,60.0,429.7
Ac2AgPb,716.1,9.49,260.7,70.0,501.3
Ac2AgPb,716.1,9.49,260.7,80.0,572.9
Ac2AgPb,716.1,9.49,260.7,90.0,644.5
Ac2AgPb,716.1,9.49,260.7,100.0,766.1
Ac2CdHg,695.2,9.57,258.5,50.0,347.6
Ac2CdHg,695.2,9.57,258.5,60.0,417.1
Ac2CdHg,695.2,9.57,258.5,70.0,486.6
Ac2CdHg,695.2,9.57,258.5,80.0,556.1
Ac2CdHg,695.2,9.57,258.5,90.0,625.6
Ac2CdHg,695.2,9.57,258.5,100.0,745.2
Ac2CuGe,673.8,8.6,287.4,50.0,336.9
Ac2CuGe,673.8,8.6,287.4,60.0,404.3
Ac2CuGe,673.8,8.6,287.4,70.0,471.7
Ac2CuGe,673.8,8.6,287.4,80.0,539.1
Ac2CuGe,673.8,8.6,287.4,90.0,606.4
Ac2CuGe,673.8,8.6,287.4,100.0,723.8
Ac2CuIr,654.0,11.32,218.9,50.0,327.0
Ac2CuIr,654.0,11.32,218.9,60.0,392.4
Ac2CuIr,654.0,11.32,218.9,70.0,457.8
Ac2CuIr,654.0,11.32,218.9,80.0,523.2
Ac2CuIr,654.0,11.32,218.9,90.0,588.6
Ac2CuIr,654.0,11.32,218.9,100.0,704.0
Ac2GePd,799.3,9.15,270.1,50.0,399.7
Ac2GePd,799.3,9.15,270.1,60.0,479.6
Ac2GePd,799.3,9.15,270.1,70.0,559.5
Ac2GePd,799.3,9.15,270.1,80.0,639.5
Ac2GePd,799.3,9.15,270.1,90.0,719.4
Ac2GePd,799.3,9.15,270.1,100.0,849.3
Ac2HgGe,762.5,9.67,255.9,50.0,381.2
Ac2HgGe,762.5,9.67,255.9,60.0,457.5
Ac2HgGe,762.5,9.67,255.9,70.0,533.7
Ac2HgGe,762.5,9.67,255.9,80.0,610.0
Ac2HgGe,762.5,9.67,255.9,90.0,686.2
Ac2HgGe,762.5,9.67,255.9,100.0,812.5
Ac2InGa,727.7,8.12,304.3,50.0,363.9
Ac2InGa,727.7,8.12,304.3,60.0,436.6
Ac2InGa,727.7,8.12,304.3,70.0,509.4
Ac2InGa,727.7,8.12,304.3,80.0,582.2
Ac2InGa,727.7,8.12,304.3,90.0,655.0
Ac2InGa,727.7,8.12,304.3,100.0,777.7
Ac2IrAu,812.9,12.81,193.6,50.0,406.5
Ac2IrAu,812.9,12.81,193.6,60.0,487.8
Ac2IrAu,812.9,12.81,193.6,70.0,569.0
Ac2IrAu,812.9,12.81,193.6,80.0,650.3
Ac2IrAu,812.9,12.81,193.6,90.0,731.6
Ac2IrAu,812.9,12.81,193.6,100.0,862.9
Ac2IrPd,799.9,11.93,207.9,50.0,399.9
Ac2IrPd,799.9,11.93,207.9,60.0,479.9
Ac2IrPd,799.9,11.93,207.9,70.0,559.9
Ac2IrPd,799.9,11.93,207.9,80.0,639.9
Ac2IrPd,799.9,11.93,207.9,90.0,719.9
Ac2IrPd,799.9,11.93,207.9,100.0,849.9
Ac2IrRh,740.6,12.27,202.2,50.0,370.3
Ac2IrRh,740.6,12.27,202.2,60.0,444.4
Ac2IrRh,740.6,12.27,202.2,70.0,518.4
Ac2IrRh,740.6,12.27,202.2,80.0,592.5
Ac2IrRh,740.6,12.27,202.2,90.0,666.6
Ac2IrRh,740.6,12.27,202.2,100.0,790.6
Ac2MgGa,603.0,7.06,349.4,50.0,301.5
Ac2MgGa,603.0,7.06,349.4,60.0,361.8
Ac2MgGa,603.0,7.06,349.4,70.0,422.1
Ac2MgGa,603.0,7.06,349.4,80.0,482.4
Ac2MgGa,603.0,7.06,349.4,90.0,542.7
Ac2MgGa,603.0,7.06,349.4,100.0,653.0
Ac2MgPb,620.4,8.05,306.9,50.0,310.2
Ac2MgPb,620.4,8.05,306.9,60.0,372.2
Ac2MgPb,620.4,8.05,306.9,70.0,434.3
Ac2MgPb,620.4,8.05,306.9,80.0,496.3
Ac2MgPb,620.4,8.05,306.9,90.0,558.3
Ac2MgPb,620.4,8.05,306.9,100.0,670.4
Ac2MgSn,655.2,7.18,343.5,50.0,327.6
Ac2MgSn,655.2,7.18,343.5,60.0,393.1
Ac2MgSn,655.2,7.18,343.5,70.0,458.6
Ac2MgSn,655.2,7.18,343.5,80.0,524.2
Ac2MgSn,655.2,7.18,343.5,90.0,589.7
Ac2MgSn,655.2,7.18,343.5,100.0,705.2
Ac2MgTl,589.7,8.09,305.4,50.0,294.8
Ac2MgTl,589.7,8.09,305.4,60.0,353.8
Ac2MgTl,589.7,8.09,305.4,70.0,412.8
Ac2MgTl,589.7,8.09,305.4,80.0,471.7
Ac2MgTl,589.7,8.09,305.4,90.0,530.7
Ac2MgTl,589.7,8.09,305.4,100.0,639.7
Ac2NiIr,646.1,11.67,212.5,50.0,323.1
Ac2NiIr,646.1,11.67,212.5,60.0,387.7
Ac2NiIr,646.1,11.67,212.5,70.0,452.3
Ac2NiIr,646.1,11.67,212.5,80.0,516.9
Ac2NiIr,646.1,11.67,212.5,90.0,581.5
Ac2NiIr,646.1,11.67,212.5,100.0,696.1
Ac2O3,2182.0,9.11,271.5,50.0,1091.0
Ac2O3,2182.0,9.11,271.5,60.0,1309.2
Ac2O3,2182.0,9.11,271.5,70.0,1527.4
Ac2O3,2182.0,9.11,271.5,80.0,1745.6
Ac2O3,2182.0,9.11,271.5,90.0,1963.8
Ac2O3,2182.0,9.11,271.5,100.0,2232.0
Ac2S3,1621.9,6.54,376.8,50.0,810.9
Ac2S3,1621.9,6.54,376.8,60.0,973.1
Ac2S3,1621.9,6.54,376.8,70.0,1135.3
Ac2S3,1621.9,6.54,376.8,80.0,1297.5
Ac2S3,1621.9,6.54,376.8,90.0,1459.7
Ac2S3,1621.9,6.54,376.8,100.0,1671.9
Ac2SiPd,771.1,8.61,287.0,50.0,385.6
Ac2SiPd,771.1,8.61,287.0,60.0,462.7
Ac2SiPd,771.1,8.61,287.0,70.0,539.8
Ac2SiPd,771.1,8.61,287.0,80.0,616.9
Ac2SiPd,771.1,8.61,287.0,90.0,694.0
Ac2SiPd,771.1,8.61,287.0,100.0,821.1
Ac2TlCd,683.2,9.26,267.2,50.0,341.6
Ac2TlCd,683.2,9.26,267.2,60.0,409.9
Ac2TlCd,683.2,9.26,267.2,70.0,478.2
Ac2TlCd,683.2,9.26,267.2,80.0,546.5
Ac2TlCd,683.2,9.26,267.2,90.0,614.8
Ac2TlCd,683.2,9.26,267.2,100.0,733.2
Ac2TlIn,731.0,9.19,269.1,50.0,365.5
Ac2TlIn,731.0,9.19,269.1,60.0,438.6
Ac2TlIn,731.0,9.19,269.1,70.0,511.7
Ac2TlIn,731.0,9.19,269.1,80.0,584.8
Ac2TlIn,731.0,9.19,269.1,90.0,657.9
Ac2TlIn,731.0,9.19,269.1,100.0,781.0
Ac2TlSn,756.6,9.28,266.6,50.0,378.3
Ac2TlSn,756.6,9.28,266.6,60.0,453.9
Ac2TlSn,756.6,9.28,266.6,70.0,529.6
Ac2TlSn,756.6,9.28,266.6,80.0,605.3
Ac2TlSn,756.6,9.28,266.6,90.0,680.9
Ac2TlSn,756.6,9.28,266.6,100.0,806.6
Ac2ZnGe,705.7,8.34,296.3,50.0,352.8
Ac2ZnGe,705.7,8.34,296.3,60.0,423.4
Ac2ZnGe,705.7,8.34,296.3,70.0,494.0
Ac2ZnGe,705.7,8.34,296.3,80.0,564.5
Ac2ZnGe,705.7,8.34,296.3,90.0,635.1
Ac2ZnGe,705.7,8.34,296.3,100.0,755.7
Ac2ZnHg,673.0,9.5,260.3,50.0,336.5
Ac2ZnHg,673.0,9.5,260.3,60.0,403.8
Ac2ZnHg,673.0,9.5,260.3,70.0,471.1
Ac2ZnHg,673.0,9.5,260.3,80.0,538.4
Ac2ZnHg,673.0,9.5,260.3,90.0,605.7
Ac2ZnHg,673.0,9.5,260.3,100.0,723.0
Ac2ZnIn,673.6,8.06,306.3,50.0,336.8
Ac2ZnIn,673.6,8.06,306.3,60.0,404.2
Ac2ZnIn,673.6,8.06,306.3,70.0,471.5
Ac2ZnIn,673.6,8.06,306.3,80.0,538.9
Ac2ZnIn,673.6,8.06,306.3,90.0,606.3
Ac2ZnIn,673.6,8.06,306.3,100.0,723.6
Ac3In,612.6,8.55,289.1,50.0,306.3
Ac3In,612.6,8.55,289.1,60.0,367.6
Ac3In,612.6,8.55,289.1,70.0,428.8
Ac3In,612.6,8.55,289.1,80.0,490.1
Ac3In,612.6,8.55,289.1,90.0,551.3
Ac3In,612.6,8.55,289.1,100.0,662.6
Ac3Tl,573.7,9.51,260.2,50.0,286.9
Ac3Tl,573.7,9.51,260.2,60.0,344.2
Ac3Tl,573.7,9.51,260.2,70.0,401.6
Ac3Tl,573.7,9.51,260.2,80.0,459.0
Ac3Tl,573.7,9.51,260.2,90.0,516.3
Ac3Tl,573.7,9.51,260.2,100.0,623.7
AcAg,622.0,9.04,273.6,50.0,311.0
AcAg,622.0,9.04,273.6,60.0,373.2
AcAg,622.0,9.04,273.6,70.0,435.4
AcAg,622.0,9.04,273.6,80.0,497.6
AcAg,622.0,9.04,273.6,90.0,559.8
AcAg,622.0,9.04,273.6,100.0,672.0
AcAg2Pb,640.1,10.34,239.6,50.0,320.0
AcAg2Pb,640.1,10.34,239.6,60.0,384.1
AcAg2Pb,640.1,10.34,239.6,70.0,448.1
AcAg2Pb,640.1,10.34,239.6,80.0,512.1
AcAg2Pb,640.1,10.34,239.6,90.0,576.1
AcAg2Pb,640.1,10.34,239.6,100.0,690.1
AcAg3,590.2,9.09,272.0,50.0,295.1
AcAg3,590.2,9.09,272.0,60.0,354.1
AcAg3,590.2,9.09,272.0,70.0,413.1
AcAg3,590.2,9.09,272.0,80.0,472.1
AcAg3,590.2,9.09,272.0,90.0,531.2
AcAg3,590.2,9.09,272.0,100.0,640.2
AcAl3,684.0,5.21,470.8,50.0,342.0
AcAl3,684.0,5.21,470.8,60.0,410.4
AcAl3,684.0,5.21,470.8,70.0,478.8
AcAl3,684.0,5.21,470.8,80.0,547.2
AcAl3,684.0,5.21,470.8,90.0,615.6
AcAl3,684.0,5.21,470.8,100.0,734.0
AcAlO3,2160.5,8.73,283.2,50.0,1080.3
AcAlO3,2160.5,8.73,283.2,60.0,1296.3
AcAlO3,2160.5,8.73,283.2,70.0,1512.4
AcAlO3,2160.5,8.73,283.2,80.0,1728.4
AcAlO3,2160.5,8.73,283.2,90.0,1944.5
AcAlO3,2160.5,8.73,283.2,100.0,2210.5
AcAu3,847.1,13.95,177.9,50.0,423.5
AcAu3,847.1,13.95,177.9,60.0,508.2
AcAu3,847.1,13.95,177.9,70.0,593.0
AcAu3,847.1,13.95,177.9,80.0,677.7
AcAu3,847.1,13.95,177.9,90.0,762.4
AcAu3,847.1,13.95,177.9,100.0,897.1
AcBr3,1622.5,5.68,432.6,50.0,811.3
AcBr3,1622.5,5.68,432.6,60.0,973.5
AcBr3,1622.5,5.68,432.6,70.0,1135.8
AcBr3,1622.5,5.68,432.6,80.0,1298.0
AcBr3,1622.5,5.68,432.6,90.0,1460.3
AcBr3,1622.5,5.68,432.6,100.0,1672.5
AcBrO,2028.3,7.65,322.5,50.0,1014.1
AcBrO,2028.3,7.65,322.5,60.0,1217.0
AcBrO,2028.3,7.65,322.5,70.0,1419.8
AcBrO,2028.3,7.65,322.5,80.0,1622.6
AcBrO,2028.3,7.65,322.5,90.0,1825.5
AcBrO,2028.3,7.65,322.5,100.0,2078.3
AcCdHg2,709.8,11.29,219.4,50.0,354.9
AcCdHg2,709.8,11.29,219.4,60.0,425.9
AcCdHg2,709.8,11.29,219.4,70.0,496.9
AcCdHg2,709.8,11.29,219.4,80.0,567.8
AcCdHg2,709.8,11.29,219.4,90.0,638.8
AcCdHg2,709.8,11.29,219.4,100.0,759.8
AcCdRh2,659.3,11.01,225.0,50.0,329.7
AcCdRh2,659.3,11.01,225.0,60.0,395.6
AcCdRh2,659.3,11.01,225.0,70.0,461.5
AcCdRh2,659.3,11.01,225.0,80.0,527.4
AcCdRh2,659.3,11.01,225.0,90.0,593.4
AcCdRh2,659.3,11.01,225.0,100.0,709.3
AcCl3,1754.6,4.72,518.2,50.0,877.3
AcCl3,1754.6,4.72,518.2,60.0,1052.8
AcCl3,1754.6,4.72,518.2,70.0,1228.2
AcCl3,1754.6,4.72,518.2,80.0,1403.7
AcCl3,1754.6,4.72,518.2,90.0,1579.2
AcCl3,1754.6,4.72,518.2,100.0,1804.6
AcClO,2113.9,7.16,344.5,50.0,1056.9
AcClO,2113.9,7.16,344.5,60.0,1268.3
AcClO,2113.9,7.16,344.5,70.0,1479.7
AcClO,2113.9,7.16,344.5,80.0,1691.1
AcClO,2113.9,7.16,344.5,90.0,1902.5
AcClO,2113.9,7.16,344.5,100.0,2163.9
AcCrO3,1912.5,8.85,279.4,50.0,956.3
AcCrO3,1912.5,8.85,279.4,60.0,1147.5
AcCrO3,1912.5,8.85,279.4,70.0,1338.8
AcCrO3,1912.5,8.85,279.4,80.0,1530.0
AcCrO3,1912.5,8.85,279.4,90.0,1721.3
AcCrO3,1912.5,8.85,279.4,100.0,1962.5
AcCu3,526.8,8.57,288.3,50.0,263.4
AcCu3,526.8,8.57,288.3,60.0,316.1
AcCu3,526.8,8.57,288.3,70.0,368.8
AcCu3,526.8,8.57,288.3,80.0,421.4
AcCu3,526.8,8.57,288.3,90.0,474.1
AcCu3,526.8,8.57,288.3,100.0,576.8
AcCuO3,1590.3,9.38,263.7,50.0,795.2
AcCuO3,1590.3,9.38,263.7,60.0,954.2
AcCuO3,1590.3,9.38,263.7,70.0,1113.2
AcCuO3,1590.3,9.38,263.7,80.0,1272.2
AcCuO3,1590.3,9.38,263.7,90.0,1431.3
AcCuO3,1590.3,9.38,263.7,100.0,1640.3
AcEuAu2,850.9,11.54,214.9,50.0,425.5
AcEuAu2,850.9,11.54,214.9,60.0,510.6
AcEuAu2,850.9,11.54,214.9,70.0,595.7
AcEuAu2,850.9,11.54,214.9,80.0,680.8
AcEuAu2,850.9,11.54,214.9,90.0,765.8
AcEuAu2,850.9,11.54,214.9,100.0,900.9
AcEuZn2,617.8,7.5,328.8,50.0,308.9
AcEuZn2,617.8,7.5,328.8,60.0,370.7
AcEuZn2,617.8,7.5,328.8,70.0,432.4
AcEuZn2,617.8,7.5,328.8,80.0,494.2
AcEuZn2,617.8,7.5,328.8,90.0,556.0
AcEuZn2,617.8,7.5,328.8,100.0,667.8
AcF3,2510.6,8.79,281.1,50.0,1255.3
AcF3,2510.6,8.79,281.1,60.0,1506.4
AcF3,2510.6,8.79,281.1,70.0,1757.4
AcF3,2510.6,8.79,281.1,80.0,2008.5
AcF3,2510.6,8.79,281.1,90.0,2259.5
AcF3,2510.6,8.79,281.1,100.0,2560.6
AcFeO3,1747.2,8.89,278.1,50.0,873.6
AcFeO3,1747.2,8.89,278.1,60.0,1048.3
AcFeO3,1747.2,8.89,278.1,70.0,1223.0
AcFeO3,1747.2,8.89,278.1,80.0,1397.8
AcFeO3,1747.2,8.89,278.1,90.0,1572.5
AcFeO3,1747.2,8.89,278.1,100.0,1797.2
AcGaO3,1878.5,9.31,265.5,50.0,939.2
AcGaO3,1878.5,9.31,265.5,60.0,1127.1
AcGaO3,1878.5,9.31,265.5,70.0,1314.9
AcGaO3,1878.5,9.31,265.5,80.0,1502.8
AcGaO3,1878.5,9.31,265.5,90.0,1690.6
AcGaO3,1878.5,9.31,265.5,100.0,1928.5
AcGe3,699.9,7.86,314.1,50.0,350.0
AcGe3,699.9,7.86,314.1,60.0,420.0
AcGe3,699.9,7.86,314.1,70.0,490.0
AcGe3,699.9,7.86,314.1,80.0,560.0
AcGe3,699.9,7.86,314.1,90.0,630.0
AcGe3,699.9,7.86,314.1,100.0,749.9
AcH2,808.0,7.35,335.8,50.0,404.0
AcH2,808.0,7.35,335.8,60.0,484.8
AcH2,808.0,7.35,335.8,70.0,565.6
AcH2,808.0,7.35,335.8,80.0,646.4
AcH2,808.0,7.35,335.8,90.0,727.2
AcH2,808.0,7.35,335.8,100.0,858.0
AcH3,802.3,7.78,317.1,50.0,401.2
AcH3,802.3,7.78,317.1,60.0,481.4
AcH3,802.3,7.78,317.1,70.0,561.6
AcH3,802.3,7.78,317.1,80.0,641.8
AcH3,802.3,7.78,317.1,90.0,722.1
AcH3,802.3,7.78,317.1,100.0,852.3
AcHg3,714.8,12.29,201.8,50.0,357.4
AcHg3,714.8,12.29,201.8,60.0,428.9
AcHg3,714.8,12.29,201.8,70.0,500.3
AcHg3,714.8,12.29,201.8,80.0,571.8
AcHg3,714.8,12.29,201.8,90.0,643.3
AcHg3,714.8,12.29,201.8,100.0,764.8
AcHgRh2,644.8,12.77,194.2,50.0,322.4
AcHgRh2,644.8,12.77,194.2,60.0,386.9
AcHgRh2,644.8,12.77,194.2,70.0,451.3
AcHgRh2,644.8,12.77,194.2,80.0,515.8
AcHgRh2,644.8,12.77,194.2,90.0,580.3
AcHgRh2,644.8,12.77,194.2,100.0,694.8
AcI3,1310.5,4.33,563.8,50.0,655.2
AcI3,1310.5,4.33,563.8,60.0,786.3
AcI3,1310.5,4.33,563.8,70.0,917.3
AcI3,1310.5,4.33,563.8,80.0,1048.4
AcI3,1310.5,4.33,563.8,90.0,1179.4
AcI3,1310.5,4.33,563.8,100.0,1360.5
AcIn3,747.8,8.12,304.3,50.0,373.9
AcIn3,747.8,8.12,304.3,60.0,448.7
AcIn3,747.8,8.12,304.3,70.0,523.5
AcIn3,747.8,8.12,304.3,80.0,598.3
AcIn3,747.8,8.12,304.3,90.0,673.0
AcIn3,747.8,8.12,304.3,100.0,797.8
AcInHg2,729.8,11.07,223.9,50.0,364.9
AcInHg2,729.8,11.07,223.9,60.0,437.9
AcInHg2,729.8,11.07,223.9,70.0,510.8
AcInHg2,729.8,11.07,223.9,80.0,583.8
AcInHg2,729.8,11.07,223.9,90.0,656.8
AcInHg2,729.8,11.07,223.9,100.0,779.8
AcLaCd2,623.7,7.65,322.7,50.0,311.9
AcLaCd2,623.7,7.65,322.7,60.0,374.2
AcLaCd2,623.7,7.65,322.7,70.0,436.6
AcLaCd2,623.7,7.65,322.7,80.0,499.0
AcLaCd2,623.7,7.65,322.7,90.0,561.3
AcLaCd2,623.7,7.65,322.7,100.0,673.7
AcMg,527.0,5.93,414.7,50.0,263.5
AcMg,527.0,5.93,414.7,60.0,316.2
AcMg,527.0,5.93,414.7,70.0,368.9
AcMg,527.0,5.93,414.7,80.0,421.6
AcMg,527.0,5.93,414.7,90.0,474.3
AcMg,527.0,5.93,414.7,100.0,577.0
AcMg5,516.1,3.53,688.1,50.0,258.1
AcMg5,516.1,3.53,688.1,60.0,309.7
AcMg5,516.1,3.53,688.1,70.0,361.3
AcMg5,516.1,3.53,688.1,80.0,412.9
AcMg5,516.1,3.53,688.1,90.0,464.5
AcMg5,516.1,3.53,688.1,100.0,566.1
AcMgCd2,607.3,7.12,346.1,50.0,303.6
AcMgCd2,607.3,7.12,346.1,60.0,364.4
AcMgCd2,607.3,7.12,346.1,70.0,425.1
AcMgCd2,607.3,7.12,346.1,80.0,485.8
AcMgCd2,607.3,7.12,346.1,90.0,546.6
AcMgCd2,607.3,7.12,346.1,100.0,657.3
AcMgHg2,689.9,9.91,249.9,50.0,344.9
AcMgHg2,689.9,9.91,249.9,60.0,413.9
AcMgHg2,689.9,9.91,249.9,70.0,482.9
AcMgHg2,689.9,9.91,249.9,80.0,551.9
AcMgHg2,689.9,9.91,249.9,90.0,620.9
AcMgHg2,689.9,9.91,249.9,100.0,739.9
AcMgTl2,609.2,9.23,268.0,50.0,304.6
AcMgTl2,609.2,9.23,268.0,60.0,365.5
AcMgTl2,609.2,9.23,268.0,70.0,426.4
AcMgTl2,609.2,9.23,268.0,80.0,487.3
AcMgTl2,609.2,9.23,268.0,90.0,548.2
AcMgTl2,609.2,9.23,268.0,100.0,659.2
AcMgZn2,606.1,6.56,375.2,50.0,303.1
AcMgZn2,606.1,6.56,375.2,60.0,363.7
AcMgZn2,606.1,6.56,375.2,70.0,424.3
AcMgZn2,606.1,6.56,375.2,80.0,484.9
AcMgZn2,606.1,6.56,375.2,90.0,545.5
AcMgZn2,606.1,6.56,375.2,100.0,656.1
AcMnO3,1838.1,8.8,280.8,50.0,919.1
AcMnO3,1838.1,8.8,280.8,60.0,1102.9
AcMnO3,1838.1,8.8,280.8,70.0,1286.7
AcMnO3,1838.1,8.8,280.8,80.0,1470.5
AcMnO3,1838.1,8.8,280.8,90.0,1654.3
AcMnO3,1838.1,8.8,280.8,100.0,1888.1
AcN,1095.2,8.01,308.1,50.0,547.6
AcN,1095.2,8.01,308.1,60.0,657.1
AcN,1095.2,8.01,308.1,70.0,766.6
AcN,1095.2,8.01,308.1,80.0,876.1
AcN,1095.2,8.01,308.1,90.0,985.6
AcN,1095.2,8.01,308.1,100.0,1145.2
AcNiO3,1605.0,9.49,260.6,50.0,802.5
AcNiO3,1605.0,9.49,260.6,60.0,963.0
AcNiO3,1605.0,9.49,260.6,70.0,1123.5
AcNiO3,1605.0,9.49,260.6,80.0,1284.0
AcNiO3,1605.0,9.49,260.6,90.0,1444.5
AcNiO3,1605.0,9.49,260.6,100.0,1655.0
AcOF,2371.7,8.27,298.6,50.0,1185.9
AcOF,2371.7,8.27,298.6,60.0,1423.0
AcOF,2371.7,8.27,298.6,70.0,1660.2
AcOF,2371.7,8.27,298.6,80.0,1897.4
AcOF,2371.7,8.27,298.6,90.0,2134.6
AcOF,2371.7,8.27,298.6,100.0,2421.7
AcPbAu2,807.2,13.16,188.5,50.0,403.6
AcPbAu2,807.2,13.16,188.5,60.0,484.3
AcPbAu2,807.2,13.16,188.5,70.0,565.1
AcPbAu2,807.2,13.16,188.5,80.0,645.8
AcPbAu2,807.2,13.16,188.5,90.0,726.5
AcPbAu2,807.2,13.16,188.5,100.0,857.2
AcRh2Pb,655.7,12.2,203.2,50.0,327.9
AcRh2Pb,655.7,12.2,203.2,60.0,393.4
AcRh2Pb,655.7,12.2,203.2,70.0,459.0
AcRh2Pb,655.7,12.2,203.2,80.0,524.6
AcRh2Pb,655.7,12.2,203.2,90.0,590.2
AcRh2Pb,655.7,12.2,203.2,100.0,705.7
AcTiO3,2123.4,8.4,294.0,50.0,1061.7
AcTiO3,2123.4,8.4,294.0,60.0,1274.1
AcTiO3,2123.4,8.4,294.0,70.0,1486.4
AcTiO3,2123.4,8.4,294.0,80.0,1698.7
AcTiO3,2123.4,8.4,294.0,90.0,1911.1
AcTiO3,2123.4,8.4,294.0,100.0,2173.4
AcTlAg2,606.5,10.48,236.3,50.0,303.2
AcTlAg2,606.5,10.48,236.3,60.0,363.9
AcTlAg2,606.5,10.48,236.3,70.0,424.5
AcTlAg2,606.5,10.48,236.3,80.0,485.2
AcTlAg2,606.5,10.48,236.3,90.0,545.8
AcTlAg2,606.5,10.48,236.3,100.0,656.5
AcTlAu2,791.8,13.19,188.1,50.0,395.9
AcTlAu2,791.8,13.19,188.1,60.0,475.1
AcTlAu2,791.8,13.19,188.1,70.0,554.3
AcTlAu2,791.8,13.19,188.1,80.0,633.5
AcTlAu2,791.8,13.19,188.1,90.0,712.7
AcTlAu2,791.8,13.19,188.1,100.0,841.8
AcTlHg2,704.1,12.09,205.0,50.0,352.0
AcTlHg2,704.1,12.09,205.0,60.0,422.4
AcTlHg2,704.1,12.09,205.0,70.0,492.8
AcTlHg2,704.1,12.09,205.0,80.0,563.3
AcTlHg2,704.1,12.09,205.0,90.0,633.7
AcTlHg2,704.1,12.09,205.0,100.0,754.1
AcTlRh2,655.5,12.44,199.3,50.0,327.7
AcTlRh2,655.5,12.44,199.3,60.0,393.3
AcTlRh2,655.5,12.44,199.3,70.0,458.8
AcTlRh2,655.5,12.44,199.3,80.0,524.4
AcTlRh2,655.5,12.44,199.3,90.0,589.9
AcTlRh2,655.5,12.44,199.3,100.0,705.5
AcTlTe2,1063.1,8.43,293.1,50.0,531.6
AcTlTe2,1063.1,8.43,293.1,60.0,637.9
AcTlTe2,1063.1,8.43,293.1,70.0,744.2
AcTlTe2,1063.1,8.43,293.1,80.0,850.5
AcTlTe2,1063.1,8.43,293.1,90.0,956.8
AcTlTe2,1063.1,8.43,293.1,100.0,1113.1
AcVO3,1913.5,8.66,285.3,50.0,956.7
AcVO3,1913.5,8.66,285.3,60.0,1148.1
AcVO3,1913.5,8.66,285.3,70.0,1339.4
AcVO3,1913.5,8.66,285.3,80.0,1530.8
AcVO3,1913.5,8.66,285.3,90.0,1722.1
AcVO3,1913.5,8.66,285.3,100.0,1963.5
AcYbHg2,718.4,11.57,214.1,50.0,359.2
AcYbHg2,718.4,11.57,214.1,60.0,431.0
AcYbHg2,718.4,11.57,214.1,70.0,502.9
AcYbHg2,718.4,11.57,214.1,80.0,574.7
AcYbHg2,718.4,11.57,214.1,90.0,646.5
AcYbHg2,718.4,11.57,214.1,100.0,768.4
AcYbRh2,803.8,11.44,216.6,50.0,401.9
AcYbRh2,803.8,11.44,216.6,60.0,482.3
AcYbRh2,803.8,11.44,216.6,70.0,562.6
AcYbRh2,803.8,11.44,216.6,80.0,643.0
AcYbRh2,803.8,11.44,216.6,90.0,723.4
AcYbRh2,803.8,11.44,216.6,100.0,853.8
AcYbTl2,670.3,11.01,225.0,50.0,335.1
AcYbTl2,670.3,11.01,225.0,60.0,402.2
AcYbTl2,670.3,11.01,225.0,70.0,469.2
AcYbTl2,670.3,11.01,225.0,80.0,536.2
AcYbTl2,670.3,11.01,225.0,90.0,603.3
AcYbTl2,670.3,11.01,225.0,100.0,720.3
Ag,545.0,10.32,240.0,50.0,272.5
Ag,545.0,10.32,240.0,60.0,327.0
Ag,545.0,10.32,240.0,70.0,381.5
Ag,545.0,10.32,240.0,80.0,436.0
Ag,545.0,10.32,240.0,90.0,490.5
Ag,545.0,10.32,240.0,100.0,595.0
Ag(AuF4)2,1040.8,6.94,355.0,50.0,520.4
Ag(AuF4)2,1040.8,6.94,355.0,60.0,624.5
Ag(AuF4)2,1040.8,6.94,355.0,70.0,728.6
Ag(AuF4)2,1040.8,6.94,355.0,80.0,832.7
Ag(AuF4)2,1040.8,6.94,355.0,90.0,936.8
Ag(AuF4)2,1040.8,6.94,355.0,100.0,1090.8
Ag(BCl)6,831.6,2.67,903.8,50.0,415.8
Ag(BCl)6,831.6,2.67,903.8,60.0,499.0
Ag(BCl)6,831.6,2.67,903.8,70.0,582.1
Ag(BCl)6,831.6,2.67,903.8,80.0,665.3
Ag(BCl)6,831.6,2.67,903.8,90.0,748.5
Ag(BCl)6,831.6,2.67,903.8,100.0,881.6
Ag(TeMo)6,619.2,7.02,350.9,50.0,309.6
Ag(TeMo)6,619.2,7.02,350.9,60.0,371.5
Ag(TeMo)6,619.2,7.02,350.9,70.0,433.4
Ag(TeMo)6,619.2,7.02,350.9,80.0,495.3
Ag(TeMo)6,619.2,7.02,350.9,90.0,557.3
Ag(TeMo)6,619.2,7.02,350.9,100.0,669.2
Ag10Te4Br3,664.9,7.19,342.7,50.0,332.4
Ag10Te4Br3,664.9,7.19,342.7,60.0,398.9
Ag10Te4Br3,664.9,7.19,342.7,70.0,465.4
Ag10Te4Br3,664.9,7.19,342.7,80.0,531.9
Ag10Te4Br3,664.9,7.19,342.7,90.0,598.4
Ag10Te4Br3,664.9,7.19,342.7,100.0,714.9
Ag12Sn7H16(Se11N2)2,716.1,4.89,501.4,50.0,358.0
Ag12Sn7H16(Se11N2)2,716.1,4.89,501.4,60.0,429.7
Ag12Sn7H16(Se11N2)2,716.1,4.89,501.4,70.0,501.3
Ag12Sn7H16(Se11N2)2,716.1,4.89,501.4,80.0,572.9
Ag12Sn7H16(Se11N2)2,716.1,4.89,501.4,90.0,644.5
Ag12Sn7H16(Se11N2)2,716.1,4.89,501.4,100.0,766.1
Ag15P4S16Cl3,716.9,4.59,533.4,50.0,358.4
Ag15P4S16Cl3,716.9,4.59,533.4,60.0,430.1
Ag15P4S16Cl3,716.9,4.59,533.4,70.0,501.8
Ag15P4S16Cl3,716.9,4.59,533.4,80.0,573.5
Ag15P4S16Cl3,716.9,4.59,533.4,90.0,645.2
Ag15P4S16Cl3,716.9,4.59,533.4,100.0,766.9
Ag2B8O13,1629.8,3.4,713.9,50.0,814.9
Ag2B8O13,1629.8,3.4,713.9,60.0,977.9
Ag2B8O13,1629.8,3.4,713.9,70.0,1140.9
Ag2B8O13,1629.8,3.4,713.9,80.0,1303.8
Ag2B8O13,1629.8,3.4,713.9,90.0,1466.8
Ag2B8O13,1629.8,3.4,713.9,100.0,1679.8
Ag2BiO3,912.8,8.57,288.5,50.0,456.4
Ag2BiO3,912.8,8.57,288.5,60.0,547.7
Ag2BiO3,912.8,8.57,288.5,70.0,639.0
Ag2BiO3,912.8,8.57,288.5,80.0,730.2
Ag2BiO3,912.8,8.57,288.5,90.0,821.5
Ag2BiO3,912.8,8.57,288.5,100.0,962.8
Ag2Br3,765.2,5.73,429.1,50.0,382.6
Ag2Br3,765.2,5.73,429.1,60.0,459.1
Ag2Br3,765.2,5.73,429.1,70.0,535.6
Ag2Br3,765.2,5.73,429.1,80.0,612.1
Ag2Br3,765.2,5.73,429.1,90.0,688.6
Ag2Br3,765.2,5.73,429.1,100.0,815.2
Ag2CO3,990.3,6.1,403.0,50.0,495.1
Ag2CO3,990.3,6.1,403.0,60.0,594.2
Ag2CO3,990.3,6.1,403.0,70.0,693.2
Ag2CO3,990.3,6.1,403.0,80.0,792.2
Ag2CO3,990.3,6.1,403.0,90.0,891.2
Ag2CO3,990.3,6.1,403.0,100.0,1040.3
Ag2Cl3,724.7,4.66,525.0,50.0,362.4
Ag2Cl3,724.7,4.66,525.0,60.0,434.8
Ag2Cl3,724.7,4.66,525.0,70.0,507.3
Ag2Cl3,724.7,4.66,525.0,80.0,579.8
Ag2Cl3,724.7,4.66,525.0,90.0,652.3
Ag2Cl3,724.7,4.66,525.0,100.0,774.7
Ag2F,877.2,8.76,282.1,50.0,438.6
Ag2F,877.2,8.76,282.1,60.0,526.3
Ag2F,877.2,8.76,282.1,70.0,614.1
Ag2F,877.2,8.76,282.1,80.0,701.8
Ag2F,877.2,8.76,282.1,90.0,789.5
Ag2F,877.2,8.76,282.1,100.0,927.2
Ag2F5,1053.5,5.36,457.7,50.0,526.7
Ag2F5,1053.5,5.36,457.7,60.0,632.1
Ag2F5,1053.5,5.36,457.7,70.0,737.4
Ag2F5,1053.5,5.36,457.7,80.0,842.8
Ag2F5,1053.5,5.36,457.7,90.0,948.1
Ag2F5,1053.5,5.36,457.7,100.0,1103.5
Ag2Ge(S2O7)3,1220.0,3.2,758.1,50.0,610.0
Ag2Ge(S2O7)3,1220.0,3.2,758.1,60.0,732.0
Ag2Ge(S2O7)3,1220.0,3.2,758.1,70.0,854.0
Ag2Ge(S2O7)3,1220.0,3.2,758.1,80.0,976.0
Ag2Ge(S2O7)3,1220.0,3.2,758.1,90.0,1098.0
Ag2Ge(S2O7)3,1220.0,3.2,758.1,100.0,1270.0
Ag2GePbS4,747.7,5.68,432.5,50.0,373.8
Ag2GePbS4,747.7,5.68,432.5,60.0,448.6
Ag2GePbS4,747.7,5.68,432.5,70.0,523.4
Ag2GePbS4,747.7,5.68,432.5,80.0,598.1
Ag2GePbS4,747.7,5.68,432.5,90.0,672.9
Ag2GePbS4,747.7,5.68,432.5,100.0,797.7
Ag2GeS3,710.1,4.77,513.6,50.0,355.1
Ag2GeS3,710.1,4.77,513.6,60.0,426.1
Ag2GeS3,710.1,4.77,513.6,70.0,497.1
Ag2GeS3,710.1,4.77,513.6,80.0,568.1
Ag2GeS3,710.1,4.77,513.6,90.0,639.1
Ag2GeS3,710.1,4.77,513.6,100.0,760.1
Ag2H2IOF,971.0,5.04,486.0,50.0,485.5
Ag2H2IOF,971.0,5.04,486.0,60.0,582.6
Ag2H2IOF,971.0,5.04,486.0,70.0,679.7
Ag2H2IOF,971.0,5.04,486.0,80.0,776.8
Ag2H2IOF,971.0,5.04,486.0,90.0,873.9
Ag2H2IOF,971.0,5.04,486.0,100.0,1021.0
Ag2H4(SO4)3,1152.2,3.19,759.6,50.0,576.1
Ag2H4(SO4)3,1152.2,3.19,759.6,60.0,691.3
Ag2H4(SO4)3,1152.2,3.19,759.6,70.0,806.5
Ag2H4(SO4)3,1152.2,3.19,759.6,80.0,921.8
Ag2H4(SO4)3,1152.2,3.19,759.6,90.0,1037.0
Ag2H4(SO4)3,1152.2,3.19,759.6,100.0,1202.2
Ag2Hg2(TeO4)3,997.3,7.51,328.7,50.0,498.6
Ag2Hg2(TeO4)3,997.3,7.51,328.7,60.0,598.4
Ag2Hg2(TeO4)3,997.3,7.51,328.7,70.0,698.1
Ag2Hg2(TeO4)3,997.3,7.51,328.7,80.0,797.8
Ag2Hg2(TeO4)3,997.3,7.51,328.7,90.0,897.5
Ag2Hg2(TeO4)3,997.3,7.51,328.7,100.0,1047.3
Ag2HgGeS4,708.8,5.33,460.1,50.0,354.4
Ag2HgGeS4,708.8,5.33,460.1,60.0,425.3
Ag2HgGeS4,708.8,5.33,460.1,70.0,496.2
Ag2HgGeS4,708.8,5.33,460.1,80.0,567.0
Ag2HgGeS4,708.8,5.33,460.1,90.0,637.9
Ag2HgGeS4,708.8,5.33,460.1,100.0,758.8
Ag2HgI4,730.6,5.75,427.2,50.0,365.3
Ag2HgI4,730.6,5.75,427.2,60.0,438.3
Ag2HgI4,730.6,5.75,427.2,70.0,511.4
Ag2HgI4,730.6,5.75,427.2,80.0,584.5
Ag2HgI4,730.6,5.75,427.2,90.0,657.5
Ag2HgI4,730.6,5.75,427.2,100.0,780.6
Ag2HgO2,704.5,9.16,270.0,50.0,352.2
Ag2HgO2,704.5,9.16,270.0,60.0,422.7
Ag2HgO2,704.5,9.16,270.0,70.0,493.1
Ag2HgO2,704.5,9.16,270.0,80.0,563.6
Ag2HgO2,704.5,9.16,270.0,90.0,634.0
Ag2HgO2,704.5,9.16,270.0,100.0,754.5
Ag2HgSI2,698.7,5.87,418.5,50.0,349.4
Ag2HgSI2,698.7,5.87,418.5,60.0,419.2
Ag2HgSI2,698.7,5.87,418.5,70.0,489.1
Ag2HgSI2,698.7,5.87,418.5,80.0,559.0
Ag2HgSI2,698.7,5.87,418.5,90.0,628.8
Ag2HgSI2,698.7,5.87,418.5,100.0,748.7
Ag2Mo2O7,1178.4,5.93,414.9,50.0,589.2
Ag2Mo2O7,1178.4,5.93,414.9,60.0,707.0
Ag2Mo2O7,1178.4,5.93,414.9,70.0,824.9
Ag2Mo2O7,1178.4,5.93,414.9,80.0,942.7
Ag2Mo2O7,1178.4,5.93,414.9,90.0,1060.5
Ag2Mo2O7,1178.4,5.93,414.9,100.0,1228.4
Ag2O,642.0,7.16,344.2,50.0,321.0
Ag2O,642.0,7.16,344.2,60.0,385.2
Ag2O,642.0,7.16,344.2,70.0,449.4
Ag2O,642.0,7.16,344.2,80.0,513.6
Ag2O,642.0,7.16,344.2,90.0,577.8
Ag2O,642.0,7.16,344.2,100.0,692.0
Ag2P2PdO7,1303.6,4.76,514.3,50.0,651.8
Ag2P2PdO7,1303.6,4.76,514.3,60.0,782.2
Ag2P2PdO7,1303.6,4.76,514.3,70.0,912.5
Ag2P2PdO7,1303.6,4.76,514.3,80.0,1042.9
Ag2P2PdO7,1303.6,4.76,514.3,90.0,1173.2
Ag2P2PdO7,1303.6,4.76,514.3,100.0,1353.6
Ag2PHO4,1208.0,5.0,490.4,50.0,604.0
Ag2PHO4,1208.0,5.0,490.4,60.0,724.8
Ag2PHO4,1208.0,5.0,490.4,70.0,845.6
Ag2PHO4,1208.0,5.0,490.4,80.0,966.4
Ag2PHO4,1208.0,5.0,490.4,90.0,1087.2
Ag2PHO4,1208.0,5.0,490.4,100.0,1258.0
Ag2PSe3,576.2,5.79,424.2,50.0,288.1
Ag2PSe3,576.2,5.79,424.2,60.0,345.7
Ag2PSe3,576.2,5.79,424.2,70.0,403.4
Ag2PSe3,576.2,5.79,424.2,80.0,461.0
Ag2PSe3,576.2,5.79,424.2,90.0,518.6
Ag2PSe3,576.2,5.79,424.2,100.0,626.2
Ag2S2O7,1132.5,4.6,532.1,50.0,566.2
Ag2S2O7,1132.5,4.6,532.1,60.0,679.5
Ag2S2O7,1132.5,4.6,532.1,70.0,792.7
Ag2S2O7,1132.5,4.6,532.1,80.0,906.0
Ag2S2O7,1132.5,4.6,532.1,90.0,1019.2
Ag2S2O7,1132.5,4.6,532.1,100.0,1182.5
Ag2SO4,1065.5,5.43,452.3,50.0,532.7
Ag2SO4,1065.5,5.43,452.3,60.0,639.3
Ag2SO4,1065.5,5.43,452.3,70.0,745.8
Ag2SO4,1065.5,5.43,452.3,80.0,852.4
Ag2SO4,1065.5,5.43,452.3,90.0,958.9
Ag2SO4,1065.5,5.43,452.3,100.0,1115.5
Ag2Se,560.0,7.94,310.8,50.0,280.0
Ag2Se,560.0,7.94,310.8,60.0,336.0
Ag2Se,560.0,7.94,310.8,70.0,392.0
Ag2Se,560.0,7.94,310.8,80.0,448.0
Ag2Se,560.0,7.94,310.8,90.0,504.0
Ag2Se,560.0,7.94,310.8,100.0,610.0
Ag2SeO3,871.3,6.0,409.5,50.0,435.6
Ag2SeO3,871.3,6.0,409.5,60.0,522.8
Ag2SeO3,871.3,6.0,409.5,70.0,609.9
Ag2SeO3,871.3,6.0,409.5,80.0,697.0
Ag2SeO3,871.3,6.0,409.5,90.0,784.2
Ag2SeO3,871.3,6.0,409.5,100.0,921.3
Ag2SeO3,756.8,6.55,375.9,50.0,378.4
Ag2SeO3,756.8,6.55,375.9,60.0,454.1
Ag2SeO3,756.8,6.55,375.9,70.0,529.7
Ag2SeO3,756.8,6.55,375.9,80.0,605.4
Ag2SeO3,756.8,6.55,375.9,90.0,681.1
Ag2SeO3,756.8,6.55,375.9,100.0,806.8
Ag2SeO4,878.0,5.77,426.1,50.0,439.0
Ag2SeO4,878.0,5.77,426.1,60.0,526.8
Ag2SeO4,878.0,5.77,426.1,70.0,614.6
Ag2SeO4,878.0,5.77,426.1,80.0,702.4
Ag2SeO4,878.0,5.77,426.1,90.0,790.2
Ag2SeO4,878.0,5.77,426.1,100.0,928.0
Ag2Sn(S2O7)3,1227.5,3.24,748.6,50.0,613.8
Ag2Sn(S2O7)3,1227.5,3.24,748.6,60.0,736.5
Ag2Sn(S2O7)3,1227.5,3.24,748.6,70.0,859.3
Ag2Sn(S2O7)3,1227.5,3.24,748.6,80.0,982.0
Ag2Sn(S2O7)3,1227.5,3.24,748.6,90.0,1104.8
Ag2Sn(S2O7)3,1227.5,3.24,748.6,100.0,1277.5
Ag2SnHgS4,711.3,5.36,457.7,50.0,355.6
Ag2SnHgS4,711.3,5.36,457.7,60.0,426.8
Ag2SnHgS4,711.3,5.36,457.7,70.0,497.9
Ag2SnHgS4,711.3,5.36,457.7,80.0,569.0
Ag2SnHgS4,711.3,5.36,457.7,90.0,640.2
Ag2SnHgS4,711.3,5.36,457.7,100.0,761.3
Ag2SnHgSe4,713.7,6.03,407.7,50.0,356.8
Ag2SnHgSe4,713.7,6.03,407.7,60.0,428.2
Ag2SnHgSe4,713.7,6.03,407.7,70.0,499.6
Ag2SnHgSe4,713.7,6.03,407.7,80.0,571.0
Ag2SnHgSe4,713.7,6.03,407.7,90.0,642.3
Ag2SnHgSe4,713.7,6.03,407.7,100.0,763.7
Ag2Te,542.8,8.25,299.5,50.0,271.4
Ag2Te,542.8,8.25,299.5,60.0,325.7
Ag2Te,542.8,8.25,299.5,70.0,380.0
Ag2Te,542.8,8.25,299.5,80.0,434.3
Ag2Te,542.8,8.25,299.5,90.0,488.6
Ag2Te,542.8,8.25,299.5,100.0,592.8
Ag2TeO4,934.0,7.1,347.1,50.0,467.0
Ag2TeO4,934.0,7.1,347.1,60.0,560.4
Ag2TeO4,934.0,7.1,347.1,70.0,653.8
Ag2TeO4,934.0,7.1,347.1,80.0,747.2
Ag2TeO4,934.0,7.1,347.1,90.0,840.6
Ag2TeO4,934.0,7.1,347.1,100.0,984.0
Ag2TeS3,535.5,5.15,476.5,50.0,267.8
Ag2TeS3,535.5,5.15,476.5,60.0,321.3
Ag2TeS3,535.5,5.15,476.5,70.0,374.9
Ag2TeS3,535.5,5.15,476.5,80.0,428.4
Ag2TeS3,535.5,5.15,476.5,90.0,482.0
Ag2TeS3,535.5,5.15,476.5,100.0,585.5
Ag3(PO4)2,1222.6,4.52,540.8,50.0,611.3
Ag3(PO4)2,1222.6,4.52,540.8,60.0,733.6
Ag3(PO4)2,1222.6,4.52,540.8,70.0,855.8
Ag3(PO4)2,1222.6,4.52,540.8,80.0,978.1
Ag3(PO4)2,1222.6,4.52,540.8,90.0,1100.4
Ag3(PO4)2,1222.6,4.52,540.8,100.0,1272.6
Ag3AsF12,1310.6,4.04,604.5,50.0,655.3
Ag3AsF12,1310.6,4.04,604.5,60.0,786.3
Ag3AsF12,1310.6,4.04,604.5,70.0,917.4
Ag3AsF12,1310.6,4.04,604.5,80.0,1048.5
Ag3AsF12,1310.6,4.04,604.5,90.0,1179.5
Ag3AsF12,1310.6,4.04,604.5,100.0,1360.6
Ag3AsF12,1231.3,4.66,525.4,50.0,615.6
Ag3AsF12,1231.3,4.66,525.4,60.0,738.8
Ag3AsF12,1231.3,4.66,525.4,70.0,861.9
Ag3AsF12,1231.3,4.66,525.4,80.0,985.0
Ag3AsF12,1231.3,4.66,525.4,90.0,1108.1
Ag3AsF12,1231.3,4.66,525.4,100.0,1281.3
Ag3AsO4,933.8,6.63,371.5,50.0,466.9
Ag3AsO4,933.8,6.63,371.5,60.0,560.3
Ag3AsO4,933.8,6.63,371.5,70.0,653.7
Ag3AsO4,933.8,6.63,371.5,80.0,747.0
Ag3AsO4,933.8,6.63,371.5,90.0,840.4
Ag3AsO4,933.8,6.63,371.5,100.0,983.8
Ag3AsS3,572.0,5.39,455.1,50.0,286.0
Ag3AsS3,572.0,5.39,455.1,60.0,343.2
Ag3AsS3,572.0,5.39,455.1,70.0,400.4
Ag3AsS3,572.0,5.39,455.1,80.0,457.6
Ag3AsS3,572.0,5.39,455.1,90.0,514.8
Ag3AsS3,572.0,5.39,455.1,100.0,622.0
Ag3AsS4,563.5,4.84,505.9,50.0,281.7
Ag3AsS4,563.5,4.84,505.9,60.0,338.1
Ag3AsS4,563.5,4.84,505.9,70.0,394.4
Ag3AsS4,563.5,4.84,505.9,80.0,450.8
Ag3AsS4,563.5,4.84,505.9,90.0,507.1
Ag3AsS4,563.5,4.84,505.9,100.0,613.5
Ag3AsSe3,636.1,6.33,388.7,50.0,318.0
Ag3AsSe3,636.1,6.33,388.7,60.0,381.6
Ag3AsSe3,636.1,6.33,388.7,70.0,445.2
Ag3AsSe3,636.1,6.33,388.7,80.0,508.9
Ag3AsSe3,636.1,6.33,388.7,90.0,572.5
Ag3AsSe3,636.1,6.33,388.7,100.0,686.1
Ag3Au,527.8,12.44,199.3,50.0,263.9
Ag3Au,527.8,12.44,199.3,60.0,316.7
Ag3Au,527.8,12.44,199.3,70.0,369.4
Ag3Au,527.8,12.44,199.3,80.0,422.2
Ag3Au,527.8,12.44,199.3,90.0,475.0
Ag3Au,527.8,12.44,199.3,100.0,577.8
Ag3AuSe2,567.1,8.92,277.2,50.0,283.6
Ag3AuSe2,567.1,8.92,277.2,60.0,340.3
Ag3AuSe2,567.1,8.92,277.2,70.0,397.0
Ag3AuSe2,567.1,8.92,277.2,80.0,453.7
Ag3AuSe2,567.1,8.92,277.2,90.0,510.4
Ag3AuSe2,567.1,8.92,277.2,100.0,617.1
Ag3F8,1039.1,5.37,457.2,50.0,519.6
Ag3F8,1039.1,5.37,457.2,60.0,623.5
Ag3F8,1039.1,5.37,457.2,70.0,727.4
Ag3F8,1039.1,5.37,457.2,80.0,831.3
Ag3F8,1039.1,5.37,457.2,90.0,935.2
Ag3F8,1039.1,5.37,457.2,100.0,1089.1
Ag3Ge5P6,518.9,5.22,469.9,50.0,259.4
Ag3Ge5P6,518.9,5.22,469.9,60.0,311.3
Ag3Ge5P6,518.9,5.22,469.9,70.0,363.2
Ag3Ge5P6,518.9,5.22,469.9,80.0,415.1
Ag3Ge5P6,518.9,5.22,469.9,90.0,467.0
Ag3Ge5P6,518.9,5.22,469.9,100.0,568.9
Ag3O4,680.7,7.05,349.7,50.0,340.3
Ag3O4,680.7,7.05,349.7,60.0,408.4
Ag3O4,680.7,7.05,349.7,70.0,476.5
Ag3O4,680.7,7.05,349.7,80.0,544.5
Ag3O4,680.7,7.05,349.7,90.0,612.6
Ag3O4,680.7,7.05,349.7,100.0,730.7
Ag3P11,520.8,3.85,632.2,50.0,260.4
Ag3P11,520.8,3.85,632.2,60.0,312.5
Ag3P11,520.8,3.85,632.2,70.0,364.5
Ag3P11,520.8,3.85,632.2,80.0,416.6
Ag3P11,520.8,3.85,632.2,90.0,468.7
Ag3P11,520.8,3.85,632.2,100.0,570.8
Ag3PO4,1134.2,6.38,386.0,50.0,567.1
Ag3PO4,1134.2,6.38,386.0,60.0,680.5
Ag3PO4,1134.2,6.38,386.0,70.0,793.9
Ag3PO4,1134.2,6.38,386.0,80.0,907.4
Ag3PO4,1134.2,6.38,386.0,90.0,1020.8
Ag3PO4,1134.2,6.38,386.0,100.0,1184.2
Ag3PS4,615.3,4.66,524.7,50.0,307.6
Ag3PS4,615.3,4.66,524.7,60.0,369.2
Ag3PS4,615.3,4.66,524.7,70.0,430.7
Ag3PS4,615.3,4.66,524.7,80.0,492.2
Ag3PS4,615.3,4.66,524.7,90.0,553.7
Ag3PS4,615.3,4.66,524.7,100.0,665.3
Ag3Pd,530.0,10.73,230.9,50.0,265.0
Ag3Pd,530.0,10.73,230.9,60.0,318.0
Ag3Pd,530.0,10.73,230.9,70.0,371.0
Ag3Pd,530.0,10.73,230.9,80.0,424.0
Ag3Pd,530.0,10.73,230.9,90.0,477.0
Ag3Pd,530.0,10.73,230.9,100.0,580.0
Ag3S4(O3F)4,1237.3,3.31,733.2,50.0,618.6
Ag3S4(O3F)4,1237.3,3.31,733.2,60.0,742.4
Ag3S4(O3F)4,1237.3,3.31,733.2,70.0,866.1
Ag3S4(O3F)4,1237.3,3.31,733.2,80.0,989.8
Ag3S4(O3F)4,1237.3,3.31,733.2,90.0,1113.5
Ag3S4(O3F)4,1237.3,3.31,733.2,100.0,1287.3
Ag3Sb4F24,1576.8,4.12,592.5,50.0,788.4
Ag3Sb4F24,1576.8,4.12,592.5,60.0,946.1
Ag3Sb4F24,1576.8,4.12,592.5,70.0,1103.8
Ag3Sb4F24,1576.8,4.12,592.5,80.0,1261.5
Ag3Sb4F24,1576.8,4.12,592.5,90.0,1419.1
Ag3Sb4F24,1576.8,4.12,592.5,100.0,1626.8
Ag3SbS3,593.1,5.8,423.5,50.0,296.5
Ag3SbS3,593.1,5.8,423.5,60.0,355.8
Ag3SbS3,593.1,5.8,423.5,70.0,415.1
Ag3SbS3,593.1,5.8,423.5,80.0,474.4
Ag3SbS3,593.1,5.8,423.5,90.0,533.7
Ag3SbS3,593.1,5.8,423.5,100.0,643.1
Ag3Sn2(GeP2)3,517.3,5.34,459.5,50.0,258.6
Ag3Sn2(GeP2)3,517.3,5.34,459.5,60.0,310.4
Ag3Sn2(GeP2)3,517.3,5.34,459.5,70.0,362.1
Ag3Sn2(GeP2)3,517.3,5.34,459.5,80.0,413.8
Ag3Sn2(GeP2)3,517.3,5.34,459.5,90.0,465.6
Ag3Sn2(GeP2)3,517.3,5.34,459.5,100.0,567.3
Ag3SnP7,534.4,4.97,492.9,50.0,267.2
Ag3SnP7,534.4,4.97,492.9,60.0,320.7
Ag3SnP7,534.4,4.97,492.9,70.0,374.1
Ag3SnP7,534.4,4.97,492.9,80.0,427.5
Ag3SnP7,534.4,4.97,492.9,90.0,481.0
Ag3SnP7,534.4,4.97,492.9,100.0,584.4
Ag3Te2Au,547.6,9.0,274.6,50.0,273.8
Ag3Te2Au,547.6,9.0,274.6,60.0,328.6
Ag3Te2Au,547.6,9.0,274.6,70.0,383.3
Ag3Te2Au,547.6,9.0,274.6,80.0,438.1
Ag3Te2Au,547.6,9.0,274.6,90.0,492.9
Ag3Te2Au,547.6,9.0,274.6,100.0,597.6
Ag4Hg4S4BrCl3,768.7,6.11,402.7,50.0,384.3
Ag4Hg4S4BrCl3,768.7,6.11,402.7,60.0,461.2
Ag4Hg4S4BrCl3,768.7,6.11,402.7,70.0,538.1
Ag4Hg4S4BrCl3,768.7,6.11,402.7,80.0,614.9
Ag4Hg4S4BrCl3,768.7,6.11,402.7,90.0,691.8
Ag4Hg4S4BrCl3,768.7,6.11,402.7,100.0,818.7
Ag4Mo2Se3O16,1052.3,4.92,497.7,50.0,526.1
Ag4Mo2Se3O16,1052.3,4.92,497.7,60.0,631.4
Ag4Mo2Se3O16,1052.3,4.92,497.7,70.0,736.6
Ag4Mo2Se3O16,1052.3,4.92,497.7,80.0,841.8
Ag4Mo2Se3O16,1052.3,4.92,497.7,90.0,947.0
Ag4Mo2Se3O16,1052.3,4.92,497.7,100.0,1102.3
Ag4PIO4,1052.5,6.27,392.7,50.0,526.2
Ag4PIO4,1052.5,6.27,392.7,60.0,631.5
Ag4PIO4,1052.5,6.27,392.7,70.0,736.7
Ag4PIO4,1052.5,6.27,392.7,80.0,842.0
Ag4PIO4,1052.5,6.27,392.7,90.0,947.2
Ag4PIO4,1052.5,6.27,392.7,100.0,1102.5
Ag4TeO5,847.1,7.76,318.1,50.0,423.5
Ag4TeO5,847.1,7.76,318.1,60.0,508.2
Ag4TeO5,847.1,7.76,318.1,70.0,592.9
Ag4TeO5,847.1,7.76,318.1,80.0,677.7
Ag4TeO5,847.1,7.76,318.1,90.0,762.4
Ag4TeO5,847.1,7.76,318.1,100.0,897.1
Ag4TeSO4,935.2,6.02,408.3,50.0,467.6
Ag4TeSO4,935.2,6.02,408.3,60.0,561.1
Ag4TeSO4,935.2,6.02,408.3,70.0,654.6
Ag4TeSO4,935.2,6.02,408.3,80.0,748.1
Ag4TeSO4,935.2,6.02,408.3,90.0,841.7
Ag4TeSO4,935.2,6.02,408.3,100.0,985.2
Ag5(PbO3)2,861.0,8.77,281.7,50.0,430.5
Ag5(PbO3)2,861.0,8.77,281.7,60.0,516.6
Ag5(PbO3)2,861.0,8.77,281.7,70.0,602.7
Ag5(PbO3)2,861.0,8.77,281.7,80.0,688.8
Ag5(PbO3)2,861.0,8.77,281.7,90.0,774.9
Ag5(PbO3)2,861.0,8.77,281.7,100.0,911.0
Ag5BiO4,796.3,8.2,301.2,50.0,398.2
Ag5BiO4,796.3,8.2,301.2,60.0,477.8
Ag5BiO4,796.3,8.2,301.2,70.0,557.4
Ag5BiO4,796.3,8.2,301.2,80.0,637.1
Ag5BiO4,796.3,8.2,301.2,90.0,716.7
Ag5BiO4,796.3,8.2,301.2,100.0,846.3
Ag5Hg4P8Cl5,675.2,5.81,423.1,50.0,337.6
Ag5Hg4P8Cl5,675.2,5.81,423.1,60.0,405.1
Ag5Hg4P8Cl5,675.2,5.81,423.1,70.0,472.6
Ag5Hg4P8Cl5,675.2,5.81,423.1,80.0,540.1
Ag5Hg4P8Cl5,675.2,5.81,423.1,90.0,607.7
Ag5Hg4P8Cl5,675.2,5.81,423.1,100.0,725.2
Ag5HgSbO6,864.0,8.01,308.3,50.0,432.0
Ag5HgSbO6,864.0,8.01,308.3,60.0,518.4
Ag5HgSbO6,864.0,8.01,308.3,70.0,604.8
Ag5HgSbO6,864.0,8.01,308.3,80.0,691.2
Ag5HgSbO6,864.0,8.01,308.3,90.0,777.6
Ag5HgSbO6,864.0,8.01,308.3,100.0,914.0
Ag5P(S2Cl)2,744.6,4.79,511.0,50.0,372.3
Ag5P(S2Cl)2,744.6,4.79,511.0,60.0,446.8
Ag5P(S2Cl)2,744.6,4.79,511.0,70.0,521.2
Ag5P(S2Cl)2,744.6,4.79,511.0,80.0,595.7
Ag5P(S2Cl)2,744.6,4.79,511.0,90.0,670.1
Ag5P(S2Cl)2,744.6,4.79,511.0,100.0,794.6
Ag5PSeO4,1011.3,6.59,373.5,50.0,505.6
Ag5PSeO4,1011.3,6.59,373.5,60.0,606.8
Ag5PSeO4,1011.3,6.59,373.5,70.0,707.9
Ag5PSeO4,1011.3,6.59,373.5,80.0,809.0
Ag5PSeO4,1011.3,6.59,373.5,90.0,910.1
Ag5PSeO4,1011.3,6.59,373.5,100.0,1061.3
Ag5Te2Cl,606.9,7.37,334.7,50.0,303.5
Ag5Te2Cl,606.9,7.37,334.7,60.0,364.2
Ag5Te2Cl,606.9,7.37,334.7,70.0,424.9
Ag5Te2Cl,606.9,7.37,334.7,80.0,485.5
Ag5Te2Cl,606.9,7.37,334.7,90.0,546.2
Ag5Te2Cl,606.9,7.37,334.7,100.0,656.9
Ag6GeSO8,987.7,6.21,395.9,50.0,493.8
Ag6GeSO8,987.7,6.21,395.9,60.0,592.6
Ag6GeSO8,987.7,6.21,395.9,70.0,691.4
Ag6GeSO8,987.7,6.21,395.9,80.0,790.1
Ag6GeSO8,987.7,6.21,395.9,90.0,888.9
Ag6GeSO8,987.7,6.21,395.9,100.0,1037.7
Ag6HgNO11,742.0,6.65,370.4,50.0,371.0
Ag6HgNO11,742.0,6.65,370.4,60.0,445.2
Ag6HgNO11,742.0,6.65,370.4,70.0,519.4
Ag6HgNO11,742.0,6.65,370.4,80.0,593.6
Ag6HgNO11,742.0,6.65,370.4,90.0,667.8
Ag6HgNO11,742.0,6.65,370.4,100.0,792.0
Ag6Mo2ClO7F3,1111.5,5.76,426.6,50.0,555.7
Ag6Mo2ClO7F3,1111.5,5.76,426.6,60.0,666.9
Ag6Mo2ClO7F3,1111.5,5.76,426.6,70.0,778.0
Ag6Mo2ClO7F3,1111.5,5.76,426.6,80.0,889.2
Ag6Mo2ClO7F3,1111.5,5.76,426.6,90.0,1000.3
Ag6Mo2ClO7F3,1111.5,5.76,426.6,100.0,1161.5
Ag7AsSe6,623.0,6.42,383.7,50.0,311.5
Ag7AsSe6,623.0,6.42,383.7,60.0,373.8
Ag7AsSe6,623.0,6.42,383.7,70.0,436.1
Ag7AsSe6,623.0,6.42,383.7,80.0,498.4
Ag7AsSe6,623.0,6.42,383.7,90.0,560.7
Ag7AsSe6,623.0,6.42,383.7,100.0,673.0
Ag7NO11,730.3,6.51,378.4,50.0,365.2
Ag7NO11,730.3,6.51,378.4,60.0,438.2
Ag7NO11,730.3,6.51,378.4,70.0,511.2
Ag7NO11,730.3,6.51,378.4,80.0,584.3
Ag7NO11,730.3,6.51,378.4,90.0,657.3
Ag7NO11,730.3,6.51,378.4,100.0,780.3
Ag7PSe6,574.6,6.59,373.8,50.0,287.3
Ag7PSe6,574.6,6.59,373.8,60.0,344.7
Ag7PSe6,574.6,6.59,373.8,70.0,402.2
Ag7PSe6,574.6,6.59,373.8,80.0,459.7
Ag7PSe6,574.6,6.59,373.8,90.0,517.1
Ag7PSe6,574.6,6.59,373.8,100.0,624.6
Ag8GeS6,647.3,6.2,396.5,50.0,323.6
Ag8GeS6,647.3,6.2,396.5,60.0,388.4
Ag8GeS6,647.3,6.2,396.5,70.0,453.1
Ag8GeS6,647.3,6.2,396.5,80.0,517.8
Ag8GeS6,647.3,6.2,396.5,90.0,582.5
Ag8GeS6,647.3,6.2,396.5,100.0,697.3
Ag8GeSe6,649.6,6.96,353.9,50.0,324.8
Ag8GeSe6,649.6,6.96,353.9,60.0,389.8
Ag8GeSe6,649.6,6.96,353.9,70.0,454.7
Ag8GeSe6,649.6,6.96,353.9,80.0,519.7
Ag8GeSe6,649.6,6.96,353.9,90.0,584.7
Ag8GeSe6,649.6,6.96,353.9,100.0,699.6
Ag8SnS6,592.2,6.23,394.8,50.0,296.1
Ag8SnS6,592.2,6.23,394.8,60.0,355.3
Ag8SnS6,592.2,6.23,394.8,70.0,414.6
Ag8SnS6,592.2,6.23,394.8,80.0,473.8
Ag8SnS6,592.2,6.23,394.8,90.0,533.0
Ag8SnS6,592.2,6.23,394.8,100.0,642.2
Ag8SnSe6,594.7,6.92,356.1,50.0,297.4
Ag8SnSe6,594.7,6.92,356.1,60.0,356.8
Ag8SnSe6,594.7,6.92,356.1,70.0,416.3
Ag8SnSe6,594.7,6.92,356.1,80.0,475.8
Ag8SnSe6,594.7,6.92,356.1,90.0,535.3
Ag8SnSe6,594.7,6.92,356.1,100.0,644.7
Ag9P14(OF)28,1566.6,3.13,773.5,50.0,783.3
Ag9P14(OF)28,1566.6,3.13,773.5,60.0,940.0
Ag9P14(OF)28,1566.6,3.13,773.5,70.0,1096.6
Ag9P14(OF)28,1566.6,3.13,773.5,80.0,1253.3
Ag9P14(OF)28,1566.6,3.13,773.5,90.0,1410.0
Ag9P14(OF)28,1566.6,3.13,773.5,100.0,1616.6
AgAs(S8F3)2,988.9,2.25,1064.7,50.0,494.4
AgAs(S8F3)2,988.9,2.25,1064.7,60.0,593.3
AgAs(S8F3)2,988.9,2.25,1064.7,70.0,692.2
AgAs(S8F3)2,988.9,2.25,1064.7,80.0,791.1
AgAs(S8F3)2,988.9,2.25,1064.7,90.0,890.0
AgAs(S8F3)2,988.9,2.25,1064.7,100.0,1038.9
AgAs(SeF2)3,1238.0,4.29,569.2,50.0,619.0
AgAs(SeF2)3,1238.0,4.29,569.2,60.0,742.8
AgAs(SeF2)3,1238.0,4.29,569.2,70.0,866.6
AgAs(SeF2)3,1238.0,4.29,569.2,80.0,990.4
AgAs(SeF2)3,1238.0,4.29,569.2,90.0,1114.2
AgAs(SeF2)3,1238.0,4.29,569.2,100.0,1288.0
AgAs3H2O9,1137.3,4.25,574.1,50.0,568.7
AgAs3H2O9,1137.3,4.25,574.1,60.0,682.4
AgAs3H2O9,1137.3,4.25,574.1,70.0,796.1
AgAs3H2O9,1137.3,4.25,574.1,80.0,909.9
AgAs3H2O9,1137.3,4.25,574.1,90.0,1023.6
AgAs3H2O9,1137.3,4.25,574.1,100.0,1187.3
AgAsF6,1490.8,3.43,707.6,50.0,745.4
AgAsF6,1490.8,3.43,707.6,60.0,894.5
AgAsF6,1490.8,3.43,707.6,70.0,1043.5
AgAsF6,1490.8,3.43,707.6,80.0,1192.6
AgAsF6,1490.8,3.43,707.6,90.0,1341.7
AgAsF6,1490.8,3.43,707.6,100.0,1540.8
AgAsF7,1448.0,3.99,611.1,50.0,724.0
AgAsF7,1448.0,3.99,611.1,60.0,868.8
AgAsF7,1448.0,3.99,611.1,70.0,1013.6
AgAsF7,1448.0,3.99,611.1,80.0,1158.4
AgAsF7,1448.0,3.99,611.1,90.0,1303.2
AgAsF7,1448.0,3.99,611.1,100.0,1498.0
AgAsO3,1071.4,6.43,383.1,50.0,535.7
AgAsO3,1071.4,6.43,383.1,60.0,642.8
AgAsO3,1071.4,6.43,383.1,70.0,750.0
AgAsO3,1071.4,6.43,383.1,80.0,857.1
AgAsO3,1071.4,6.43,383.1,90.0,964.2
AgAsO3,1071.4,6.43,383.1,100.0,1121.4
AgAsPbS3,724.9,5.49,447.0,50.0,362.5
AgAsPbS3,724.9,5.49,447.0,60.0,435.0
AgAsPbS3,724.9,5.49,447.0,70.0,507.4
AgAsPbS3,724.9,5.49,447.0,80.0,579.9
AgAsPbS3,724.9,5.49,447.0,90.0,652.4
AgAsPbS3,724.9,5.49,447.0,100.0,774.9
AgAu(IO3)4,820.9,5.63,436.5,50.0,410.4
AgAu(IO3)4,820.9,5.63,436.5,60.0,492.5
AgAu(IO3)4,820.9,5.63,436.5,70.0,574.6
AgAu(IO3)4,820.9,5.63,436.5,80.0,656.7
AgAu(IO3)4,820.9,5.63,436.5,90.0,738.8
AgAu(IO3)4,820.9,5.63,436.5,100.0,870.9
AgAu3,529.2,16.57,150.0,50.0,264.6
AgAu3,529.2,16.57,150.0,60.0,317.5
AgAu3,529.2,16.57,150.0,70.0,370.4
AgAu3,529.2,16.57,150.0,80.0,423.4
AgAu3,529.2,16.57,150.0,90.0,476.3
AgAu3,529.2,16.57,150.0,100.0,579.2
AgAuCl4,704.5,4.8,510.3,50.0,352.2
AgAuCl4,704.5,4.8,510.3,60.0,422.7
AgAuCl4,704.5,4.8,510.3,70.0,493.1
AgAuCl4,704.5,4.8,510.3,80.0,563.6
AgAuCl4,704.5,4.8,510.3,90.0,634.0
AgAuCl4,704.5,4.8,510.3,100.0,754.5
AgAuF4,1064.5,7.22,341.4,50.0,532.3
AgAuF4,1064.5,7.22,341.4,60.0,638.7
AgAuF4,1064.5,7.22,341.4,70.0,745.2
AgAuF4,1064.5,7.22,341.4,80.0,851.6
AgAuF4,1064.5,7.22,341.4,90.0,958.1
AgAuF4,1064.5,7.22,341.4,100.0,1114.5
AgAuF7,990.1,5.24,468.3,50.0,495.0
AgAuF7,990.1,5.24,468.3,60.0,594.1
AgAuF7,990.1,5.24,468.3,70.0,693.1
AgAuF7,990.1,5.24,468.3,80.0,792.1
AgAuF7,990.1,5.24,468.3,90.0,891.1
AgAuF7,990.1,5.24,468.3,100.0,1040.1
AgAuO2,711.3,9.67,256.0,50.0,355.6
AgAuO2,711.3,9.67,256.0,60.0,426.8
AgAuO2,711.3,9.67,256.0,70.0,497.9
AgAuO2,711.3,9.67,256.0,80.0,569.0
AgAuO2,711.3,9.67,256.0,90.0,640.2
AgAuO2,711.3,9.67,256.0,100.0,761.3
AgB11H6CBr6,720.5,2.67,903.4,50.0,360.2
AgB11H6CBr6,720.5,2.67,903.4,60.0,432.3
AgB11H6CBr6,720.5,2.67,903.4,70.0,504.3
AgB11H6CBr6,720.5,2.67,903.4,80.0,576.4
AgB11H6CBr6,720.5,2.67,903.4,90.0,648.4
AgB11H6CBr6,720.5,2.67,903.4,100.0,770.5
AgBF4,1611.4,4.61,530.5,50.0,805.7
AgBF4,1611.4,4.61,530.5,60.0,966.8
AgBF4,1611.4,4.61,530.5,70.0,1128.0
AgBF4,1611.4,4.61,530.5,80.0,1289.1
AgBF4,1611.4,4.61,530.5,90.0,1450.3
AgBF4,1611.4,4.61,530.5,100.0,1661.4
AgBF5,1524.4,4.05,601.8,50.0,762.2
AgBF5,1524.4,4.05,601.8,60.0,914.6
AgBF5,1524.4,4.05,601.8,70.0,1067.1
AgBF5,1524.4,4.05,601.8,80.0,1219.5
AgBF5,1524.4,4.05,601.8,90.0,1372.0
AgBF5,1524.4,4.05,601.8,100.0,1574.4
AgBH2OF4,1473.4,3.63,669.8,50.0,736.7
AgBH2OF4,1473.4,3.63,669.8,60.0,884.1
AgBH2OF4,1473.4,3.63,669.8,70.0,1031.4
AgBH2OF4,1473.4,3.63,669.8,80.0,1178.7
AgBH2OF4,1473.4,3.63,669.8,90.0,1326.1
AgBH2OF4,1473.4,3.63,669.8,100.0,1523.4
AgBi(IO3)4,916.4,5.73,428.7,50.0,458.2
AgBi(IO3)4,916.4,5.73,428.7,60.0,549.9
AgBi(IO3)4,916.4,5.73,428.7,70.0,641.5
AgBi(IO3)4,916.4,5.73,428.7,80.0,733.1
AgBi(IO3)4,916.4,5.73,428.7,90.0,824.8
AgBi(IO3)4,916.4,5.73,428.7,100.0,966.4
AgBi(PS3)2,652.5,4.15,588.5,50.0,326.2
AgBi(PS3)2,652.5,4.15,588.5,60.0,391.5
AgBi(PS3)2,652.5,4.15,588.5,70.0,456.7
AgBi(PS3)2,652.5,4.15,588.5,80.0,522.0
AgBi(PS3)2,652.5,4.15,588.5,90.0,587.2
AgBi(PS3)2,652.5,4.15,588.5,100.0,702.5
AgBi(PSe3)2,709.6,5.0,490.6,50.0,354.8
AgBi(PSe3)2,709.6,5.0,490.6,60.0,425.8
AgBi(PSe3)2,709.6,5.0,490.6,70.0,496.8
AgBi(PSe3)2,709.6,5.0,490.6,80.0,567.7
AgBi(PSe3)2,709.6,5.0,490.6,90.0,638.7
AgBi(PSe3)2,709.6,5.0,490.6,100.0,759.6
AgBi2F12,1303.2,5.66,434.0,50.0,651.6
AgBi2F12,1303.2,5.66,434.0,60.0,781.9
AgBi2F12,1303.2,5.66,434.0,70.0,912.2
AgBi2F12,1303.2,5.66,434.0,80.0,1042.6
AgBi2F12,1303.2,5.66,434.0,90.0,1172.9
AgBi2F12,1303.2,5.66,434.0,100.0,1353.2
AgBi3S5,667.5,6.62,371.9,50.0,333.7
AgBi3S5,667.5,6.62,371.9,60.0,400.5
AgBi3S5,667.5,6.62,371.9,70.0,467.2
AgBi3S5,667.5,6.62,371.9,80.0,534.0
AgBi3S5,667.5,6.62,371.9,90.0,600.7
AgBi3S5,667.5,6.62,371.9,100.0,717.5
AgBiSCl2,925.5,5.55,442.2,50.0,462.8
AgBiSCl2,925.5,5.55,442.2,60.0,555.3
AgBiSCl2,925.5,5.55,442.2,70.0,647.9
AgBiSCl2,925.5,5.55,442.2,80.0,740.4
AgBiSCl2,925.5,5.55,442.2,90.0,833.0
AgBiSCl2,925.5,5.55,442.2,100.0,975.5
AgBr,796.8,6.44,382.0,50.0,398.4
AgBr,796.8,6.44,382.0,60.0,478.1
AgBr,796.8,6.44,382.0,70.0,557.8
AgBr,796.8,6.44,382.0,80.0,637.5
AgBr,796.8,6.44,382.0,90.0,717.1
AgBr,796.8,6.44,382.0,100.0,846.8
AgCl,755.8,5.58,439.9,50.0,377.9
AgCl,755.8,5.58,439.9,60.0,453.5
AgCl,755.8,5.58,439.9,70.0,529.1
AgCl,755.8,5.58,439.9,80.0,604.6
AgCl,755.8,5.58,439.9,90.0,680.2
AgCl,755.8,5.58,439.9,100.0,805.8
AgClO4,686.3,4.23,577.4,50.0,343.2
AgClO4,686.3,4.23,577.4,60.0,411.8
AgClO4,686.3,4.23,577.4,70.0,480.4
AgClO4,686.3,4.23,577.4,80.0,549.1
AgClO4,686.3,4.23,577.4,90.0,617.7
AgClO4,686.3,4.23,577.4,100.0,736.3
AgF,1005.2,7.07,348.8,50.0,502.6
AgF,1005.2,7.07,348.8,60.0,603.1
AgF,1005.2,7.07,348.8,70.0,703.6
AgF,1005.2,7.07,348.8,80.0,804.1
AgF,1005.2,7.07,348.8,90.0,904.7
AgF,1005.2,7.07,348.8,100.0,1055.2
AgF2,1090.2,5.84,421.2,50.0,545.1
AgF2,1090.2,5.84,421.2,60.0,654.1
AgF2,1090.2,5.84,421.2,70.0,763.2
AgF2,1090.2,5.84,421.2,80.0,872.2
AgF2,1090.2,5.84,421.2,90.0,981.2
AgF2,1090.2,5.84,421.2,100.0,1140.2
AgF3,1008.0,4.91,498.8,50.0,504.0
AgF3,1008.0,4.91,498.8,60.0,604.8
AgF3,1008.0,4.91,498.8,70.0,705.6
AgF3,1008.0,4.91,498.8,80.0,806.4
AgF3,1008.0,4.91,498.8,90.0,907.2
AgF3,1008.0,4.91,498.8,100.0,1058.0
AgH12C4Se5N,603.2,2.79,864.6,50.0,301.6
AgH12C4Se5N,603.2,2.79,864.6,60.0,361.9
AgH12C4Se5N,603.2,2.79,864.6,70.0,422.2
AgH12C4Se5N,603.2,2.79,864.6,80.0,482.5
AgH12C4Se5N,603.2,2.79,864.6,90.0,542.8
AgH12C4Se5N,603.2,2.79,864.6,100.0,653.2
AgH5S2O9,1151.9,2.74,880.1,50.0,575.9
AgH5S2O9,1151.9,2.74,880.1,60.0,691.1
AgH5S2O9,1151.9,2.74,880.1,70.0,806.3
AgH5S2O9,1151.9,2.74,880.1,80.0,921.5
AgH5S2O9,1151.9,2.74,880.1,90.0,1036.7
AgH5S2O9,1151.9,2.74,880.1,100.0,1201.9
AgHO2,827.7,4.22,579.1,50.0,413.9
AgHO2,827.7,4.22,579.1,60.0,496.6
AgHO2,827.7,4.22,579.1,70.0,579.4
AgHO2,827.7,4.22,579.1,80.0,662.2
AgHO2,827.7,4.22,579.1,90.0,745.0
AgHO2,827.7,4.22,579.1,100.0,877.7
AgHg2AsO4,974.5,8.03,307.5,50.0,487.3
AgHg2AsO4,974.5,8.03,307.5,60.0,584.7
AgHg2AsO4,974.5,8.03,307.5,70.0,682.2
AgHg2AsO4,974.5,8.03,307.5,80.0,779.6
AgHg2AsO4,974.5,8.03,307.5,90.0,877.1
AgHg2AsO4,974.5,8.03,307.5,100.0,1024.5
AgHg2NO5,806.4,6.97,353.8,50.0,403.2
AgHg2NO5,806.4,6.97,353.8,60.0,483.9
AgHg2NO5,806.4,6.97,353.8,70.0,564.5
AgHg2NO5,806.4,6.97,353.8,80.0,645.2
AgHg2NO5,806.4,6.97,353.8,90.0,725.8
AgHg2NO5,806.4,6.97,353.8,100.0,856.4
AgHg2PO4,1178.7,7.61,324.1,50.0,589.4
AgHg2PO4,1178.7,7.61,324.1,60.0,707.2
AgHg2PO4,1178.7,7.61,324.1,70.0,825.1
AgHg2PO4,1178.7,7.61,324.1,80.0,943.0
AgHg2PO4,1178.7,7.61,324.1,90.0,1060.9
AgHg2PO4,1178.7,7.61,324.1,100.0,1228.7
AgHgAsS3,664.0,5.84,420.9,50.0,332.0
AgHgAsS3,664.0,5.84,420.9,60.0,398.4
AgHgAsS3,664.0,5.84,420.9,70.0,464.8
AgHgAsS3,664.0,5.84,420.9,80.0,531.2
AgHgAsS3,664.0,5.84,420.9,90.0,597.6
AgHgAsS3,664.0,5.84,420.9,100.0,714.0
AgHgPd2,562.7,12.83,193.4,50.0,281.4
AgHgPd2,562.7,12.83,193.4,60.0,337.6
AgHgPd2,562.7,12.83,193.4,70.0,393.9
AgHgPd2,562.7,12.83,193.4,80.0,450.2
AgHgPd2,562.7,12.83,193.4,90.0,506.5
AgHgPd2,562.7,12.83,193.4,100.0,612.7
AgHgSBr,744.9,6.11,402.5,50.0,372.5
AgHgSBr,744.9,6.11,402.5,60.0,447.0
AgHgSBr,744.9,6.11,402.5,70.0,521.5
AgHgSBr,744.9,6.11,402.5,80.0,595.9
AgHgSBr,744.9,6.11,402.5,90.0,670.4
AgHgSBr,744.9,6.11,402.5,100.0,794.9
AgHgSI,691.9,6.52,377.5,50.0,345.9
AgHgSI,691.9,6.52,377.5,60.0,415.1
AgHgSI,691.9,6.52,377.5,70.0,484.3
AgHgSI,691.9,6.52,377.5,80.0,553.5
AgHgSI,691.9,6.52,377.5,90.0,622.7
AgHgSI,691.9,6.52,377.5,100.0,741.9
AgI,710.5,5.81,423.0,50.0,355.2
AgI,710.5,5.81,423.0,60.0,426.3
AgI,710.5,5.81,423.0,70.0,497.3
AgI,710.5,5.81,423.0,80.0,568.4
AgI,710.5,5.81,423.0,90.0,639.4
AgI,710.5,5.81,423.0,100.0,760.5
AgI3O8,838.9,4.98,492.2,50.0,419.4
AgI3O8,838.9,4.98,492.2,60.0,503.3
AgI3O8,838.9,4.98,492.2,70.0,587.2
AgI3O8,838.9,4.98,492.2,80.0,671.1
AgI3O8,838.9,4.98,492.2,90.0,755.0
AgI3O8,838.9,4.98,492.2,100.0,888.9
AgIO3,820.9,6.0,409.8,50.0,410.4
AgIO3,820.9,6.0,409.8,60.0,492.5
AgIO3,820.9,6.0,409.8,70.0,574.6
AgIO3,820.9,6.0,409.8,80.0,656.7
AgIO3,820.9,6.0,409.8,90.0,738.8
AgIO3,820.9,6.0,409.8,100.0,870.9
AgIrF7,1170.8,5.05,485.5,50.0,585.4
AgIrF7,1170.8,5.05,485.5,60.0,702.5
AgIrF7,1170.8,5.05,485.5,70.0,819.5
AgIrF7,1170.8,5.05,485.5,80.0,936.6
AgIrF7,1170.8,5.05,485.5,90.0,1053.7
AgIrF7,1170.8,5.05,485.5,100.0,1220.8
AgMo6Cl13,963.5,3.84,633.8,50.0,481.7
AgMo6Cl13,963.5,3.84,633.8,60.0,578.1
AgMo6Cl13,963.5,3.84,633.8,70.0,674.4
AgMo6Cl13,963.5,3.84,633.8,80.0,770.8
AgMo6Cl13,963.5,3.84,633.8,90.0,867.1
AgMo6Cl13,963.5,3.84,633.8,100.0,1013.5
AgMoPO6,1391.5,4.55,538.0,50.0,695.7
AgMoPO6,1391.5,4.55,538.0,60.0,834.9
AgMoPO6,1391.5,4.55,538.0,70.0,974.0
AgMoPO6,1391.5,4.55,538.0,80.0,1113.2
AgMoPO6,1391.5,4.55,538.0,90.0,1252.3
AgMoPO6,1391.5,4.55,538.0,100.0,1441.5
AgNO3,806.3,4.51,542.4,50.0,403.1
AgNO3,806.3,4.51,542.4,60.0,483.8
AgNO3,806.3,4.51,542.4,70.0,564.4
AgNO3,806.3,4.51,542.4,80.0,645.0
AgNO3,806.3,4.51,542.4,90.0,725.7
AgNO3,806.3,4.51,542.4,100.0,856.3
AgO,699.2,6.73,366.0,50.0,349.6
AgO,699.2,6.73,366.0,60.0,419.5
AgO,699.2,6.73,366.0,70.0,489.4
AgO,699.2,6.73,366.0,80.0,559.3
AgO,699.2,6.73,366.0,90.0,629.2
AgO,699.2,6.73,366.0,100.0,749.2
AgP(OF)2,1517.8,3.36,722.2,50.0,758.9
AgP(OF)2,1517.8,3.36,722.2,60.0,910.7
AgP(OF)2,1517.8,3.36,722.2,70.0,1062.4
AgP(OF)2,1517.8,3.36,722.2,80.0,1214.2
AgP(OF)2,1517.8,3.36,722.2,90.0,1366.0
AgP(OF)2,1517.8,3.36,722.2,100.0,1567.8
AgPF6,1564.1,3.16,767.5,50.0,782.0
AgPF6,1564.1,3.16,767.5,60.0,938.4
AgPF6,1564.1,3.16,767.5,70.0,1094.9
AgPF6,1564.1,3.16,767.5,80.0,1251.3
AgPF6,1564.1,3.16,767.5,90.0,1407.7
AgPF6,1564.1,3.16,767.5,100.0,1614.1
AgPO3,1381.1,4.74,516.4,50.0,690.6
AgPO3,1381.1,4.74,516.4,60.0,828.7
AgPO3,1381.1,4.74,516.4,70.0,966.8
AgPO3,1381.1,4.74,516.4,80.0,1104.9
AgPO3,1381.1,4.74,516.4,90.0,1243.0
AgPO3,1381.1,4.74,516.4,100.0,1431.1
AgPbF6,1286.6,5.87,418.9,50.0,643.3
AgPbF6,1286.6,5.87,418.9,60.0,772.0
AgPbF6,1286.6,5.87,418.9,70.0,900.7
AgPbF6,1286.6,5.87,418.9,80.0,1029.3
AgPbF6,1286.6,5.87,418.9,90.0,1158.0
AgPbF6,1286.6,5.87,418.9,100.0,1336.6
AgPd,532.7,11.12,222.9,50.0,266.3
AgPd,532.7,11.12,222.9,60.0,319.6
AgPd,532.7,11.12,222.9,70.0,372.9
AgPd,532.7,11.12,222.9,80.0,426.1
AgPd,532.7,11.12,222.9,90.0,479.4
AgPd,532.7,11.12,222.9,100.0,582.7
AgPdF6,1123.2,5.18,473.2,50.0,561.6
AgPdF6,1123.2,5.18,473.2,60.0,673.9
AgPdF6,1123.2,5.18,473.2,70.0,786.2
AgPdF6,1123.2,5.18,473.2,80.0,898.6
AgPdF6,1123.2,5.18,473.2,90.0,1010.9
AgPdF6,1123.2,5.18,473.2,100.0,1173.2
AgPdO2,796.4,7.74,318.8,50.0,398.2
AgPdO2,796.4,7.74,318.8,60.0,477.9
AgPdO2,796.4,7.74,318.8,70.0,557.5
AgPdO2,796.4,7.74,318.8,80.0,637.1
AgPdO2,796.4,7.74,318.8,90.0,716.8
AgPdO2,796.4,7.74,318.8,100.0,846.4
AgPt,537.1,15.64,158.8,50.0,268.5
AgPt,537.1,15.64,158.8,60.0,322.2
AgPt,537.1,15.64,158.8,70.0,376.0
AgPt,537.1,15.64,158.8,80.0,429.7
AgPt,537.1,15.64,158.8,90.0,483.4
AgPt,537.1,15.64,158.8,100.0,587.1
AgPtF6,1143.5,6.42,383.3,50.0,571.8
AgPtF6,1143.5,6.42,383.3,60.0,686.1
AgPtF6,1143.5,6.42,383.3,70.0,800.5
AgPtF6,1143.5,6.42,383.3,80.0,914.8
AgPtF6,1143.5,6.42,383.3,90.0,1029.2
AgPtF6,1143.5,6.42,383.3,100.0,1193.5
AgRh(SO4)2,1158.2,4.25,575.1,50.0,579.1
AgRh(SO4)2,1158.2,4.25,575.1,60.0,694.9
AgRh(SO4)2,1158.2,4.25,575.1,70.0,810.8
AgRh(SO4)2,1158.2,4.25,575.1,80.0,926.6
AgRh(SO4)2,1158.2,4.25,575.1,90.0,1042.4
AgRh(SO4)2,1158.2,4.25,575.1,100.0,1208.2
AgRhF6,1267.9,4.52,540.9,50.0,633.9
AgRhF6,1267.9,4.52,540.9,60.0,760.7
AgRhF6,1267.9,4.52,540.9,70.0,887.5
AgRhF6,1267.9,4.52,540.9,80.0,1014.3
AgRhF6,1267.9,4.52,540.9,90.0,1141.1
AgRhF6,1267.9,4.52,540.9,100.0,1317.9
AgRhF6,1199.4,5.14,477.4,50.0,599.7
AgRhF6,1199.4,5.14,477.4,60.0,719.6
AgRhF6,1199.4,5.14,477.4,70.0,839.6
AgRhF6,1199.4,5.14,477.4,80.0,959.5
AgRhF6,1199.4,5.14,477.4,90.0,1079.4
AgRhF6,1199.4,5.14,477.4,100.0,1249.4
AgRuF7,1272.1,4.48,546.2,50.0,636.0
AgRuF7,1272.1,4.48,546.2,60.0,763.3
AgRuF7,1272.1,4.48,546.2,70.0,890.5
AgRuF7,1272.1,4.48,546.2,80.0,1017.7
AgRuF7,1272.1,4.48,546.2,90.0,1144.9
AgRuF7,1272.1,4.48,546.2,100.0,1322.1
AgRuO4,955.5,5.92,414.9,50.0,477.7
AgRuO4,955.5,5.92,414.9,60.0,573.3
AgRuO4,955.5,5.92,414.9,70.0,668.8
AgRuO4,955.5,5.92,414.9,80.0,764.4
AgRuO4,955.5,5.92,414.9,90.0,859.9
AgRuO4,955.5,5.92,414.9,100.0,1005.5
AgS2(O3F)2,1253.1,2.8,860.9,50.0,626.6
AgS2(O3F)2,1253.1,2.8,860.9,60.0,751.9
AgS2(O3F)2,1253.1,2.8,860.9,70.0,877.2
AgS2(O3F)2,1253.1,2.8,860.9,80.0,1002.5
AgS2(O3F)2,1253.1,2.8,860.9,90.0,1127.8
AgS2(O3F)2,1253.1,2.8,860.9,100.0,1303.1
AgSO3F,1216.1,3.85,632.3,50.0,608.1
AgSO3F,1216.1,3.85,632.3,60.0,729.7
AgSO3F,1216.1,3.85,632.3,70.0,851.3
AgSO3F,1216.1,3.85,632.3,80.0,972.9
AgSO3F,1216.1,3.85,632.3,90.0,1094.5
AgSO3F,1216.1,3.85,632.3,100.0,1266.1
AgSO4,1116.8,4.4,555.9,50.0,558.4
AgSO4,1116.8,4.4,555.9,60.0,670.1
AgSO4,1116.8,4.4,555.9,70.0,781.7
AgSO4,1116.8,4.4,555.9,80.0,893.4
AgSO4,1116.8,4.4,555.9,90.0,1005.1
AgSO4,1116.8,4.4,555.9,100.0,1166.8
AgSO4,958.3,4.18,584.1,50.0,479.1
AgSO4,958.3,4.18,584.1,60.0,575.0
AgSO4,958.3,4.18,584.1,70.0,670.8
AgSO4,958.3,4.18,584.1,80.0,766.6
AgSO4,958.3,4.18,584.1,90.0,862.4
AgSO4,958.3,4.18,584.1,100.0,1008.3
AgSb(S8F3)2,1013.1,2.33,1030.4,50.0,506.6
AgSb(S8F3)2,1013.1,2.33,1030.4,60.0,607.9
AgSb(S8F3)2,1013.1,2.33,1030.4,70.0,709.2
AgSb(S8F3)2,1013.1,2.33,1030.4,80.0,810.5
AgSb(S8F3)2,1013.1,2.33,1030.4,90.0,911.8
AgSb(S8F3)2,1013.1,2.33,1030.4,100.0,1063.1
AgSb2F12,1574.4,4.56,536.2,50.0,787.2
AgSb2F12,1574.4,4.56,536.2,60.0,944.6
AgSb2F12,1574.4,4.56,536.2,70.0,1102.1
AgSb2F12,1574.4,4.56,536.2,80.0,1259.5
AgSb2F12,1574.4,4.56,536.2,90.0,1416.9
AgSb2F12,1574.4,4.56,536.2,100.0,1624.4
AgSb3IF24,1517.8,3.66,665.2,50.0,758.9
AgSb3IF24,1517.8,3.66,665.2,60.0,910.7
AgSb3IF24,1517.8,3.66,665.2,70.0,1062.5
AgSb3IF24,1517.8,3.66,665.2,80.0,1214.3
AgSb3IF24,1517.8,3.66,665.2,90.0,1366.0
AgSb3IF24,1517.8,3.66,665.2,100.0,1567.8
AgSbF6,1561.5,5.03,487.4,50.0,780.7
AgSbF6,1561.5,5.03,487.4,60.0,936.9
AgSbF6,1561.5,5.03,487.4,70.0,1093.0
AgSbF6,1561.5,5.03,487.4,80.0,1249.2
AgSbF6,1561.5,5.03,487.4,90.0,1405.3
AgSbF6,1561.5,5.03,487.4,100.0,1611.5
AgSbO3,1150.0,6.79,363.0,50.0,575.0
AgSbO3,1150.0,6.79,363.0,60.0,690.0
AgSbO3,1150.0,6.79,363.0,70.0,805.0
AgSbO3,1150.0,6.79,363.0,80.0,920.0
AgSbO3,1150.0,6.79,363.0,90.0,1035.0
AgSbO3,1150.0,6.79,363.0,100.0,1200.0
AgSbS(OF3)2,1463.7,3.6,674.9,50.0,731.9
AgSbS(OF3)2,1463.7,3.6,674.9,60.0,878.2
AgSbS(OF3)2,1463.7,3.6,674.9,70.0,1024.6
AgSbS(OF3)2,1463.7,3.6,674.9,80.0,1171.0
AgSbS(OF3)2,1463.7,3.6,674.9,90.0,1317.3
AgSbS(OF3)2,1463.7,3.6,674.9,100.0,1513.7
AgSbS2,612.6,5.04,486.6,50.0,306.3
AgSbS2,612.6,5.04,486.6,60.0,367.5
AgSbS2,612.6,5.04,486.6,70.0,428.8
AgSbS2,612.6,5.04,486.6,80.0,490.0
AgSbS2,612.6,5.04,486.6,90.0,551.3
AgSbS2,612.6,5.04,486.6,100.0,662.6
AgSnF6,1458.4,4.9,499.8,50.0,729.2
AgSnF6,1458.4,4.9,499.8,60.0,875.1
AgSnF6,1458.4,4.9,499.8,70.0,1020.9
AgSnF6,1458.4,4.9,499.8,80.0,1166.8
AgSnF6,1458.4,4.9,499.8,90.0,1312.6
AgSnF6,1458.4,4.9,499.8,100.0,1508.4
AgSnSe2,650.3,6.92,356.3,50.0,325.1
AgSnSe2,650.3,6.92,356.3,60.0,390.2
AgSnSe2,650.3,6.92,356.3,70.0,455.2
AgSnSe2,650.3,6.92,356.3,80.0,520.2
AgSnSe2,650.3,6.92,356.3,90.0,585.2
AgSnSe2,650.3,6.92,356.3,100.0,700.3
AgTe4Au,543.0,7.68,321.5,50.0,271.5
AgTe4Au,543.0,7.68,321.5,60.0,325.8
AgTe4Au,543.0,7.68,321.5,70.0,380.1
AgTe4Au,543.0,7.68,321.5,80.0,434.4
AgTe4Au,543.0,7.68,321.5,90.0,488.7
AgTe4Au,543.0,7.68,321.5,100.0,593.0
AgTeO3,1015.9,6.28,392.1,50.0,507.9
AgTeO3,1015.9,6.28,392.1,60.0,609.5
AgTeO3,1015.9,6.28,392.1,70.0,711.1
AgTeO3,1015.9,6.28,392.1,80.0,812.7
AgTeO3,1015.9,6.28,392.1,90.0,914.3
AgTeO3,1015.9,6.28,392.1,100.0,1065.9
AgW3Br7,868.0,6.23,395.2,50.0,434.0
AgW3Br7,868.0,6.23,395.2,60.0,520.8
AgW3Br7,868.0,6.23,395.2,70.0,607.6
AgW3Br7,868.0,6.23,395.2,80.0,694.4
AgW3Br7,868.0,6.23,395.2,90.0,781.2
AgW3Br7,868.0,6.23,395.2,100.0,918.0
Al,545.0,2.72,886.5,50.0,272.5
Al,545.0,2.72,886.5,60.0,327.0
Al,545.0,2.72,886.5,70.0,381.5
Al,545.0,2.72,886.5,80.0,436.0
Al,545.0,2.72,886.5,90.0,490.5
Al,545.0,2.72,886.5,100.0,595.0
Al(Ag3Se2)3,631.3,7.0,352.1,50.0,315.6
Al(Ag3Se2)3,631.3,7.0,352.1,60.0,378.8
Al(Ag3Se2)3,631.3,7.0,352.1,70.0,441.9
Al(Ag3Se2)3,631.3,7.0,352.1,80.0,505.0
Al(Ag3Se2)3,631.3,7.0,352.1,90.0,568.2
Al(Ag3Se2)3,631.3,7.0,352.1,100.0,681.3
Al(BH4)3,546.6,0.68,3190.7,50.0,273.3
Al(BH4)3,546.6,0.68,3190.7,60.0,328.0
Al(BH4)3,546.6,0.68,3190.7,70.0,382.6
Al(BH4)3,546.6,0.68,3190.7,80.0,437.3
Al(BH4)3,546.6,0.68,3190.7,90.0,491.9
Al(BH4)3,546.6,0.68,3190.7,100.0,596.6
Al(BiCl)4,996.6,5.07,483.4,50.0,498.3
Al(BiCl)4,996.6,5.07,483.4,60.0,597.9
Al(BiCl)4,996.6,5.07,483.4,70.0,697.6
Al(BiCl)4,996.6,5.07,483.4,80.0,797.3
Al(BiCl)4,996.6,5.07,483.4,90.0,896.9
Al(BiCl)4,996.6,5.07,483.4,100.0,1046.6
Al(CrB)2,671.5,5.45,450.3,50.0,335.7
Al(CrB)2,671.5,5.45,450.3,60.0,402.9
Al(CrB)2,671.5,5.45,450.3,70.0,470.0
Al(CrB)2,671.5,5.45,450.3,80.0,537.2
Al(CrB)2,671.5,5.45,450.3,90.0,604.3
Al(CrB)2,671.5,5.45,450.3,100.0,721.5
Al(FeB)2,680.5,5.89,417.4,50.0,340.3
Al(FeB)2,680.5,5.89,417.4,60.0,408.3
Al(FeB)2,680.5,5.89,417.4,70.0,476.4
Al(FeB)2,680.5,5.89,417.4,80.0,544.4
Al(FeB)2,680.5,5.89,417.4,90.0,612.5
Al(FeB)2,680.5,5.89,417.4,100.0,730.5
Al(ICl2)3,986.5,2.95,820.4,50.0,493.2
Al(ICl2)3,986.5,2.95,820.4,60.0,591.9
Al(ICl2)3,986.5,2.95,820.4,70.0,690.5
Al(ICl2)3,986.5,2.95,820.4,80.0,789.2
Al(ICl2)3,986.5,2.95,820.4,90.0,887.8
Al(ICl2)3,986.5,2.95,820.4,100.0,1036.5
Al(IO3)3,1085.8,5.04,486.7,50.0,542.9
Al(IO3)3,1085.8,5.04,486.7,60.0,651.5
Al(IO3)3,1085.8,5.04,486.7,70.0,760.1
Al(IO3)3,1085.8,5.04,486.7,80.0,868.6
Al(IO3)3,1085.8,5.04,486.7,90.0,977.2
Al(IO3)3,1085.8,5.04,486.7,100.0,1135.8
Al(Ni3B2)4,648.1,7.31,337.2,50.0,324.0
Al(Ni3B2)4,648.1,7.31,337.2,60.0,388.8
Al(Ni3B2)4,648.1,7.31,337.2,70.0,453.6
Al(Ni3B2)4,648.1,7.31,337.2,80.0,518.4
Al(Ni3B2)4,648.1,7.31,337.2,90.0,583.3
Al(Ni3B2)4,648.1,7.31,337.2,100.0,698.1
Al(PO3)3,1778.5,2.42,991.8,50.0,889.3
Al(PO3)3,1778.5,2.42,991.8,60.0,1067.1
Al(PO3)3,1778.5,2.42,991.8,70.0,1245.0
Al(PO3)3,1778.5,2.42,991.8,80.0,1422.8
Al(PO3)3,1778.5,2.42,991.8,90.0,1600.7
Al(PO3)3,1778.5,2.42,991.8,100.0,1828.5
Al(SeCl)4,879.4,2.98,811.6,50.0,439.7
Al(SeCl)4,879.4,2.98,811.6,60.0,527.7
Al(SeCl)4,879.4,2.98,811.6,70.0,615.6
Al(SeCl)4,879.4,2.98,811.6,80.0,703.5
Al(SeCl)4,879.4,2.98,811.6,90.0,791.5
Al(SeCl)4,879.4,2.98,811.6,100.0,929.4
Al(SeCl2)2,981.1,2.58,933.2,50.0,490.6
Al(SeCl2)2,981.1,2.58,933.2,60.0,588.7
Al(SeCl2)2,981.1,2.58,933.2,70.0,686.8
Al(SeCl2)2,981.1,2.58,933.2,80.0,784.9
Al(SeCl2)2,981.1,2.58,933.2,90.0,883.0
Al(SeCl2)2,981.1,2.58,933.2,100.0,1031.1
Al(TeCl2)2,1002.0,2.96,817.8,50.0,501.0
Al(TeCl2)2,1002.0,2.96,817.8,60.0,601.2
Al(TeCl2)2,1002.0,2.96,817.8,70.0,701.4
Al(TeCl2)2,1002.0,2.96,817.8,80.0,801.6
Al(TeCl2)2,1002.0,2.96,817.8,90.0,901.8
Al(TeCl2)2,1002.0,2.96,817.8,100.0,1052.0
Al(VS2)4,1029.4,3.49,697.1,50.0,514.7
Al(VS2)4,1029.4,3.49,697.1,60.0,617.7
Al(VS2)4,1029.4,3.49,697.1,70.0,720.6
Al(VS2)4,1029.4,3.49,697.1,80.0,823.5
Al(VS2)4,1029.4,3.49,697.1,90.0,926.5
Al(VS2)4,1029.4,3.49,697.1,100.0,1079.4
Al11(CoSi)6,669.8,4.45,549.8,50.0,334.9
Al11(CoSi)6,669.8,4.45,549.8,60.0,401.9
Al11(CoSi)6,669.8,4.45,549.8,70.0,468.9
Al11(CoSi)6,669.8,4.45,549.8,80.0,535.9
Al11(CoSi)6,669.8,4.45,549.8,90.0,602.8
Al11(CoSi)6,669.8,4.45,549.8,100.0,719.8
Al11Re4,680.4,7.68,321.4,50.0,340.2
Al11Re4,680.4,7.68,321.4,60.0,408.3
Al11Re4,680.4,7.68,321.4,70.0,476.3
Al11Re4,680.4,7.68,321.4,80.0,544.3
Al11Re4,680.4,7.68,321.4,90.0,612.4
Al11Re4,680.4,7.68,321.4,100.0,730.4
Al11TlO17,1946.8,4.15,588.6,50.0,973.4
Al11TlO17,1946.8,4.15,588.6,60.0,1168.1
Al11TlO17,1946.8,4.15,588.6,70.0,1362.7
Al11TlO17,1946.8,4.15,588.6,80.0,1557.4
Al11TlO17,1946.8,4.15,588.6,90.0,1752.1
Al11TlO17,1946.8,4.15,588.6,100.0,1996.8
Al11TlO17,1988.6,4.02,607.1,50.0,994.3
Al11TlO17,1988.6,4.02,607.1,60.0,1193.2
Al11TlO17,1988.6,4.02,607.1,70.0,1392.0
Al11TlO17,1988.6,4.02,607.1,80.0,1590.9
Al11TlO17,1988.6,4.02,607.1,90.0,1789.8
Al11TlO17,1988.6,4.02,607.1,100.0,2038.6
Al12Re,568.3,4.05,602.3,50.0,284.2
Al12Re,568.3,4.05,602.3,60.0,341.0
Al12Re,568.3,4.05,602.3,70.0,397.8
Al12Re,568.3,4.05,602.3,80.0,454.7
Al12Re,568.3,4.05,602.3,90.0,511.5
Al12Re,568.3,4.05,602.3,100.0,618.3
Al12Tc,581.1,3.36,722.1,50.0,290.5
Al12Tc,581.1,3.36,722.1,60.0,348.6
Al12Tc,581.1,3.36,722.1,70.0,406.7
Al12Tc,581.1,3.36,722.1,80.0,464.8
Al12Tc,581.1,3.36,722.1,90.0,523.0
Al12Tc,581.1,3.36,722.1,100.0,631.1
Al13Fe4,647.0,3.99,610.5,50.0,323.5
Al13Fe4,647.0,3.99,610.5,60.0,388.2
Al13Fe4,647.0,3.99,610.5,70.0,452.9
Al13Fe4,647.0,3.99,610.5,80.0,517.6
Al13Fe4,647.0,3.99,610.5,90.0,582.3
Al13Fe4,647.0,3.99,610.5,100.0,697.0
Al13Os4,739.1,7.13,345.8,50.0,369.6
Al13Os4,739.1,7.13,345.8,60.0,443.5
Al13Os4,739.1,7.13,345.8,70.0,517.4
Al13Os4,739.1,7.13,345.8,80.0,591.3
Al13Os4,739.1,7.13,345.8,90.0,665.2
Al13Os4,739.1,7.13,345.8,100.0,789.1
Al13Ru4,761.4,4.81,509.2,50.0,380.7
Al13Ru4,761.4,4.81,509.2,60.0,456.9
Al13Ru4,761.4,4.81,509.2,70.0,533.0
Al13Ru4,761.4,4.81,509.2,80.0,609.1
Al13Ru4,761.4,4.81,509.2,90.0,685.3
Al13Ru4,761.4,4.81,509.2,100.0,811.4
Al2(CN2)3,774.2,2.4,999.6,50.0,387.1
Al2(CN2)3,774.2,2.4,999.6,60.0,464.5
Al2(CN2)3,774.2,2.4,999.6,70.0,541.9
Al2(CN2)3,774.2,2.4,999.6,80.0,619.4
Al2(CN2)3,774.2,2.4,999.6,90.0,696.8
Al2(CN2)3,774.2,2.4,999.6,100.0,824.2
Al2(FeSi)3,704.3,5.32,461.2,50.0,352.1
Al2(FeSi)3,704.3,5.32,461.2,60.0,422.6
Al2(FeSi)3,704.3,5.32,461.2,70.0,493.0
Al2(FeSi)3,704.3,5.32,461.2,80.0,563.4
Al2(FeSi)3,704.3,5.32,461.2,90.0,633.8
Al2(FeSi)3,704.3,5.32,461.2,100.0,754.3
Al2(MoO4)3,1581.8,3.45,703.3,50.0,790.9
Al2(MoO4)3,1581.8,3.45,703.3,60.0,949.1
Al2(MoO4)3,1581.8,3.45,703.3,70.0,1107.3
Al2(MoO4)3,1581.8,3.45,703.3,80.0,1265.4
Al2(MoO4)3,1581.8,3.45,703.3,90.0,1423.6
Al2(MoO4)3,1581.8,3.45,703.3,100.0,1631.8
Al2(Ni7B2)3,656.5,8.09,305.4,50.0,328.3
Al2(Ni7B2)3,656.5,8.09,305.4,60.0,393.9
Al2(Ni7B2)3,656.5,8.09,305.4,70.0,459.6
Al2(Ni7B2)3,656.5,8.09,305.4,80.0,525.2
Al2(Ni7B2)3,656.5,8.09,305.4,90.0,590.9
Al2(Ni7B2)3,656.5,8.09,305.4,100.0,706.5
Al2(SO4)3,1550.7,2.86,843.4,50.0,775.4
Al2(SO4)3,1550.7,2.86,843.4,60.0,930.4
Al2(SO4)3,1550.7,2.86,843.4,70.0,1085.5
Al2(SO4)3,1550.7,2.86,843.4,80.0,1240.6
Al2(SO4)3,1550.7,2.86,843.4,90.0,1395.7
Al2(SO4)3,1550.7,2.86,843.4,100.0,1600.7
Al2(SeO4)3,1292.4,3.62,672.6,50.0,646.2
Al2(SeO4)3,1292.4,3.62,672.6,60.0,775.4
Al2(SeO4)3,1292.4,3.62,672.6,70.0,904.7
Al2(SeO4)3,1292.4,3.62,672.6,80.0,1033.9
Al2(SeO4)3,1292.4,3.62,672.6,90.0,1163.1
Al2(SeO4)3,1292.4,3.62,672.6,100.0,1342.4
Al2(Zn13Pd3)3,635.8,7.85,314.6,50.0,317.9
Al2(Zn13Pd3)3,635.8,7.85,314.6,60.0,381.5
Al2(Zn13Pd3)3,635.8,7.85,314.6,70.0,445.1
Al2(Zn13Pd3)3,635.8,7.85,314.6,80.0,508.6
Al2(Zn13Pd3)3,635.8,7.85,314.6,90.0,572.2
Al2(Zn13Pd3)3,635.8,7.85,314.6,100.0,685.8
Al21Pd8,754.9,5.24,468.2,50.0,377.4
Al21Pd8,754.9,5.24,468.2,60.0,452.9
Al21Pd8,754.9,5.24,468.2,70.0,528.4
Al21Pd8,754.9,5.24,468.2,80.0,603.9
Al21Pd8,754.9,5.24,468.2,90.0,679.4
Al21Pd8,754.9,5.24,468.2,100.0,804.9
Al21Pt8,872.4,7.89,312.9,50.0,436.2
Al21Pt8,872.4,7.89,312.9,60.0,523.4
Al21Pt8,872.4,7.89,312.9,70.0,610.7
Al21Pt8,872.4,7.89,312.9,80.0,697.9
Al21Pt8,872.4,7.89,312.9,90.0,785.2
Al21Pt8,872.4,7.89,312.9,100.0,922.4
Al23B50,531.1,3.1,781.8,50.0,265.5
Al23B50,531.1,3.1,781.8,60.0,318.7
Al23B50,531.1,3.1,781.8,70.0,371.8
Al23B50,531.1,3.1,781.8,80.0,424.9
Al23B50,531.1,3.1,781.8,90.0,478.0
Al23B50,531.1,3.1,781.8,100.0,581.1
Al27(FeNi2)2,629.8,3.66,665.5,50.0,314.9
Al27(FeNi2)2,629.8,3.66,665.5,60.0,377.9
Al27(FeNi2)2,629.8,3.66,665.5,70.0,440.9
Al27(FeNi2)2,629.8,3.66,665.5,80.0,503.9
Al27(FeNi2)2,629.8,3.66,665.5,90.0,566.8
Al27(FeNi2)2,629.8,3.66,665.5,100.0,679.8
Al2Ag2Bi2S3Cl8,1106.4,3.65,666.0,50.0,553.2
Al2Ag2Bi2S3Cl8,1106.4,3.65,666.0,60.0,663.8
Al2Ag2Bi2S3Cl8,1106.4,3.65,666.0,70.0,774.5
Al2Ag2Bi2S3Cl8,1106.4,3.65,666.0,80.0,885.1
Al2Ag2Bi2S3Cl8,1106.4,3.65,666.0,90.0,995.8
Al2Ag2Bi2S3Cl8,1106.4,3.65,666.0,100.0,1156.4
Al2AgCl5O,1402.4,2.44,985.4,50.0,701.2
Al2AgCl5O,1402.4,2.44,985.4,60.0,841.5
Al2AgCl5O,1402.4,2.44,985.4,70.0,981.7
Al2AgCl5O,1402.4,2.44,985.4,80.0,1121.9
Al2AgCl5O,1402.4,2.44,985.4,90.0,1262.2
Al2AgCl5O,1402.4,2.44,985.4,100.0,1452.4
Al2Au,722.8,7.7,320.6,50.0,361.4
Al2Au,722.8,7.7,320.6,60.0,433.7
Al2Au,722.8,7.7,320.6,70.0,506.0
Al2Au,722.8,7.7,320.6,80.0,578.2
Al2Au,722.8,7.7,320.6,90.0,650.5
Al2Au,722.8,7.7,320.6,100.0,772.8
Al2B3HO8,1812.3,2.06,1154.8,50.0,906.1
Al2B3HO8,1812.3,2.06,1154.8,60.0,1087.4
Al2B3HO8,1812.3,2.06,1154.8,70.0,1268.6
Al2B3HO8,1812.3,2.06,1154.8,80.0,1449.8
Al2B3HO8,1812.3,2.06,1154.8,90.0,1631.1
Al2B3HO8,1812.3,2.06,1154.8,100.0,1862.3
Al2BiS4,962.1,3.77,646.8,50.0,481.0
Al2BiS4,962.1,3.77,646.8,60.0,577.2
Al2BiS4,962.1,3.77,646.8,70.0,673.5
Al2BiS4,962.1,3.77,646.8,80.0,769.7
Al2BiS4,962.1,3.77,646.8,90.0,865.9
Al2BiS4,962.1,3.77,646.8,100.0,1012.1
Al2BiSe4,892.7,4.92,498.4,50.0,446.3
Al2BiSe4,892.7,4.92,498.4,60.0,535.6
Al2BiSe4,892.7,4.92,498.4,70.0,624.9
Al2BiSe4,892.7,4.92,498.4,80.0,714.2
Al2BiSe4,892.7,4.92,498.4,90.0,803.4
Al2BiSe4,892.7,4.92,498.4,100.0,942.7
Al2Cd3(GeO4)3,1522.3,5.79,424.7,50.0,761.2
Al2Cd3(GeO4)3,1522.3,5.79,424.7,60.0,913.4
Al2Cd3(GeO4)3,1522.3,5.79,424.7,70.0,1065.6
Al2Cd3(GeO4)3,1522.3,5.79,424.7,80.0,1217.9
Al2Cd3(GeO4)3,1522.3,5.79,424.7,90.0,1370.1
Al2Cd3(GeO4)3,1522.3,5.79,424.7,100.0,1572.3
Al2CdBr8,1152.3,3.66,664.2,50.0,576.1
Al2CdBr8,1152.3,3.66,664.2,60.0,691.4
Al2CdBr8,1152.3,3.66,664.2,70.0,806.6
Al2CdBr8,1152.3,3.66,664.2,80.0,921.8
Al2CdBr8,1152.3,3.66,664.2,90.0,1037.0
Al2CdBr8,1152.3,3.66,664.2,100.0,1202.3
Al2CdCl8,1211.3,2.42,991.7,50.0,605.6
Al2CdCl8,1211.3,2.42,991.7,60.0,726.8
Al2CdCl8,1211.3,2.42,991.7,70.0,847.9
Al2CdCl8,1211.3,2.42,991.7,80.0,969.0
Al2CdCl8,1211.3,2.42,991.7,90.0,1090.1
Al2CdCl8,1211.3,2.42,991.7,100.0,1261.3
Al2CdS4,1016.3,3.08,786.5,50.0,508.1
Al2CdS4,1016.3,3.08,786.5,60.0,609.8
Al2CdS4,1016.3,3.08,786.5,70.0,711.4
Al2CdS4,1016.3,3.08,786.5,80.0,813.0
Al2CdS4,1016.3,3.08,786.5,90.0,914.6
Al2CdS4,1016.3,3.08,786.5,100.0,1066.3
Al2CdSe4,984.0,4.39,556.2,50.0,492.0
Al2CdSe4,984.0,4.39,556.2,60.0,590.4
Al2CdSe4,984.0,4.39,556.2,70.0,688.8
Al2CdSe4,984.0,4.39,556.2,80.0,787.2
Al2CdSe4,984.0,4.39,556.2,90.0,885.6
Al2CdSe4,984.0,4.39,556.2,100.0,1034.0
Al2CdTe4,762.0,4.85,504.9,50.0,381.0
Al2CdTe4,762.0,4.85,504.9,60.0,457.2
Al2CdTe4,762.0,4.85,504.9,70.0,533.4
Al2CdTe4,762.0,4.85,504.9,80.0,609.6
Al2CdTe4,762.0,4.85,504.9,90.0,685.8
Al2CdTe4,762.0,4.85,504.9,100.0,812.0
Al2CoIr,875.8,10.09,245.3,50.0,437.9
Al2CoIr,875.8,10.09,245.3,60.0,525.5
Al2CoIr,875.8,10.09,245.3,70.0,613.1
Al2CoIr,875.8,10.09,245.3,80.0,700.6
Al2CoIr,875.8,10.09,245.3,90.0,788.2
Al2CoIr,875.8,10.09,245.3,100.0,925.8
Al2CoNi,781.3,6.15,399.9,50.0,390.7
Al2CoNi,781.3,6.15,399.9,60.0,468.8
Al2CoNi,781.3,6.15,399.9,70.0,546.9
Al2CoNi,781.3,6.15,399.9,80.0,625.1
Al2CoNi,781.3,6.15,399.9,90.0,703.2
Al2CoNi,781.3,6.15,399.9,100.0,831.3
Al2CoO4,1798.3,4.29,569.4,50.0,899.1
Al2CoO4,1798.3,4.29,569.4,60.0,1079.0
Al2CoO4,1798.3,4.29,569.4,70.0,1258.8
Al2CoO4,1798.3,4.29,569.4,80.0,1438.6
Al2CoO4,1798.3,4.29,569.4,90.0,1618.5
Al2CoO4,1798.3,4.29,569.4,100.0,1848.3
Al2CoOs,743.1,10.05,246.3,50.0,371.6
Al2CoOs,743.1,10.05,246.3,60.0,445.9
Al2CoOs,743.1,10.05,246.3,70.0,520.2
Al2CoOs,743.1,10.05,246.3,80.0,594.5
Al2CoOs,743.1,10.05,246.3,90.0,668.8
Al2CoOs,743.1,10.05,246.3,100.0,793.1
Al2CoRu,797.8,7.21,342.1,50.0,398.9
Al2CoRu,797.8,7.21,342.1,60.0,478.7
Al2CoRu,797.8,7.21,342.1,70.0,558.5
Al2CoRu,797.8,7.21,342.1,80.0,638.2
Al2CoRu,797.8,7.21,342.1,90.0,718.0
Al2CoRu,797.8,7.21,342.1,100.0,847.8
Al2Cr3CuS8,999.1,3.55,685.3,50.0,499.5
Al2Cr3CuS8,999.1,3.55,685.3,60.0,599.4
Al2Cr3CuS8,999.1,3.55,685.3,70.0,699.4
Al2Cr3CuS8,999.1,3.55,685.3,80.0,799.3
Al2Cr3CuS8,999.1,3.55,685.3,90.0,899.2
Al2Cr3CuS8,999.1,3.55,685.3,100.0,1049.1
Al2Cu,595.7,4.15,588.2,50.0,297.8
Al2Cu,595.7,4.15,588.2,60.0,357.4
Al2Cu,595.7,4.15,588.2,70.0,417.0
Al2Cu,595.7,4.15,588.2,80.0,476.6
Al2Cu,595.7,4.15,588.2,90.0,536.1
Al2Cu,595.7,4.15,588.2,100.0,645.7
Al2CuIr,833.9,9.68,255.6,50.0,416.9
Al2CuIr,833.9,9.68,255.6,60.0,500.3
Al2CuIr,833.9,9.68,255.6,70.0,583.7
Al2CuIr,833.9,9.68,255.6,80.0,667.1
Al2CuIr,833.9,9.68,255.6,90.0,750.5
Al2CuIr,833.9,9.68,255.6,100.0,883.9
Al2FeCo,710.6,6.19,397.7,50.0,355.3
Al2FeCo,710.6,6.19,397.7,60.0,426.4
Al2FeCo,710.6,6.19,397.7,70.0,497.4
Al2FeCo,710.6,6.19,397.7,80.0,568.5
Al2FeCo,710.6,6.19,397.7,90.0,639.6
Al2FeCo,710.6,6.19,397.7,100.0,760.6
Al2FeIr,806.4,10.0,247.5,50.0,403.2
Al2FeIr,806.4,10.0,247.5,60.0,483.8
Al2FeIr,806.4,10.0,247.5,70.0,564.5
Al2FeIr,806.4,10.0,247.5,80.0,645.1
Al2FeIr,806.4,10.0,247.5,90.0,725.7
Al2FeIr,806.4,10.0,247.5,100.0,856.4
Al2FeNi,735.6,6.07,405.4,50.0,367.8
Al2FeNi,735.6,6.07,405.4,60.0,441.4
Al2FeNi,735.6,6.07,405.4,70.0,514.9
Al2FeNi,735.6,6.07,405.4,80.0,588.5
Al2FeNi,735.6,6.07,405.4,90.0,662.1
Al2FeNi,735.6,6.07,405.4,100.0,785.6
Al2FeO4,1806.6,4.3,567.9,50.0,903.3
Al2FeO4,1806.6,4.3,567.9,60.0,1084.0
Al2FeO4,1806.6,4.3,567.9,70.0,1264.6
Al2FeO4,1806.6,4.3,567.9,80.0,1445.3
Al2FeO4,1806.6,4.3,567.9,90.0,1625.9
Al2FeO4,1806.6,4.3,567.9,100.0,1856.6
Al2Ga2Bi2O9,1610.8,6.5,378.9,50.0,805.4
Al2Ga2Bi2O9,1610.8,6.5,378.9,60.0,966.5
Al2Ga2Bi2O9,1610.8,6.5,378.9,70.0,1127.6
Al2Ga2Bi2O9,1610.8,6.5,378.9,80.0,1288.6
Al2Ga2Bi2O9,1610.8,6.5,378.9,90.0,1449.7
Al2Ga2Bi2O9,1610.8,6.5,378.9,100.0,1660.8
Al2Ge(O2F)2,1927.4,4.02,607.1,50.0,963.7
Al2Ge(O2F)2,1927.4,4.02,607.1,60.0,1156.4
Al2Ge(O2F)2,1927.4,4.02,607.1,70.0,1349.2
Al2Ge(O2F)2,1927.4,4.02,607.1,80.0,1541.9
Al2Ge(O2F)2,1927.4,4.02,607.1,90.0,1734.7
Al2Ge(O2F)2,1927.4,4.02,607.1,100.0,1977.4
Al2H12(SeO5)3,1224.9,2.55,943.3,50.0,612.4
Al2H12(SeO5)3,1224.9,2.55,943.3,60.0,734.9
Al2H12(SeO5)3,1224.9,2.55,943.3,70.0,857.4
Al2H12(SeO5)3,1224.9,2.55,943.3,80.0,979.9
Al2H12(SeO5)3,1224.9,2.55,943.3,90.0,1102.4
Al2H12(SeO5)3,1224.9,2.55,943.3,100.0,1274.9
Al2H16S3O20,1279.9,2.04,1169.0,50.0,639.9
Al2H16S3O20,1279.9,2.04,1169.0,60.0,767.9
Al2H16S3O20,1279.9,2.04,1169.0,70.0,895.9
Al2H16S3O20,1279.9,2.04,1169.0,80.0,1023.9
Al2H16S3O20,1279.9,2.04,1169.0,90.0,1151.9
Al2H16S3O20,1279.9,2.04,1169.0,100.0,1329.9
Al2H32S3O28,1205.5,1.7,1390.0,50.0,602.8
Al2H32S3O28,1205.5,1.7,1390.0,60.0,723.3
Al2H32S3O28,1205.5,1.7,1390.0,70.0,843.9
Al2H32S3O28,1205.5,1.7,1390.0,80.0,964.4
Al2H32S3O28,1205.5,1.7,1390.0,90.0,1085.0
Al2H32S3O28,1205.5,1.7,1390.0,100.0,1255.5
Al2Hg3Cl8,1068.8,4.05,602.3,50.0,534.4
Al2Hg3Cl8,1068.8,4.05,602.3,60.0,641.3
Al2Hg3Cl8,1068.8,4.05,602.3,70.0,748.1
Al2Hg3Cl8,1068.8,4.05,602.3,80.0,855.0
Al2Hg3Cl8,1068.8,4.05,602.3,90.0,961.9
Al2Hg3Cl8,1068.8,4.05,602.3,100.0,1118.8
Al2HgS4,997.8,3.99,611.1,50.0,498.9
Al2HgS4,997.8,3.99,611.1,60.0,598.7
Al2HgS4,997.8,3.99,611.1,70.0,698.5
Al2HgS4,997.8,3.99,611.1,80.0,798.3
Al2HgS4,997.8,3.99,611.1,90.0,898.1
Al2HgS4,997.8,3.99,611.1,100.0,1047.8
Al2HgSe4,871.4,5.17,474.4,50.0,435.7
Al2HgSe4,871.4,5.17,474.4,60.0,522.8
Al2HgSe4,871.4,5.17,474.4,70.0,609.9
Al2HgSe4,871.4,5.17,474.4,80.0,697.1
Al2HgSe4,871.4,5.17,474.4,90.0,784.2
Al2HgSe4,871.4,5.17,474.4,100.0,921.4
Al2HgTe4,714.7,5.5,446.2,50.0,357.3
Al2HgTe4,714.7,5.5,446.2,60.0,428.8
Al2HgTe4,714.7,5.5,446.2,70.0,500.3
Al2HgTe4,714.7,5.5,446.2,80.0,571.7
Al2HgTe4,714.7,5.5,446.2,90.0,643.2
Al2HgTe4,714.7,5.5,446.2,100.0,764.7
Al2IrOs,872.9,13.5,183.8,50.0,436.4
Al2IrOs,872.9,13.5,183.8,60.0,523.7
Al2IrOs,872.9,13.5,183.8,70.0,611.0
Al2IrOs,872.9,13.5,183.8,80.0,698.3
Al2IrOs,872.9,13.5,183.8,90.0,785.6
Al2IrOs,872.9,13.5,183.8,100.0,922.9
Al2IrRh,1008.9,10.87,227.9,50.0,504.4
Al2IrRh,1008.9,10.87,227.9,60.0,605.3
Al2IrRh,1008.9,10.87,227.9,70.0,706.2
Al2IrRh,1008.9,10.87,227.9,80.0,807.1
Al2IrRh,1008.9,10.87,227.9,90.0,908.0
Al2IrRh,1008.9,10.87,227.9,100.0,1058.9
Al2IrRu,942.9,10.85,228.3,50.0,471.5
Al2IrRu,942.9,10.85,228.3,60.0,565.8
Al2IrRu,942.9,10.85,228.3,70.0,660.1
Al2IrRu,942.9,10.85,228.3,80.0,754.4
Al2IrRu,942.9,10.85,228.3,90.0,848.6
Al2IrRu,942.9,10.85,228.3,100.0,992.9
Al2NiO4,1761.2,4.53,539.5,50.0,880.6
Al2NiO4,1761.2,4.53,539.5,60.0,1056.7
Al2NiO4,1761.2,4.53,539.5,70.0,1232.9
Al2NiO4,1761.2,4.53,539.5,80.0,1409.0
Al2NiO4,1761.2,4.53,539.5,90.0,1585.1
Al2NiO4,1761.2,4.53,539.5,100.0,1811.2
Al2NiOs,773.6,9.92,249.6,50.0,386.8
Al2NiOs,773.6,9.92,249.6,60.0,464.1
Al2NiOs,773.6,9.92,249.6,70.0,541.5
Al2NiOs,773.6,9.92,249.6,80.0,618.9
Al2NiOs,773.6,9.92,249.6,90.0,696.2
Al2NiOs,773.6,9.92,249.6,100.0,823.6
Al2NiRu,834.6,7.11,346.7,50.0,417.3
Al2NiRu,834.6,7.11,346.7,60.0,500.8
Al2NiRu,834.6,7.11,346.7,70.0,584.2
Al2NiRu,834.6,7.11,346.7,80.0,667.7
Al2NiRu,834.6,7.11,346.7,90.0,751.1
Al2NiRu,834.6,7.11,346.7,100.0,884.6
Al2O3,2041.9,3.87,629.2,50.0,1021.0
Al2O3,2041.9,3.87,629.2,60.0,1225.2
Al2O3,2041.9,3.87,629.2,70.0,1429.4
Al2O3,2041.9,3.87,629.2,80.0,1633.6
Al2O3,2041.9,3.87,629.2,90.0,1837.8
Al2O3,2041.9,3.87,629.2,100.0,2091.9
Al2Os,801.6,9.81,252.2,50.0,400.8
Al2Os,801.6,9.81,252.2,60.0,481.0
Al2Os,801.6,9.81,252.2,70.0,561.1
Al2Os,801.6,9.81,252.2,80.0,641.3
Al2Os,801.6,9.81,252.2,90.0,721.5
Al2Os,801.6,9.81,252.2,100.0,851.6
Al2OsRh,886.9,10.82,229.0,50.0,443.4
Al2OsRh,886.9,10.82,229.0,60.0,532.1
Al2OsRh,886.9,10.82,229.0,70.0,620.8
Al2OsRh,886.9,10.82,229.0,80.0,709.5
Al2OsRh,886.9,10.82,229.0,90.0,798.2
Al2OsRh,886.9,10.82,229.0,100.0,936.9
Al2P3(HO3)3,1602.0,2.46,975.5,50.0,801.0
Al2P3(HO3)3,1602.0,2.46,975.5,60.0,961.2
Al2P3(HO3)3,1602.0,2.46,975.5,70.0,1121.4
Al2P3(HO3)3,1602.0,2.46,975.5,80.0,1281.6
Al2P3(HO3)3,1602.0,2.46,975.5,90.0,1441.8
Al2P3(HO3)3,1602.0,2.46,975.5,100.0,1652.0
Al2Pb3F12,1934.3,6.66,369.8,50.0,967.2
Al2Pb3F12,1934.3,6.66,369.8,60.0,1160.6
Al2Pb3F12,1934.3,6.66,369.8,70.0,1354.0
Al2Pb3F12,1934.3,6.66,369.8,80.0,1547.4
Al2Pb3F12,1934.3,6.66,369.8,90.0,1740.9
Al2Pb3F12,1934.3,6.66,369.8,100.0,1984.3
Al2PbO4,1802.2,5.44,451.1,50.0,901.1
Al2PbO4,1802.2,5.44,451.1,60.0,1081.3
Al2PbO4,1802.2,5.44,451.1,70.0,1261.5
Al2PbO4,1802.2,5.44,451.1,80.0,1441.8
Al2PbO4,1802.2,5.44,451.1,90.0,1622.0
Al2PbO4,1802.2,5.44,451.1,100.0,1852.2
Al2PbS4,1055.1,3.95,616.9,50.0,527.5
Al2PbS4,1055.1,3.95,616.9,60.0,633.1
Al2PbS4,1055.1,3.95,616.9,70.0,738.6
Al2PbS4,1055.1,3.95,616.9,80.0,844.1
Al2PbS4,1055.1,3.95,616.9,90.0,949.6
Al2PbS4,1055.1,3.95,616.9,100.0,1105.1
Al2PbSe4,924.6,5.15,476.5,50.0,462.3
Al2PbSe4,924.6,5.15,476.5,60.0,554.8
Al2PbSe4,924.6,5.15,476.5,70.0,647.2
Al2PbSe4,924.6,5.15,476.5,80.0,739.7
Al2PbSe4,924.6,5.15,476.5,90.0,832.1
Al2PbSe4,924.6,5.15,476.5,100.0,974.6
Al2PdRu,886.1,8.02,307.8,50.0,443.0
Al2PdRu,886.1,8.02,307.8,60.0,531.7
Al2PdRu,886.1,8.02,307.8,70.0,620.3
Al2PdRu,886.1,8.02,307.8,80.0,708.9
Al2PdRu,886.1,8.02,307.8,90.0,797.5
Al2PdRu,886.1,8.02,307.8,100.0,936.1
Al2Pt,945.4,8.06,306.3,50.0,472.7
Al2Pt,945.4,8.06,306.3,60.0,567.2
Al2Pt,945.4,8.06,306.3,70.0,661.8
Al2Pt,945.4,8.06,306.3,80.0,756.3
Al2Pt,945.4,8.06,306.3,90.0,850.8
Al2Pt,945.4,8.06,306.3,100.0,995.4
Al2Ru,851.5,6.25,394.0,50.0,425.7
Al2Ru,851.5,6.25,394.0,60.0,510.9
Al2Ru,851.5,6.25,394.0,70.0,596.0
Al2Ru,851.5,6.25,394.0,80.0,681.2
Al2Ru,851.5,6.25,394.0,90.0,766.3
Al2Ru,851.5,6.25,394.0,100.0,901.5
Al2RuPt,945.5,10.72,231.0,50.0,472.8
Al2RuPt,945.5,10.72,231.0,60.0,567.3
Al2RuPt,945.5,10.72,231.0,70.0,661.9
Al2RuPt,945.5,10.72,231.0,80.0,756.4
Al2RuPt,945.5,10.72,231.0,90.0,851.0
Al2RuPt,945.5,10.72,231.0,100.0,995.5
Al2RuRh,953.8,8.13,303.9,50.0,476.9
Al2RuRh,953.8,8.13,303.9,60.0,572.3
Al2RuRh,953.8,8.13,303.9,70.0,667.6
Al2RuRh,953.8,8.13,303.9,80.0,763.0
Al2RuRh,953.8,8.13,303.9,90.0,858.4
Al2RuRh,953.8,8.13,303.9,100.0,1003.8
Al2S3,1056.6,2.29,1046.2,50.0,528.3
Al2S3,1056.6,2.29,1046.2,60.0,634.0
Al2S3,1056.6,2.29,1046.2,70.0,739.6
Al2S3,1056.6,2.29,1046.2,80.0,845.3
Al2S3,1056.6,2.29,1046.2,90.0,951.0
Al2S3,1056.6,2.29,1046.2,100.0,1106.6
Al2Sb5(Se2Br3)3,955.9,3.88,628.0,50.0,477.9
Al2Sb5(Se2Br3)3,955.9,3.88,628.0,60.0,573.5
Al2Sb5(Se2Br3)3,955.9,3.88,628.0,70.0,669.1
Al2Sb5(Se2Br3)3,955.9,3.88,628.0,80.0,764.7
Al2Sb5(Se2Br3)3,955.9,3.88,628.0,90.0,860.3
Al2Sb5(Se2Br3)3,955.9,3.88,628.0,100.0,1005.9
Al2Se3,954.0,3.82,637.0,50.0,477.0
Al2Se3,954.0,3.82,637.0,60.0,572.4
Al2Se3,954.0,3.82,637.0,70.0,667.8
Al2Se3,954.0,3.82,637.0,80.0,763.2
Al2Se3,954.0,3.82,637.0,90.0,858.6
Al2Se3,954.0,3.82,637.0,100.0,1004.0
Al2Si(O2F)2,2088.4,3.44,706.7,50.0,1044.2
Al2Si(O2F)2,2088.4,3.44,706.7,60.0,1253.0
Al2Si(O2F)2,2088.4,3.44,706.7,70.0,1461.9
Al2Si(O2F)2,2088.4,3.44,706.7,80.0,1670.7
Al2Si(O2F)2,2088.4,3.44,706.7,90.0,1879.6
Al2Si(O2F)2,2088.4,3.44,706.7,100.0,2138.4
Al2Si2PbO8,1897.4,4.0,609.9,50.0,948.7
Al2Si2PbO8,1897.4,4.0,609.9,60.0,1138.4
Al2Si2PbO8,1897.4,4.0,609.9,70.0,1328.2
Al2Si2PbO8,1897.4,4.0,609.9,80.0,1517.9
Al2Si2PbO8,1897.4,4.0,609.9,90.0,1707.6
Al2Si2PbO8,1897.4,4.0,609.9,100.0,1947.4
Al2Si3H8(NO5)2,1489.4,1.99,1195.6,50.0,744.7
Al2Si3H8(NO5)2,1489.4,1.99,1195.6,60.0,893.6
Al2Si3H8(NO5)2,1489.4,1.99,1195.6,70.0,1042.6
Al2Si3H8(NO5)2,1489.4,1.99,1195.6,80.0,1191.5
Al2Si3H8(NO5)2,1489.4,1.99,1195.6,90.0,1340.4
Al2Si3H8(NO5)2,1489.4,1.99,1195.6,100.0,1539.4
Al2SiO5,2019.6,3.68,661.9,50.0,1009.8
Al2SiO5,2019.6,3.68,661.9,60.0,1211.8
Al2SiO5,2019.6,3.68,661.9,70.0,1413.7
Al2SiO5,2019.6,3.68,661.9,80.0,1615.7
Al2SiO5,2019.6,3.68,661.9,90.0,1817.6
Al2SiO5,2019.6,3.68,661.9,100.0,2069.6
Al2SnCl6O,1436.6,2.29,1045.9,50.0,718.3
Al2SnCl6O,1436.6,2.29,1045.9,60.0,861.9
Al2SnCl6O,1436.6,2.29,1045.9,70.0,1005.6
Al2SnCl6O,1436.6,2.29,1045.9,80.0,1149.2
Al2SnCl6O,1436.6,2.29,1045.9,90.0,1292.9
Al2SnCl6O,1436.6,2.29,1045.9,100.0,1486.6
Al2Te3,751.6,4.16,587.5,50.0,375.8
Al2Te3,751.6,4.16,587.5,60.0,450.9
Al2Te3,751.6,4.16,587.5,70.0,526.1
Al2Te3,751.6,4.16,587.5,80.0,601.2
Al2Te3,751.6,4.16,587.5,90.0,676.4
Al2Te3,751.6,4.16,587.5,100.0,801.6
Al2Te5,680.9,4.78,512.1,50.0,340.4
Al2Te5,680.9,4.78,512.1,60.0,408.5
Al2Te5,680.9,4.78,512.1,70.0,476.6
Al2Te5,680.9,4.78,512.1,80.0,544.7
Al2Te5,680.9,4.78,512.1,90.0,612.8
Al2Te5,680.9,4.78,512.1,100.0,730.9
Al2VCl8,1251.6,2.14,1117.7,50.0,625.8
Al2VCl8,1251.6,2.14,1117.7,60.0,750.9
Al2VCl8,1251.6,2.14,1117.7,70.0,876.1
Al2VCl8,1251.6,2.14,1117.7,80.0,1001.3
Al2VCl8,1251.6,2.14,1117.7,90.0,1126.4
Al2VCl8,1251.6,2.14,1117.7,100.0,1301.6
Al2VNi9,669.2,8.05,306.7,50.0,334.6
Al2VNi9,669.2,8.05,306.7,60.0,401.5
Al2VNi9,669.2,8.05,306.7,70.0,468.4
Al2VNi9,669.2,8.05,306.7,80.0,535.3
Al2VNi9,669.2,8.05,306.7,90.0,602.2
Al2VNi9,669.2,8.05,306.7,100.0,719.2
Al2ZnO4,1859.5,4.63,529.0,50.0,929.7
Al2ZnO4,1859.5,4.63,529.0,60.0,1115.7
Al2ZnO4,1859.5,4.63,529.0,70.0,1301.6
Al2ZnO4,1859.5,4.63,529.0,80.0,1487.6
Al2ZnO4,1859.5,4.63,529.0,90.0,1673.5
Al2ZnO4,1859.5,4.63,529.0,100.0,1909.5
Al2ZnS4,1035.7,3.28,739.4,50.0,517.9
Al2ZnS4,1035.7,3.28,739.4,60.0,621.4
Al2ZnS4,1035.7,3.28,739.4,70.0,725.0
Al2ZnS4,1035.7,3.28,739.4,80.0,828.6
Al2ZnS4,1035.7,3.28,739.4,90.0,932.2
Al2ZnS4,1035.7,3.28,739.4,100.0,1085.7
Al2ZnSe4,995.3,4.28,571.4,50.0,497.7
Al2ZnSe4,995.3,4.28,571.4,60.0,597.2
Al2ZnSe4,995.3,4.28,571.4,70.0,696.7
Al2ZnSe4,995.3,4.28,571.4,80.0,796.3
Al2ZnSe4,995.3,4.28,571.4,90.0,895.8
Al2ZnSe4,995.3,4.28,571.4,100.0,1045.3
Al2ZnTe4,817.2,4.83,507.4,50.0,408.6
Al2ZnTe4,817.2,4.83,507.4,60.0,490.3
Al2ZnTe4,817.2,4.83,507.4,70.0,572.1
Al2ZnTe4,817.2,4.83,507.4,80.0,653.8
Al2ZnTe4,817.2,4.83,507.4,90.0,735.5
Al2ZnTe4,817.2,4.83,507.4,100.0,867.2
Al3(BRu2)2,791.1,7.98,309.3,50.0,395.5
Al3(BRu2)2,791.1,7.98,309.3,60.0,474.7
Al3(BRu2)2,791.1,7.98,309.3,70.0,553.8
Al3(BRu2)2,791.1,7.98,309.3,80.0,632.9
Al3(BRu2)2,791.1,7.98,309.3,90.0,712.0
Al3(BRu2)2,791.1,7.98,309.3,100.0,841.1
Al3(Ni10B3)2,681.3,7.84,314.9,50.0,340.6
Al3(Ni10B3)2,681.3,7.84,314.9,60.0,408.8
Al3(Ni10B3)2,681.3,7.84,314.9,70.0,476.9
Al3(Ni10B3)2,681.3,7.84,314.9,80.0,545.0
Al3(Ni10B3)2,681.3,7.84,314.9,90.0,613.2
Al3(Ni10B3)2,681.3,7.84,314.9,100.0,731.3
Al3(V3C2)4,777.3,5.26,466.2,50.0,388.7
Al3(V3C2)4,777.3,5.26,466.2,60.0,466.4
Al3(V3C2)4,777.3,5.26,466.2,70.0,544.1
Al3(V3C2)4,777.3,5.26,466.2,80.0,621.8
Al3(V3C2)4,777.3,5.26,466.2,90.0,699.6
Al3(V3C2)4,777.3,5.26,466.2,100.0,827.3
Al37(Fe6Cu)2,646.4,4.22,578.4,50.0,323.2
Al37(Fe6Cu)2,646.4,4.22,578.4,60.0,387.9
Al37(Fe6Cu)2,646.4,4.22,578.4,70.0,452.5
Al37(Fe6Cu)2,646.4,4.22,578.4,80.0,517.1
Al37(Fe6Cu)2,646.4,4.22,578.4,90.0,581.8
Al37(Fe6Cu)2,646.4,4.22,578.4,100.0,696.4
Al3BC,591.0,2.86,843.7,50.0,295.5
Al3BC,591.0,2.86,843.7,60.0,354.6
Al3BC,591.0,2.86,843.7,70.0,413.7
Al3BC,591.0,2.86,843.7,80.0,472.8
Al3BC,591.0,2.86,843.7,90.0,531.9
Al3BC,591.0,2.86,843.7,100.0,641.0
Al3BC3,606.7,2.67,902.2,50.0,303.4
Al3BC3,606.7,2.67,902.2,60.0,364.0
Al3BC3,606.7,2.67,902.2,70.0,424.7
Al3BC3,606.7,2.67,902.2,80.0,485.4
Al3BC3,606.7,2.67,902.2,90.0,546.0
Al3BC3,606.7,2.67,902.2,100.0,656.7
Al3Cr,570.5,3.8,640.4,50.0,285.2
Al3Cr,570.5,3.8,640.4,60.0,342.3
Al3Cr,570.5,3.8,640.4,70.0,399.3
Al3Cr,570.5,3.8,640.4,80.0,456.4
Al3Cr,570.5,3.8,640.4,90.0,513.4
Al3Cr,570.5,3.8,640.4,100.0,620.5
Al3Ga3Ni10,710.8,7.99,308.8,50.0,355.4
Al3Ga3Ni10,710.8,7.99,308.8,60.0,426.5
Al3Ga3Ni10,710.8,7.99,308.8,70.0,497.6
Al3Ga3Ni10,710.8,7.99,308.8,80.0,568.7
Al3Ga3Ni10,710.8,7.99,308.8,90.0,639.8
Al3Ga3Ni10,710.8,7.99,308.8,100.0,760.8
Al3Ir,844.9,7.42,332.4,50.0,422.5
Al3Ir,844.9,7.42,332.4,60.0,507.0
Al3Ir,844.9,7.42,332.4,70.0,591.5
Al3Ir,844.9,7.42,332.4,80.0,676.0
Al3Ir,844.9,7.42,332.4,90.0,760.4
Al3Ir,844.9,7.42,332.4,100.0,894.9
Al3Mo,663.6,4.91,498.6,50.0,331.8
Al3Mo,663.6,4.91,498.6,60.0,398.1
Al3Mo,663.6,4.91,498.6,70.0,464.5
Al3Mo,663.6,4.91,498.6,80.0,530.9
Al3Mo,663.6,4.91,498.6,90.0,597.2
Al3Mo,663.6,4.91,498.6,100.0,713.6
Al3Ni,688.4,4.06,601.2,50.0,344.2
Al3Ni,688.4,4.06,601.2,60.0,413.1
Al3Ni,688.4,4.06,601.2,70.0,481.9
Al3Ni,688.4,4.06,601.2,80.0,550.8
Al3Ni,688.4,4.06,601.2,90.0,619.6
Al3Ni,688.4,4.06,601.2,100.0,738.4
Al3Ni2,789.9,4.88,501.6,50.0,394.9
Al3Ni2,789.9,4.88,501.6,60.0,473.9
Al3Ni2,789.9,4.88,501.6,70.0,552.9
Al3Ni2,789.9,4.88,501.6,80.0,631.9
Al3Ni2,789.9,4.88,501.6,90.0,710.9
Al3Ni2,789.9,4.88,501.6,100.0,839.9
Al3Ni5,753.5,6.88,358.2,50.0,376.7
Al3Ni5,753.5,6.88,358.2,60.0,452.1
Al3Ni5,753.5,6.88,358.2,70.0,527.4
Al3Ni5,753.5,6.88,358.2,80.0,602.8
Al3Ni5,753.5,6.88,358.2,90.0,678.1
Al3Ni5,753.5,6.88,358.2,100.0,803.5
Al3Pd2,865.6,6.14,400.8,50.0,432.8
Al3Pd2,865.6,6.14,400.8,60.0,519.3
Al3Pd2,865.6,6.14,400.8,70.0,605.9
Al3Pd2,865.6,6.14,400.8,80.0,692.4
Al3Pd2,865.6,6.14,400.8,90.0,779.0
Al3Pd2,865.6,6.14,400.8,100.0,915.6
Al3Pd5,885.9,8.9,277.8,50.0,442.9
Al3Pd5,885.9,8.9,277.8,60.0,531.5
Al3Pd5,885.9,8.9,277.8,70.0,620.1
Al3Pd5,885.9,8.9,277.8,80.0,708.7
Al3Pd5,885.9,8.9,277.8,90.0,797.3
Al3Pd5,885.9,8.9,277.8,100.0,935.9
Al3Pt2,996.2,9.84,251.6,50.0,498.1
Al3Pt2,996.2,9.84,251.6,60.0,597.7
Al3Pt2,996.2,9.84,251.6,70.0,697.3
Al3Pt2,996.2,9.84,251.6,80.0,796.9
Al3Pt2,996.2,9.84,251.6,90.0,896.6
Al3Pt2,996.2,9.84,251.6,100.0,1046.2
Al3Pt5,940.7,15.08,164.7,50.0,470.3
Al3Pt5,940.7,15.08,164.7,60.0,564.4
Al3Pt5,940.7,15.08,164.7,70.0,658.5
Al3Pt5,940.7,15.08,164.7,80.0,752.5
Al3Pt5,940.7,15.08,164.7,90.0,846.6
Al3Pt5,940.7,15.08,164.7,100.0,990.7
Al3Ru2,848.9,6.95,354.8,50.0,424.4
Al3Ru2,848.9,6.95,354.8,60.0,509.3
Al3Ru2,848.9,6.95,354.8,70.0,594.2
Al3Ru2,848.9,6.95,354.8,80.0,679.1
Al3Ru2,848.9,6.95,354.8,90.0,764.0
Al3Ru2,848.9,6.95,354.8,100.0,898.9
Al3Si3Ag4IO12,1638.3,4.07,599.3,50.0,819.1
Al3Si3Ag4IO12,1638.3,4.07,599.3,60.0,983.0
Al3Si3Ag4IO12,1638.3,4.07,599.3,70.0,1146.8
Al3Si3Ag4IO12,1638.3,4.07,599.3,80.0,1310.6
Al3Si3Ag4IO12,1638.3,4.07,599.3,90.0,1474.5
Al3Si3Ag4IO12,1638.3,4.07,599.3,100.0,1688.3
Al3Tl4Fe(As2O7)4,1368.5,5.12,479.2,50.0,684.2
Al3Tl4Fe(As2O7)4,1368.5,5.12,479.2,60.0,821.1
Al3Tl4Fe(As2O7)4,1368.5,5.12,479.2,70.0,957.9
Al3Tl4Fe(As2O7)4,1368.5,5.12,479.2,80.0,1094.8
Al3Tl4Fe(As2O7)4,1368.5,5.12,479.2,90.0,1231.6
Al3Tl4Fe(As2O7)4,1368.5,5.12,479.2,100.0,1418.5
Al3V,654.8,3.8,641.3,50.0,327.4
Al3V,654.8,3.8,641.3,60.0,392.9
Al3V,654.8,3.8,641.3,70.0,458.3
Al3V,654.8,3.8,641.3,80.0,523.8
Al3V,654.8,3.8,641.3,90.0,589.3
Al3V,654.8,3.8,641.3,100.0,704.8
Al4(B2O5)3,1887.6,2.81,858.9,50.0,943.8
Al4(B2O5)3,1887.6,2.81,858.9,60.0,1132.5
Al4(B2O5)3,1887.6,2.81,858.9,70.0,1321.3
Al4(B2O5)3,1887.6,2.81,858.9,80.0,1510.1
Al4(B2O5)3,1887.6,2.81,858.9,90.0,1698.8
Al4(B2O5)3,1887.6,2.81,858.9,100.0,1937.6
Al45Cr7,542.1,3.31,732.3,50.0,271.0
Al45Cr7,542.1,3.31,732.3,60.0,325.2
Al45Cr7,542.1,3.31,732.3,70.0,379.4
Al45Cr7,542.1,3.31,732.3,80.0,433.6
Al45Cr7,542.1,3.31,732.3,90.0,487.8
Al45Cr7,542.1,3.31,732.3,100.0,592.1
Al4B2O9,1905.1,2.96,815.8,50.0,952.6
Al4B2O9,1905.1,2.96,815.8,60.0,1143.1
Al4B2O9,1905.1,2.96,815.8,70.0,1333.6
Al4B2O9,1905.1,2.96,815.8,80.0,1524.1
Al4B2O9,1905.1,2.96,815.8,90.0,1714.6
Al4B2O9,1905.1,2.96,815.8,100.0,1955.1
Al4Bi2O9,1786.0,6.24,394.6,50.0,893.0
Al4Bi2O9,1786.0,6.24,394.6,60.0,1071.6
Al4Bi2O9,1786.0,6.24,394.6,70.0,1250.2
Al4Bi2O9,1786.0,6.24,394.6,80.0,1428.8
Al4Bi2O9,1786.0,6.24,394.6,90.0,1607.4
Al4Bi2O9,1786.0,6.24,394.6,100.0,1836.0
Al4C3,607.2,2.99,808.6,50.0,303.6
Al4C3,607.2,2.99,808.6,60.0,364.3
Al4C3,607.2,2.99,808.6,70.0,425.1
Al4C3,607.2,2.99,808.6,80.0,485.8
Al4C3,607.2,2.99,808.6,90.0,546.5
Al4C3,607.2,2.99,808.6,100.0,657.2
Al4CO4,1667.6,2.75,877.4,50.0,833.8
Al4CO4,1667.6,2.75,877.4,60.0,1000.6
Al4CO4,1667.6,2.75,877.4,70.0,1167.3
Al4CO4,1667.6,2.75,877.4,80.0,1334.1
Al4CO4,1667.6,2.75,877.4,90.0,1500.9
Al4CO4,1667.6,2.75,877.4,100.0,1717.6
Al4CdO7,1892.4,3.78,644.9,50.0,946.2
Al4CdO7,1892.4,3.78,644.9,60.0,1135.5
Al4CdO7,1892.4,3.78,644.9,70.0,1324.7
Al4CdO7,1892.4,3.78,644.9,80.0,1513.9
Al4CdO7,1892.4,3.78,644.9,90.0,1703.2
Al4CdO7,1892.4,3.78,644.9,100.0,1942.4
Al4Cu9,604.9,7.06,349.4,50.0,302.4
Al4Cu9,604.9,7.06,349.4,60.0,362.9
Al4Cu9,604.9,7.06,349.4,70.0,423.4
Al4Cu9,604.9,7.06,349.4,80.0,483.9
Al4Cu9,604.9,7.06,349.4,90.0,544.4
Al4Cu9,604.9,7.06,349.4,100.0,654.9
Al4Fe2Si5O18,1897.1,2.64,912.3,50.0,948.5
Al4Fe2Si5O18,1897.1,2.64,912.3,60.0,1138.3
Al4Fe2Si5O18,1897.1,2.64,912.3,70.0,1328.0
Al4Fe2Si5O18,1897.1,2.64,912.3,80.0,1517.7
Al4Fe2Si5O18,1897.1,2.64,912.3,90.0,1707.4
Al4Fe2Si5O18,1897.1,2.64,912.3,100.0,1947.1
Al4InAgSe8,896.6,4.43,551.6,50.0,448.3
Al4InAgSe8,896.6,4.43,551.6,60.0,538.0
Al4InAgSe8,896.6,4.43,551.6,70.0,627.6
Al4InAgSe8,896.6,4.43,551.6,80.0,717.3
Al4InAgSe8,896.6,4.43,551.6,90.0,806.9
Al4InAgSe8,896.6,4.43,551.6,100.0,946.6
Al4Ni3,795.8,5.21,470.5,50.0,397.9
Al4Ni3,795.8,5.21,470.5,60.0,477.5
Al4Ni3,795.8,5.21,470.5,70.0,557.1
Al4Ni3,795.8,5.21,470.5,80.0,636.6
Al4Ni3,795.8,5.21,470.5,90.0,716.2
Al4Ni3,795.8,5.21,470.5,100.0,845.8
Al4Tc,683.8,4.53,539.8,50.0,341.9
Al4Tc,683.8,4.53,539.8,60.0,410.3
Al4Tc,683.8,4.53,539.8,70.0,478.7
Al4Tc,683.8,4.53,539.8,80.0,547.0
Al4Tc,683.8,4.53,539.8,90.0,615.4
Al4Tc,683.8,4.53,539.8,100.0,733.8
Al53Fe17Si12,635.1,3.85,633.3,50.0,317.6
Al53Fe17Si12,635.1,3.85,633.3,60.0,381.1
Al53Fe17Si12,635.1,3.85,633.3,70.0,444.6
Al53Fe17Si12,635.1,3.85,633.3,80.0,508.1
Al53Fe17Si12,635.1,3.85,633.3,90.0,571.6
Al53Fe17Si12,635.1,3.85,633.3,100.0,685.1
Al5BO9,2015.0,2.94,821.3,50.0,1007.5
Al5BO9,2015.0,2.94,821.3,60.0,1209.0
Al5BO9,2015.0,2.94,821.3,70.0,1410.5
Al5BO9,2015.0,2.94,821.3,80.0,1612.0
Al5BO9,2015.0,2.94,821.3,90.0,1813.5
Al5BO9,2015.0,2.94,821.3,100.0,2065.0
Al5Co2,692.6,4.46,548.1,50.0,346.3
Al5Co2,692.6,4.46,548.1,60.0,415.6
Al5Co2,692.6,4.46,548.1,70.0,484.8
Al5Co2,692.6,4.46,548.1,80.0,554.1
Al5Co2,692.6,4.46,548.1,90.0,623.4
Al5Co2,692.6,4.46,548.1,100.0,742.6
Al5CuS8,1025.2,3.07,788.1,50.0,512.6
Al5CuS8,1025.2,3.07,788.1,60.0,615.1
Al5CuS8,1025.2,3.07,788.1,70.0,717.6
Al5CuS8,1025.2,3.07,788.1,80.0,820.2
Al5CuS8,1025.2,3.07,788.1,90.0,922.7
Al5CuS8,1025.2,3.07,788.1,100.0,1075.2
Al5Mo,624.2,4.23,577.3,50.0,312.1
Al5Mo,624.2,4.23,577.3,60.0,374.5
Al5Mo,624.2,4.23,577.3,70.0,436.9
Al5Mo,624.2,4.23,577.3,80.0,499.4
Al5Mo,624.2,4.23,577.3,90.0,561.8
Al5Mo,624.2,4.23,577.3,100.0,674.2
Al5Rh2,863.0,5.35,458.7,50.0,431.5
Al5Rh2,863.0,5.35,458.7,60.0,517.8
Al5Rh2,863.0,5.35,458.7,70.0,604.1
Al5Rh2,863.0,5.35,458.7,80.0,690.4
Al5Rh2,863.0,5.35,458.7,90.0,776.7
Al5Rh2,863.0,5.35,458.7,100.0,913.0
Al5W,585.1,5.85,420.1,50.0,292.6
Al5W,585.1,5.85,420.1,60.0,351.1
Al5W,585.1,5.85,420.1,70.0,409.6
Al5W,585.1,5.85,420.1,80.0,468.1
Al5W,585.1,5.85,420.1,90.0,526.6
Al5W,585.1,5.85,420.1,100.0,635.1
Al6B5(O5F)3,1972.5,3.18,762.0,50.0,986.3
Al6B5(O5F)3,1972.5,3.18,762.0,60.0,1183.5
Al6B5(O5F)3,1972.5,3.18,762.0,70.0,1380.8
Al6B5(O5F)3,1972.5,3.18,762.0,80.0,1578.0
Al6B5(O5F)3,1972.5,3.18,762.0,90.0,1775.3
Al6B5(O5F)3,1972.5,3.18,762.0,100.0,2022.5
Al6Cd4SO12,1720.5,3.88,628.8,50.0,860.3
Al6Cd4SO12,1720.5,3.88,628.8,60.0,1032.3
Al6Cd4SO12,1720.5,3.88,628.8,70.0,1204.4
Al6Cd4SO12,1720.5,3.88,628.8,80.0,1376.4
Al6Cd4SO12,1720.5,3.88,628.8,90.0,1548.5
Al6Cd4SO12,1720.5,3.88,628.8,100.0,1770.5
Al6Cd4TeO12,1715.3,4.13,590.6,50.0,857.6
Al6Cd4TeO12,1715.3,4.13,590.6,60.0,1029.2
Al6Cd4TeO12,1715.3,4.13,590.6,70.0,1200.7
Al6Cd4TeO12,1715.3,4.13,590.6,80.0,1372.2
Al6Cd4TeO12,1715.3,4.13,590.6,90.0,1543.7
Al6Cd4TeO12,1715.3,4.13,590.6,100.0,1765.3
Al6CoCu3,644.6,4.83,506.8,50.0,322.3
Al6CoCu3,644.6,4.83,506.8,60.0,386.8
Al6CoCu3,644.6,4.83,506.8,70.0,451.2
Al6CoCu3,644.6,4.83,506.8,80.0,515.7
Al6CoCu3,644.6,4.83,506.8,90.0,580.1
Al6CoCu3,644.6,4.83,506.8,100.0,694.6
Al6Ru,658.9,4.03,605.5,50.0,329.5
Al6Ru,658.9,4.03,605.5,60.0,395.4
Al6Ru,658.9,4.03,605.5,70.0,461.3
Al6Ru,658.9,4.03,605.5,80.0,527.1
Al6Ru,658.9,4.03,605.5,90.0,593.0
Al6Ru,658.9,4.03,605.5,100.0,708.9
Al6SnTe10,812.6,4.55,537.6,50.0,406.3
Al6SnTe10,812.6,4.55,537.6,60.0,487.5
Al6SnTe10,812.6,4.55,537.6,70.0,568.8
Al6SnTe10,812.6,4.55,537.6,80.0,650.1
Al6SnTe10,812.6,4.55,537.6,90.0,731.3
Al6SnTe10,812.6,4.55,537.6,100.0,862.6
Al7(TlS4)3,1068.1,3.62,672.3,50.0,534.1
Al7(TlS4)3,1068.1,3.62,672.3,60.0,640.9
Al7(TlS4)3,1068.1,3.62,672.3,70.0,747.7
Al7(TlS4)3,1068.1,3.62,672.3,80.0,854.5
Al7(TlS4)3,1068.1,3.62,672.3,90.0,961.3
Al7(TlS4)3,1068.1,3.62,672.3,100.0,1118.1
Al7Cr(Bi2O9)2,1745.4,6.05,406.3,50.0,872.7
Al7Cr(Bi2O9)2,1745.4,6.05,406.3,60.0,1047.2
Al7Cr(Bi2O9)2,1745.4,6.05,406.3,70.0,1221.8
Al7Cr(Bi2O9)2,1745.4,6.05,406.3,80.0,1396.3
Al7Cr(Bi2O9)2,1745.4,6.05,406.3,90.0,1570.8
Al7Cr(Bi2O9)2,1745.4,6.05,406.3,100.0,1795.4
Al7FeCu2,616.8,4.31,567.4,50.0,308.4
Al7FeCu2,616.8,4.31,567.4,60.0,370.1
Al7FeCu2,616.8,4.31,567.4,70.0,431.8
Al7FeCu2,616.8,4.31,567.4,80.0,493.5
Al7FeCu2,616.8,4.31,567.4,90.0,555.1
Al7FeCu2,616.8,4.31,567.4,100.0,666.8
Al8(Pb3O7)3,1634.5,6.57,375.0,50.0,817.3
Al8(Pb3O7)3,1634.5,6.57,375.0,60.0,980.7
Al8(Pb3O7)3,1634.5,6.57,375.0,70.0,1144.2
Al8(Pb3O7)3,1634.5,6.57,375.0,80.0,1307.6
Al8(Pb3O7)3,1634.5,6.57,375.0,90.0,1471.1
Al8(Pb3O7)3,1634.5,6.57,375.0,100.0,1684.5
Al8Mo3,671.7,5.1,480.4,50.0,335.9
Al8Mo3,671.7,5.1,480.4,60.0,403.0
Al8Mo3,671.7,5.1,480.4,70.0,470.2
Al8Mo3,671.7,5.1,480.4,80.0,537.4
Al8Mo3,671.7,5.1,480.4,90.0,604.6
Al8Mo3,671.7,5.1,480.4,100.0,721.7
Al9Co2,633.7,3.72,654.7,50.0,316.8
Al9Co2,633.7,3.72,654.7,60.0,380.2
Al9Co2,633.7,3.72,654.7,70.0,443.6
Al9Co2,633.7,3.72,654.7,80.0,506.9
Al9Co2,633.7,3.72,654.7,90.0,570.3
Al9Co2,633.7,3.72,654.7,100.0,683.7
Al9Ir2,754.7,5.89,417.5,50.0,377.3
Al9Ir2,754.7,5.89,417.5,60.0,452.8
Al9Ir2,754.7,5.89,417.5,70.0,528.3
Al9Ir2,754.7,5.89,417.5,80.0,603.7
Al9Ir2,754.7,5.89,417.5,90.0,679.2
Al9Ir2,754.7,5.89,417.5,100.0,804.7
Al9Rh2,735.8,4.26,573.8,50.0,367.9
Al9Rh2,735.8,4.26,573.8,60.0,441.5
Al9Rh2,735.8,4.26,573.8,70.0,515.1
Al9Rh2,735.8,4.26,573.8,80.0,588.6
Al9Rh2,735.8,4.26,573.8,90.0,662.2
Al9Rh2,735.8,4.26,573.8,100.0,785.8
AlAg(PSe3)2,764.2,4.39,557.4,50.0,382.1
AlAg(PSe3)2,764.2,4.39,557.4,60.0,458.5
AlAg(PSe3)2,764.2,4.39,557.4,70.0,534.9
AlAg(PSe3)2,764.2,4.39,557.4,80.0,611.3
AlAg(PSe3)2,764.2,4.39,557.4,90.0,687.7
AlAg(PSe3)2,764.2,4.39,557.4,100.0,814.2
AlAg3,532.6,8.68,284.6,50.0,266.3
AlAg3,532.6,8.68,284.6,60.0,319.6
AlAg3,532.6,8.68,284.6,70.0,372.8
AlAg3,532.6,8.68,284.6,80.0,426.1
AlAg3,532.6,8.68,284.6,90.0,479.4
AlAg3,532.6,8.68,284.6,100.0,582.6
AlAgO2,1537.2,6.31,390.2,50.0,768.6
AlAgO2,1537.2,6.31,390.2,60.0,922.3
AlAgO2,1537.2,6.31,390.2,70.0,1076.0
AlAgO2,1537.2,6.31,390.2,80.0,1229.8
AlAgO2,1537.2,6.31,390.2,90.0,1383.5
AlAgO2,1537.2,6.31,390.2,100.0,1587.2
AlAgS2,906.8,3.9,625.0,50.0,453.4
AlAgS2,906.8,3.9,625.0,60.0,544.1
AlAgS2,906.8,3.9,625.0,70.0,634.8
AlAgS2,906.8,3.9,625.0,80.0,725.4
AlAgS2,906.8,3.9,625.0,90.0,816.1
AlAgS2,906.8,3.9,625.0,100.0,956.8
AlAgSe2,834.4,4.94,495.9,50.0,417.2
AlAgSe2,834.4,4.94,495.9,60.0,500.7
AlAgSe2,834.4,4.94,495.9,70.0,584.1
AlAgSe2,834.4,4.94,495.9,80.0,667.6
AlAgSe2,834.4,4.94,495.9,90.0,751.0
AlAgSe2,834.4,4.94,495.9,100.0,884.4
AlAgSnSe4,846.4,4.77,513.5,50.0,423.2
AlAgSnSe4,846.4,4.77,513.5,60.0,507.8
AlAgSnSe4,846.4,4.77,513.5,70.0,592.5
AlAgSnSe4,846.4,4.77,513.5,80.0,677.1
AlAgSnSe4,846.4,4.77,513.5,90.0,761.7
AlAgSnSe4,846.4,4.77,513.5,100.0,896.4
AlAgTe2,697.7,5.29,464.2,50.0,348.8
AlAgTe2,697.7,5.29,464.2,60.0,418.6
AlAgTe2,697.7,5.29,464.2,70.0,488.4
AlAgTe2,697.7,5.29,464.2,80.0,558.1
AlAgTe2,697.7,5.29,464.2,90.0,627.9
AlAgTe2,697.7,5.29,464.2,100.0,747.7
AlAs,782.2,3.7,657.6,50.0,391.1
AlAs,782.2,3.7,657.6,60.0,469.3
AlAs,782.2,3.7,657.6,70.0,547.5
AlAs,782.2,3.7,657.6,80.0,625.7
AlAs,782.2,3.7,657.6,90.0,704.0
AlAs,782.2,3.7,657.6,100.0,832.2
AlAs3(SeCl)4,963.7,2.9,834.5,50.0,481.9
AlAs3(SeCl)4,963.7,2.9,834.5,60.0,578.2
AlAs3(SeCl)4,963.7,2.9,834.5,70.0,674.6
AlAs3(SeCl)4,963.7,2.9,834.5,80.0,771.0
AlAs3(SeCl)4,963.7,2.9,834.5,90.0,867.3
AlAs3(SeCl)4,963.7,2.9,834.5,100.0,1013.7
AlAs3S5Cl4,951.6,2.35,1020.4,50.0,475.8
AlAs3S5Cl4,951.6,2.35,1020.4,60.0,571.0
AlAs3S5Cl4,951.6,2.35,1020.4,70.0,666.1
AlAs3S5Cl4,951.6,2.35,1020.4,80.0,761.3
AlAs3S5Cl4,951.6,2.35,1020.4,90.0,856.5
AlAs3S5Cl4,951.6,2.35,1020.4,100.0,1001.6
AlAsO4,1605.2,3.35,724.6,50.0,802.6
AlAsO4,1605.2,3.35,724.6,60.0,963.1
AlAsO4,1605.2,3.35,724.6,70.0,1123.7
AlAsO4,1605.2,3.35,724.6,80.0,1284.2
AlAsO4,1605.2,3.35,724.6,90.0,1444.7
AlAsO4,1605.2,3.35,724.6,100.0,1655.2
AlAsPt5,755.8,16.32,152.2,50.0,377.9
AlAsPt5,755.8,16.32,152.2,60.0,453.5
AlAsPt5,755.8,16.32,152.2,70.0,529.0
AlAsPt5,755.8,16.32,152.2,80.0,604.6
AlAsPt5,755.8,16.32,152.2,90.0,680.2
AlAsPt5,755.8,16.32,152.2,100.0,805.8
AlAu,690.3,10.81,229.2,50.0,345.2
AlAu,690.3,10.81,229.2,60.0,414.2
AlAu,690.3,10.81,229.2,70.0,483.2
AlAu,690.3,10.81,229.2,80.0,552.3
AlAu,690.3,10.81,229.2,90.0,621.3
AlAu,690.3,10.81,229.2,100.0,740.3
AlAu2,650.0,14.15,175.4,50.0,325.0
AlAu2,650.0,14.15,175.4,60.0,390.0
AlAu2,650.0,14.15,175.4,70.0,455.0
AlAu2,650.0,14.15,175.4,80.0,520.0
AlAu2,650.0,14.15,175.4,90.0,585.0
AlAu2,650.0,14.15,175.4,100.0,700.0
AlAu4,601.0,15.93,156.0,50.0,300.5
AlAu4,601.0,15.93,156.0,60.0,360.6
AlAu4,601.0,15.93,156.0,70.0,420.7
AlAu4,601.0,15.93,156.0,80.0,480.8
AlAu4,601.0,15.93,156.0,90.0,540.9
AlAu4,601.0,15.93,156.0,100.0,651.0
AlBMo,719.1,6.41,384.3,50.0,359.6
AlBMo,719.1,6.41,384.3,60.0,431.5
AlBMo,719.1,6.41,384.3,70.0,503.4
AlBMo,719.1,6.41,384.3,80.0,575.3
AlBMo,719.1,6.41,384.3,90.0,647.2
AlBMo,719.1,6.41,384.3,100.0,769.1
AlBPbO4,1724.1,6.31,389.8,50.0,862.0
AlBPbO4,1724.1,6.31,389.8,60.0,1034.5
AlBPbO4,1724.1,6.31,389.8,70.0,1206.9
AlBPbO4,1724.1,6.31,389.8,80.0,1379.3
AlBPbO4,1724.1,6.31,389.8,90.0,1551.7
AlBPbO4,1724.1,6.31,389.8,100.0,1774.1
AlBW,644.5,10.63,233.0,50.0,322.3
AlBW,644.5,10.63,233.0,60.0,386.7
AlBW,644.5,10.63,233.0,70.0,451.2
AlBW,644.5,10.63,233.0,80.0,515.6
AlBW,644.5,10.63,233.0,90.0,580.1
AlBW,644.5,10.63,233.0,100.0,694.5
AlBiCl6,1271.4,3.01,804.4,50.0,635.7
AlBiCl6,1271.4,3.01,804.4,60.0,762.8
AlBiCl6,1271.4,3.01,804.4,70.0,890.0
AlBiCl6,1271.4,3.01,804.4,80.0,1017.1
AlBiCl6,1271.4,3.01,804.4,90.0,1144.2
AlBiCl6,1271.4,3.01,804.4,100.0,1321.4
AlBiSCl4,1211.2,3.26,744.8,50.0,605.6
AlBiSCl4,1211.2,3.26,744.8,60.0,726.7
AlBiSCl4,1211.2,3.26,744.8,70.0,847.8
AlBiSCl4,1211.2,3.26,744.8,80.0,968.9
AlBiSCl4,1211.2,3.26,744.8,90.0,1090.0
AlBiSCl4,1211.2,3.26,744.8,100.0,1261.2
AlBiSeCl4,1211.9,3.54,687.2,50.0,605.9
AlBiSeCl4,1211.9,3.54,687.2,60.0,727.1
AlBiSeCl4,1211.9,3.54,687.2,70.0,848.3
AlBiSeCl4,1211.9,3.54,687.2,80.0,969.5
AlBiSeCl4,1211.9,3.54,687.2,90.0,1090.7
AlBiSeCl4,1211.9,3.54,687.2,100.0,1261.9
AlBiTeCl4,1191.6,3.61,673.3,50.0,595.8
AlBiTeCl4,1191.6,3.61,673.3,60.0,714.9
AlBiTeCl4,1191.6,3.61,673.3,70.0,834.1
AlBiTeCl4,1191.6,3.61,673.3,80.0,953.3
AlBiTeCl4,1191.6,3.61,673.3,90.0,1072.4
AlBiTeCl4,1191.6,3.61,673.3,100.0,1241.6
AlBr3,1183.1,3.14,771.3,50.0,591.6
AlBr3,1183.1,3.14,771.3,60.0,709.9
AlBr3,1183.1,3.14,771.3,70.0,828.2
AlBr3,1183.1,3.14,771.3,80.0,946.5
AlBr3,1183.1,3.14,771.3,90.0,1064.8
AlBr3,1183.1,3.14,771.3,100.0,1233.1
AlBrO,1662.4,3.3,735.4,50.0,831.2
AlBrO,1662.4,3.3,735.4,60.0,997.4
AlBrO,1662.4,3.3,735.4,70.0,1163.7
AlBrO,1662.4,3.3,735.4,80.0,1329.9
AlBrO,1662.4,3.3,735.4,90.0,1496.2
AlBrO,1662.4,3.3,735.4,100.0,1712.4
AlC3(NCl2)3,864.2,1.81,1306.2,50.0,432.1
AlC3(NCl2)3,864.2,1.81,1306.2,60.0,518.5
AlC3(NCl2)3,864.2,1.81,1306.2,70.0,605.0
AlC3(NCl2)3,864.2,1.81,1306.2,80.0,691.4
AlC3(NCl2)3,864.2,1.81,1306.2,90.0,777.8
AlC3(NCl2)3,864.2,1.81,1306.2,100.0,914.2
AlCdCl4,1158.7,2.65,909.8,50.0,579.3
AlCdCl4,1158.7,2.65,909.8,60.0,695.2
AlCdCl4,1158.7,2.65,909.8,70.0,811.1
AlCdCl4,1158.7,2.65,909.8,80.0,926.9
AlCdCl4,1158.7,2.65,909.8,90.0,1042.8
AlCdCl4,1158.7,2.65,909.8,100.0,1208.7
AlCl3,1261.8,2.41,997.4,50.0,630.9
AlCl3,1261.8,2.41,997.4,60.0,757.1
AlCl3,1261.8,2.41,997.4,70.0,883.2
AlCl3,1261.8,2.41,997.4,80.0,1009.4
AlCl3,1261.8,2.41,997.4,90.0,1135.6
AlCl3,1261.8,2.41,997.4,100.0,1311.8
AlClO,1753.3,2.89,835.9,50.0,876.7
AlClO,1753.3,2.89,835.9,60.0,1052.0
AlClO,1753.3,2.89,835.9,70.0,1227.3
AlClO,1753.3,2.89,835.9,80.0,1402.7
AlClO,1753.3,2.89,835.9,90.0,1578.0
AlClO,1753.3,2.89,835.9,100.0,1803.3
AlCo,750.4,6.37,386.7,50.0,375.2
AlCo,750.4,6.37,386.7,60.0,450.2
AlCo,750.4,6.37,386.7,70.0,525.3
AlCo,750.4,6.37,386.7,80.0,600.3
AlCo,750.4,6.37,386.7,90.0,675.4
AlCo,750.4,6.37,386.7,100.0,800.4
AlCr2C,577.5,5.45,450.3,50.0,288.8
AlCr2C,577.5,5.45,450.3,60.0,346.5
AlCr2C,577.5,5.45,450.3,70.0,404.3
AlCr2C,577.5,5.45,450.3,80.0,462.0
AlCr2C,577.5,5.45,450.3,90.0,519.8
AlCr2C,577.5,5.45,450.3,100.0,627.5
AlCr3B4,663.3,5.47,449.0,50.0,331.6
AlCr3B4,663.3,5.47,449.0,60.0,398.0
AlCr3B4,663.3,5.47,449.0,70.0,464.3
AlCr3B4,663.3,5.47,449.0,80.0,530.6
AlCr3B4,663.3,5.47,449.0,90.0,597.0
AlCr3B4,663.3,5.47,449.0,100.0,713.3
AlCr4AgS8,955.0,3.83,635.6,50.0,477.5
AlCr4AgS8,955.0,3.83,635.6,60.0,573.0
AlCr4AgS8,955.0,3.83,635.6,70.0,668.5
AlCr4AgS8,955.0,3.83,635.6,80.0,764.0
AlCr4AgS8,955.0,3.83,635.6,90.0,859.5
AlCr4AgS8,955.0,3.83,635.6,100.0,1005.0
AlCr4CuS8,971.7,3.71,656.5,50.0,485.8
AlCr4CuS8,971.7,3.71,656.5,60.0,583.0
AlCr4CuS8,971.7,3.71,656.5,70.0,680.2
AlCr4CuS8,971.7,3.71,656.5,80.0,777.3
AlCr4CuS8,971.7,3.71,656.5,90.0,874.5
AlCr4CuS8,971.7,3.71,656.5,100.0,1021.7
AlCr4CuSe8,878.8,5.36,458.0,50.0,439.4
AlCr4CuSe8,878.8,5.36,458.0,60.0,527.3
AlCr4CuSe8,878.8,5.36,458.0,70.0,615.2
AlCr4CuSe8,878.8,5.36,458.0,80.0,703.1
AlCr4CuSe8,878.8,5.36,458.0,90.0,790.9
AlCr4CuSe8,878.8,5.36,458.0,100.0,928.8
AlCrFeO4,1644.3,4.46,547.7,50.0,822.1
AlCrFeO4,1644.3,4.46,547.7,60.0,986.6
AlCrFeO4,1644.3,4.46,547.7,70.0,1151.0
AlCrFeO4,1644.3,4.46,547.7,80.0,1315.4
AlCrFeO4,1644.3,4.46,547.7,90.0,1479.8
AlCrFeO4,1644.3,4.46,547.7,100.0,1694.3
AlCrRu2,665.9,8.91,277.5,50.0,333.0
AlCrRu2,665.9,8.91,277.5,60.0,399.5
AlCrRu2,665.9,8.91,277.5,70.0,466.1
AlCrRu2,665.9,8.91,277.5,80.0,532.7
AlCrRu2,665.9,8.91,277.5,90.0,599.3
AlCrRu2,665.9,8.91,277.5,100.0,715.9
AlCu,609.1,5.51,445.5,50.0,304.6
AlCu,609.1,5.51,445.5,60.0,365.5
AlCu,609.1,5.51,445.5,70.0,426.4
AlCu,609.1,5.51,445.5,80.0,487.3
AlCu,609.1,5.51,445.5,90.0,548.2
AlCu,609.1,5.51,445.5,100.0,659.1
AlCu(PSe3)2,751.5,4.39,556.8,50.0,375.7
AlCu(PSe3)2,751.5,4.39,556.8,60.0,450.9
AlCu(PSe3)2,751.5,4.39,556.8,70.0,526.0
AlCu(PSe3)2,751.5,4.39,556.8,80.0,601.2
AlCu(PSe3)2,751.5,4.39,556.8,90.0,676.3
AlCu(PSe3)2,751.5,4.39,556.8,100.0,801.5
AlCu3,590.9,7.52,328.2,50.0,295.4
AlCu3,590.9,7.52,328.2,60.0,354.5
AlCu3,590.9,7.52,328.2,70.0,413.6
AlCu3,590.9,7.52,328.2,80.0,472.7
AlCu3,590.9,7.52,328.2,90.0,531.8
AlCu3,590.9,7.52,328.2,100.0,640.9
AlCuAu2,616.0,13.32,186.3,50.0,308.0
AlCuAu2,616.0,13.32,186.3,60.0,369.6
AlCuAu2,616.0,13.32,186.3,70.0,431.2
AlCuAu2,616.0,13.32,186.3,80.0,492.8
AlCuAu2,616.0,13.32,186.3,90.0,554.4
AlCuAu2,616.0,13.32,186.3,100.0,666.0
AlCuBr4,1046.1,3.91,624.0,50.0,523.0
AlCuBr4,1046.1,3.91,624.0,60.0,627.7
AlCuBr4,1046.1,3.91,624.0,70.0,732.3
AlCuBr4,1046.1,3.91,624.0,80.0,836.9
AlCuBr4,1046.1,3.91,624.0,90.0,941.5
AlCuBr4,1046.1,3.91,624.0,100.0,1096.1
AlCuCl4,1093.6,2.62,919.8,50.0,546.8
AlCuCl4,1093.6,2.62,919.8,60.0,656.2
AlCuCl4,1093.6,2.62,919.8,70.0,765.5
AlCuCl4,1093.6,2.62,919.8,80.0,874.9
AlCuCl4,1093.6,2.62,919.8,90.0,984.3
AlCuCl4,1093.6,2.62,919.8,100.0,1143.6
AlCuGeSe4,834.4,4.74,516.7,50.0,417.2
AlCuGeSe4,834.4,4.74,516.7,60.0,500.6
AlCuGeSe4,834.4,4.74,516.7,70.0,584.1
AlCuGeSe4,834.4,4.74,516.7,80.0,667.5
AlCuGeSe4,834.4,4.74,516.7,90.0,751.0
AlCuGeSe4,834.4,4.74,516.7,100.0,884.4
AlCuO2,1587.9,5.15,476.5,50.0,794.0
AlCuO2,1587.9,5.15,476.5,60.0,952.8
AlCuO2,1587.9,5.15,476.5,70.0,1111.6
AlCuO2,1587.9,5.15,476.5,80.0,1270.3
AlCuO2,1587.9,5.15,476.5,90.0,1429.1
AlCuO2,1587.9,5.15,476.5,100.0,1637.9
AlCuPd2,783.6,9.26,267.1,50.0,391.8
AlCuPd2,783.6,9.26,267.1,60.0,470.1
AlCuPd2,783.6,9.26,267.1,70.0,548.5
AlCuPd2,783.6,9.26,267.1,80.0,626.8
AlCuPd2,783.6,9.26,267.1,90.0,705.2
AlCuPd2,783.6,9.26,267.1,100.0,833.6
AlCuPt2,841.8,14.51,171.1,50.0,420.9
AlCuPt2,841.8,14.51,171.1,60.0,505.1
AlCuPt2,841.8,14.51,171.1,70.0,589.2
AlCuPt2,841.8,14.51,171.1,80.0,673.4
AlCuPt2,841.8,14.51,171.1,90.0,757.6
AlCuPt2,841.8,14.51,171.1,100.0,891.8
AlCuS2,933.4,3.51,693.0,50.0,466.7
AlCuS2,933.4,3.51,693.0,60.0,560.0
AlCuS2,933.4,3.51,693.0,70.0,653.4
AlCuS2,933.4,3.51,693.0,80.0,746.7
AlCuS2,933.4,3.51,693.0,90.0,840.1
AlCuS2,933.4,3.51,693.0,100.0,983.4
AlCuSe2,840.4,4.78,512.1,50.0,420.2
AlCuSe2,840.4,4.78,512.1,60.0,504.2
AlCuSe2,840.4,4.78,512.1,70.0,588.2
AlCuSe2,840.4,4.78,512.1,80.0,672.3
AlCuSe2,840.4,4.78,512.1,90.0,756.3
AlCuSe2,840.4,4.78,512.1,100.0,890.4
AlCuSnS4,909.5,4.13,591.3,50.0,454.8
AlCuSnS4,909.5,4.13,591.3,60.0,545.7
AlCuSnS4,909.5,4.13,591.3,70.0,636.7
AlCuSnS4,909.5,4.13,591.3,80.0,727.6
AlCuSnS4,909.5,4.13,591.3,90.0,818.6
AlCuSnS4,909.5,4.13,591.3,100.0,959.5
AlCuSnSe4,847.8,4.8,510.0,50.0,423.9
AlCuSnSe4,847.8,4.8,510.0,60.0,508.7
AlCuSnSe4,847.8,4.8,510.0,70.0,593.4
AlCuSnSe4,847.8,4.8,510.0,80.0,678.2
AlCuSnSe4,847.8,4.8,510.0,90.0,763.0
AlCuSnSe4,847.8,4.8,510.0,100.0,897.8
AlCuTe2,691.3,5.25,467.3,50.0,345.7
AlCuTe2,691.3,5.25,467.3,60.0,414.8
AlCuTe2,691.3,5.25,467.3,70.0,483.9
AlCuTe2,691.3,5.25,467.3,80.0,553.1
AlCuTe2,691.3,5.25,467.3,90.0,622.2
AlCuTe2,691.3,5.25,467.3,100.0,741.3
AlF3,2239.6,3.26,743.1,50.0,1119.8
AlF3,2239.6,3.26,743.1,60.0,1343.8
AlF3,2239.6,3.26,743.1,70.0,1567.7
AlF3,2239.6,3.26,743.1,80.0,1791.7
AlF3,2239.6,3.26,743.1,90.0,2015.6
AlF3,2239.6,3.26,743.1,100.0,2289.6
AlFe,647.1,5.97,411.9,50.0,323.5
AlFe,647.1,5.97,411.9,60.0,388.3
AlFe,647.1,5.97,411.9,70.0,453.0
AlFe,647.1,5.97,411.9,80.0,517.7
AlFe,647.1,5.97,411.9,90.0,582.4
AlFe,647.1,5.97,411.9,100.0,697.1
AlFe2Si,700.1,6.49,379.6,50.0,350.1
AlFe2Si,700.1,6.49,379.6,60.0,420.1
AlFe2Si,700.1,6.49,379.6,70.0,490.1
AlFe2Si,700.1,6.49,379.6,80.0,560.1
AlFe2Si,700.1,6.49,379.6,90.0,630.1
AlFe2Si,700.1,6.49,379.6,100.0,750.1
AlFe2W,593.7,10.87,227.9,50.0,296.9
AlFe2W,593.7,10.87,227.9,60.0,356.2
AlFe2W,593.7,10.87,227.9,70.0,415.6
AlFe2W,593.7,10.87,227.9,80.0,475.0
AlFe2W,593.7,10.87,227.9,90.0,534.4
AlFe2W,593.7,10.87,227.9,100.0,643.7
AlFe3,589.5,6.7,367.6,50.0,294.8
AlFe3,589.5,6.7,367.6,60.0,353.7
AlFe3,589.5,6.7,367.6,70.0,412.7
AlFe3,589.5,6.7,367.6,80.0,471.6
AlFe3,589.5,6.7,367.6,90.0,530.6
AlFe3,589.5,6.7,367.6,100.0,639.5
AlFe3C,571.9,6.3,390.6,50.0,285.9
AlFe3C,571.9,6.3,390.6,60.0,343.1
AlFe3C,571.9,6.3,390.6,70.0,400.3
AlFe3C,571.9,6.3,390.6,80.0,457.5
AlFe3C,571.9,6.3,390.6,90.0,514.7
AlFe3C,571.9,6.3,390.6,100.0,621.9
AlFe3H,592.3,6.41,383.9,50.0,296.1
AlFe3H,592.3,6.41,383.9,60.0,355.4
AlFe3H,592.3,6.41,383.9,70.0,414.6
AlFe3H,592.3,6.41,383.9,80.0,473.8
AlFe3H,592.3,6.41,383.9,90.0,533.0
AlFe3H,592.3,6.41,383.9,100.0,642.3
AlFeCo2,661.5,7.37,334.5,50.0,330.7
AlFeCo2,661.5,7.37,334.5,60.0,396.9
AlFeCo2,661.5,7.37,334.5,70.0,463.0
AlFeCo2,661.5,7.37,334.5,80.0,529.2
AlFeCo2,661.5,7.37,334.5,90.0,595.3
AlFeCo2,661.5,7.37,334.5,100.0,711.5
AlFePO5,1737.8,3.04,796.3,50.0,868.9
AlFePO5,1737.8,3.04,796.3,60.0,1042.7
AlFePO5,1737.8,3.04,796.3,70.0,1216.5
AlFePO5,1737.8,3.04,796.3,80.0,1390.2
AlFePO5,1737.8,3.04,796.3,90.0,1564.0
AlFePO5,1737.8,3.04,796.3,100.0,1787.8
AlFeRh2,768.2,8.99,275.0,50.0,384.1
AlFeRh2,768.2,8.99,275.0,60.0,460.9
AlFeRh2,768.2,8.99,275.0,70.0,537.7
AlFeRh2,768.2,8.99,275.0,80.0,614.5
AlFeRh2,768.2,8.99,275.0,90.0,691.3
AlFeRh2,768.2,8.99,275.0,100.0,818.2
AlGaAs2,741.8,4.49,544.9,50.0,370.9
AlGaAs2,741.8,4.49,544.9,60.0,445.1
AlGaAs2,741.8,4.49,544.9,70.0,519.3
AlGaAs2,741.8,4.49,544.9,80.0,593.4
AlGaAs2,741.8,4.49,544.9,90.0,667.6
AlGaAs2,741.8,4.49,544.9,100.0,791.8
AlGaCo2,669.9,7.8,316.3,50.0,334.9
AlGaCo2,669.9,7.8,316.3,60.0,401.9
AlGaCo2,669.9,7.8,316.3,70.0,468.9
AlGaCo2,669.9,7.8,316.3,80.0,535.9
AlGaCo2,669.9,7.8,316.3,90.0,602.9
AlGaCo2,669.9,7.8,316.3,100.0,719.9
AlGaNi6,658.9,8.46,292.0,50.0,329.4
AlGaNi6,658.9,8.46,292.0,60.0,395.3
AlGaNi6,658.9,8.46,292.0,70.0,461.2
AlGaNi6,658.9,8.46,292.0,80.0,527.1
AlGaNi6,658.9,8.46,292.0,90.0,593.0
AlGaNi6,658.9,8.46,292.0,100.0,708.9
AlGeMo,622.9,7.27,339.3,50.0,311.4
AlGeMo,622.9,7.27,339.3,60.0,373.7
AlGeMo,622.9,7.27,339.3,70.0,436.0
AlGeMo,622.9,7.27,339.3,80.0,498.3
AlGeMo,622.9,7.27,339.3,90.0,560.6
AlGeMo,622.9,7.27,339.3,100.0,672.9
AlGeRu2,733.0,9.42,262.6,50.0,366.5
AlGeRu2,733.0,9.42,262.6,60.0,439.8
AlGeRu2,733.0,9.42,262.6,70.0,513.1
AlGeRu2,733.0,9.42,262.6,80.0,586.4
AlGeRu2,733.0,9.42,262.6,90.0,659.7
AlGeRu2,733.0,9.42,262.6,100.0,783.0
AlH10N2OF5,1265.6,1.86,1278.0,50.0,632.8
AlH10N2OF5,1265.6,1.86,1278.0,60.0,759.4
AlH10N2OF5,1265.6,1.86,1278.0,70.0,885.9
AlH10N2OF5,1265.6,1.86,1278.0,80.0,1012.5
AlH10N2OF5,1265.6,1.86,1278.0,90.0,1139.1
AlH10N2OF5,1265.6,1.86,1278.0,100.0,1315.6
AlH10SO9F,1277.1,1.91,1246.6,50.0,638.5
AlH10SO9F,1277.1,1.91,1246.6,60.0,766.2
AlH10SO9F,1277.1,1.91,1246.6,70.0,893.9
AlH10SO9F,1277.1,1.91,1246.6,80.0,1021.7
AlH10SO9F,1277.1,1.91,1246.6,90.0,1149.4
AlH10SO9F,1277.1,1.91,1246.6,100.0,1327.1
AlH11SO10,1234.2,1.8,1314.4,50.0,617.1
AlH11SO10,1234.2,1.8,1314.4,60.0,740.5
AlH11SO10,1234.2,1.8,1314.4,70.0,864.0
AlH11SO10,1234.2,1.8,1314.4,80.0,987.4
AlH11SO10,1234.2,1.8,1314.4,90.0,1110.8
AlH11SO10,1234.2,1.8,1314.4,100.0,1284.2
AlH12(ClO2)3,1164.2,1.68,1407.1,50.0,582.1
AlH12(ClO2)3,1164.2,1.68,1407.1,60.0,698.5
AlH12(ClO2)3,1164.2,1.68,1407.1,70.0,814.9
AlH12(ClO2)3,1164.2,1.68,1407.1,80.0,931.4
AlH12(ClO2)3,1164.2,1.68,1407.1,90.0,1047.8
AlH12(ClO2)3,1164.2,1.68,1407.1,100.0,1214.2
AlH12(NO5)3,1083.8,1.86,1276.7,50.0,541.9
AlH12(NO5)3,1083.8,1.86,1276.7,60.0,650.3
AlH12(NO5)3,1083.8,1.86,1276.7,70.0,758.6
AlH12(NO5)3,1083.8,1.86,1276.7,80.0,867.0
AlH12(NO5)3,1083.8,1.86,1276.7,90.0,975.4
AlH12(NO5)3,1083.8,1.86,1276.7,100.0,1133.8
AlH14SeNO14,1123.2,2.14,1116.5,50.0,561.6
AlH14SeNO14,1123.2,2.14,1116.5,60.0,673.9
AlH14SeNO14,1123.2,2.14,1116.5,70.0,786.3
AlH14SeNO14,1123.2,2.14,1116.5,80.0,898.6
AlH14SeNO14,1123.2,2.14,1116.5,90.0,1010.9
AlH14SeNO14,1123.2,2.14,1116.5,100.0,1173.2
AlH15(OF)6,1305.1,1.67,1410.5,50.0,652.6
AlH15(OF)6,1305.1,1.67,1410.5,60.0,783.1
AlH15(OF)6,1305.1,1.67,1410.5,70.0,913.6
AlH15(OF)6,1305.1,1.67,1410.5,80.0,1044.1
AlH15(OF)6,1305.1,1.67,1410.5,90.0,1174.6
AlH15(OF)6,1305.1,1.67,1410.5,100.0,1355.1
AlH15Br3N5,837.6,2.13,1121.8,50.0,418.8
AlH15Br3N5,837.6,2.13,1121.8,60.0,502.6
AlH15Br3N5,837.6,2.13,1121.8,70.0,586.3
AlH15Br3N5,837.6,2.13,1121.8,80.0,670.1
AlH15Br3N5,837.6,2.13,1121.8,90.0,753.8
AlH15Br3N5,837.6,2.13,1121.8,100.0,887.6
AlH15N5Cl3,865.2,1.46,1598.4,50.0,432.6
AlH15N5Cl3,865.2,1.46,1598.4,60.0,519.1
AlH15N5Cl3,865.2,1.46,1598.4,70.0,605.7
AlH15N5Cl3,865.2,1.46,1598.4,80.0,692.2
AlH15N5Cl3,865.2,1.46,1598.4,90.0,778.7
AlH15N5Cl3,865.2,1.46,1598.4,100.0,915.2
AlH18C3(N3F2)3,983.3,1.53,1534.4,50.0,491.6
AlH18C3(N3F2)3,983.3,1.53,1534.4,60.0,590.0
AlH18C3(N3F2)3,983.3,1.53,1534.4,70.0,688.3
AlH18C3(N3F2)3,983.3,1.53,1534.4,80.0,786.6
AlH18C3(N3F2)3,983.3,1.53,1534.4,90.0,884.9
AlH18C3(N3F2)3,983.3,1.53,1534.4,100.0,1033.3
AlH2PbO2F3,1648.1,5.24,468.0,50.0,824.0
AlH2PbO2F3,1648.1,5.24,468.0,60.0,988.8
AlH2PbO2F3,1648.1,5.24,468.0,70.0,1153.6
AlH2PbO2F3,1648.1,5.24,468.0,80.0,1318.5
AlH2PbO2F3,1648.1,5.24,468.0,90.0,1483.3
AlH2PbO2F3,1648.1,5.24,468.0,100.0,1698.1
AlH3,533.1,1.52,1545.6,50.0,266.6
AlH3,533.1,1.52,1545.6,60.0,319.9
AlH3,533.1,1.52,1545.6,70.0,373.2
AlH3,533.1,1.52,1545.6,80.0,426.5
AlH3,533.1,1.52,1545.6,90.0,479.8
AlH3,533.1,1.52,1545.6,100.0,583.1
AlH3NCl3,1100.0,1.62,1457.2,50.0,550.0
AlH3NCl3,1100.0,1.62,1457.2,60.0,660.0
AlH3NCl3,1100.0,1.62,1457.2,70.0,770.0
AlH3NCl3,1100.0,1.62,1457.2,80.0,880.0
AlH3NCl3,1100.0,1.62,1457.2,90.0,990.0
AlH3NCl3,1100.0,1.62,1457.2,100.0,1150.0
AlH4NF4,1488.7,2.53,949.3,50.0,744.4
AlH4NF4,1488.7,2.53,949.3,60.0,893.2
AlH4NF4,1488.7,2.53,949.3,70.0,1042.1
AlH4NF4,1488.7,2.53,949.3,80.0,1191.0
AlH4NF4,1488.7,2.53,949.3,90.0,1339.8
AlH4NF4,1488.7,2.53,949.3,100.0,1538.7
AlH5(SeO4)2,1219.8,2.96,816.6,50.0,609.9
AlH5(SeO4)2,1219.8,2.96,816.6,60.0,731.9
AlH5(SeO4)2,1219.8,2.96,816.6,70.0,853.9
AlH5(SeO4)2,1219.8,2.96,816.6,80.0,975.8
AlH5(SeO4)2,1219.8,2.96,816.6,90.0,1097.8
AlH5(SeO4)2,1219.8,2.96,816.6,100.0,1269.8
AlH6BrO4,1244.6,2.19,1092.2,50.0,622.3
AlH6BrO4,1244.6,2.19,1092.2,60.0,746.8
AlH6BrO4,1244.6,2.19,1092.2,70.0,871.2
AlH6BrO4,1244.6,2.19,1092.2,80.0,995.7
AlH6BrO4,1244.6,2.19,1092.2,90.0,1120.2
AlH6BrO4,1244.6,2.19,1092.2,100.0,1294.6
AlH6C2SeCl3,840.4,1.65,1430.1,50.0,420.2
AlH6C2SeCl3,840.4,1.65,1430.1,60.0,504.2
AlH6C2SeCl3,840.4,1.65,1430.1,70.0,588.3
AlH6C2SeCl3,840.4,1.65,1430.1,80.0,672.3
AlH6C2SeCl3,840.4,1.65,1430.1,90.0,756.3
AlH6C2SeCl3,840.4,1.65,1430.1,100.0,890.4
AlH6IO4,1217.3,2.5,962.6,50.0,608.6
AlH6IO4,1217.3,2.5,962.6,60.0,730.4
AlH6IO4,1217.3,2.5,962.6,70.0,852.1
AlH6IO4,1217.3,2.5,962.6,80.0,973.8
AlH6IO4,1217.3,2.5,962.6,90.0,1095.5
AlH6IO4,1217.3,2.5,962.6,100.0,1267.3
AlH6N2Cl3,986.9,1.6,1469.5,50.0,493.4
AlH6N2Cl3,986.9,1.6,1469.5,60.0,592.1
AlH6N2Cl3,986.9,1.6,1469.5,70.0,690.8
AlH6N2Cl3,986.9,1.6,1469.5,80.0,789.5
AlH6N2Cl3,986.9,1.6,1469.5,90.0,888.2
AlH6N2Cl3,986.9,1.6,1469.5,100.0,1036.9
AlH6N2F3,1228.1,1.88,1260.0,50.0,614.1
AlH6N2F3,1228.1,1.88,1260.0,60.0,736.9
AlH6N2F3,1228.1,1.88,1260.0,70.0,859.7
AlH6N2F3,1228.1,1.88,1260.0,80.0,982.5
AlH6N2F3,1228.1,1.88,1260.0,90.0,1105.3
AlH6N2F3,1228.1,1.88,1260.0,100.0,1278.1
AlH7C2SCl4,869.2,1.34,1736.6,50.0,434.6
AlH7C2SCl4,869.2,1.34,1736.6,60.0,521.5
AlH7C2SCl4,869.2,1.34,1736.6,70.0,608.5
AlH7C2SCl4,869.2,1.34,1736.6,80.0,695.4
AlH7C2SCl4,869.2,1.34,1736.6,90.0,782.3
AlH7C2SCl4,869.2,1.34,1736.6,100.0,919.2
AlHO2,1693.8,3.41,712.2,50.0,846.9
AlHO2,1693.8,3.41,712.2,60.0,1016.3
AlHO2,1693.8,3.41,712.2,70.0,1185.6
AlHO2,1693.8,3.41,712.2,80.0,1355.0
AlHO2,1693.8,3.41,712.2,90.0,1524.4
AlHO2,1693.8,3.41,712.2,100.0,1743.8
AlHSO5,1517.7,2.89,834.7,50.0,758.8
AlHSO5,1517.7,2.89,834.7,60.0,910.6
AlHSO5,1517.7,2.89,834.7,70.0,1062.4
AlHSO5,1517.7,2.89,834.7,80.0,1214.1
AlHSO5,1517.7,2.89,834.7,90.0,1365.9
AlHSO5,1517.7,2.89,834.7,100.0,1567.7
AlHg2SbCl4,983.5,4.77,512.9,50.0,491.8
AlHg2SbCl4,983.5,4.77,512.9,60.0,590.1
AlHg2SbCl4,983.5,4.77,512.9,70.0,688.5
AlHg2SbCl4,983.5,4.77,512.9,80.0,786.8
AlHg2SbCl4,983.5,4.77,512.9,90.0,885.2
AlHg2SbCl4,983.5,4.77,512.9,100.0,1033.5
AlI3,929.8,3.73,652.2,50.0,464.9
AlI3,929.8,3.73,652.2,60.0,557.9
AlI3,929.8,3.73,652.2,70.0,650.9
AlI3,929.8,3.73,652.2,80.0,743.9
AlI3,929.8,3.73,652.2,90.0,836.9
AlI3,929.8,3.73,652.2,100.0,979.8
AlICl6,1096.2,2.49,966.2,50.0,548.1
AlICl6,1096.2,2.49,966.2,60.0,657.7
AlICl6,1096.2,2.49,966.2,70.0,767.4
AlICl6,1096.2,2.49,966.2,80.0,877.0
AlICl6,1096.2,2.49,966.2,90.0,986.6
AlICl6,1096.2,2.49,966.2,100.0,1146.2
AlInBr4,1121.2,3.6,674.8,50.0,560.6
AlInBr4,1121.2,3.6,674.8,60.0,672.7
AlInBr4,1121.2,3.6,674.8,70.0,784.8
AlInBr4,1121.2,3.6,674.8,80.0,897.0
AlInBr4,1121.2,3.6,674.8,90.0,1009.1
AlInBr4,1121.2,3.6,674.8,100.0,1171.2
AlInCl4,1171.0,2.64,910.8,50.0,585.5
AlInCl4,1171.0,2.64,910.8,60.0,702.6
AlInCl4,1171.0,2.64,910.8,70.0,819.7
AlInCl4,1171.0,2.64,910.8,80.0,936.8
AlInCl4,1171.0,2.64,910.8,90.0,1053.9
AlInCl4,1171.0,2.64,910.8,100.0,1221.0
AlInI4,900.4,4.1,595.3,50.0,450.2
AlInI4,900.4,4.1,595.3,60.0,540.3
AlInI4,900.4,4.1,595.3,70.0,630.3
AlInI4,900.4,4.1,595.3,80.0,720.4
AlInI4,900.4,4.1,595.3,90.0,810.4
AlInI4,900.4,4.1,595.3,100.0,950.4
AlInS3,951.1,3.32,730.2,50.0,475.6
AlInS3,951.1,3.32,730.2,60.0,570.7
AlInS3,951.1,3.32,730.2,70.0,665.8
AlInS3,951.1,3.32,730.2,80.0,760.9
AlInS3,951.1,3.32,730.2,90.0,856.0
AlInS3,951.1,3.32,730.2,100.0,1001.1
AlInSe3,888.8,4.63,529.0,50.0,444.4
AlInSe3,888.8,4.63,529.0,60.0,533.3
AlInSe3,888.8,4.63,529.0,70.0,622.1
AlInSe3,888.8,4.63,529.0,80.0,711.0
AlInSe3,888.8,4.63,529.0,90.0,799.9
AlInSe3,888.8,4.63,529.0,100.0,938.8
AlIr,981.8,13.55,183.1,50.0,490.9
AlIr,981.8,13.55,183.1,60.0,589.1
AlIr,981.8,13.55,183.1,70.0,687.2
AlIr,981.8,13.55,183.1,80.0,785.4
AlIr,981.8,13.55,183.1,90.0,883.6
AlIr,981.8,13.55,183.1,100.0,1031.8
AlMo3,616.3,8.61,286.9,50.0,308.1
AlMo3,616.3,8.61,286.9,60.0,369.8
AlMo3,616.3,8.61,286.9,70.0,431.4
AlMo3,616.3,8.61,286.9,80.0,493.0
AlMo3,616.3,8.61,286.9,90.0,554.6
AlMo3,616.3,8.61,286.9,100.0,666.3
AlN,1255.9,3.2,757.4,50.0,627.9
AlN,1255.9,3.2,757.4,60.0,753.5
AlN,1255.9,3.2,757.4,70.0,879.1
AlN,1255.9,3.2,757.4,80.0,1004.7
AlN,1255.9,3.2,757.4,90.0,1130.3
AlN,1255.9,3.2,757.4,100.0,1305.9
AlNi,808.2,6.08,404.3,50.0,404.1
AlNi,808.2,6.08,404.3,60.0,484.9
AlNi,808.2,6.08,404.3,70.0,565.7
AlNi,808.2,6.08,404.3,80.0,646.6
AlNi,808.2,6.08,404.3,90.0,727.4
AlNi,808.2,6.08,404.3,100.0,858.2
AlNi2BO5,1544.1,4.76,514.5,50.0,772.0
AlNi2BO5,1544.1,4.76,514.5,60.0,926.5
AlNi2BO5,1544.1,4.76,514.5,70.0,1080.9
AlNi2BO5,1544.1,4.76,514.5,80.0,1235.3
AlNi2BO5,1544.1,4.76,514.5,90.0,1389.7
AlNi2BO5,1544.1,4.76,514.5,100.0,1594.1
AlNi3,691.9,7.71,320.1,50.0,345.9
AlNi3,691.9,7.71,320.1,60.0,415.1
AlNi3,691.9,7.71,320.1,70.0,484.3
AlNi3,691.9,7.71,320.1,80.0,553.5
AlNi3,691.9,7.71,320.1,90.0,622.7
AlNi3,691.9,7.71,320.1,100.0,741.9
AlNi6Ge,651.6,8.54,289.3,50.0,325.8
AlNi6Ge,651.6,8.54,289.3,60.0,391.0
AlNi6Ge,651.6,8.54,289.3,70.0,456.1
AlNi6Ge,651.6,8.54,289.3,80.0,521.3
AlNi6Ge,651.6,8.54,289.3,90.0,586.4
AlNi6Ge,651.6,8.54,289.3,100.0,701.6
AlNiAg2F7,1621.5,5.06,484.8,50.0,810.7
AlNiAg2F7,1621.5,5.06,484.8,60.0,972.9
AlNiAg2F7,1621.5,5.06,484.8,70.0,1135.0
AlNiAg2F7,1621.5,5.06,484.8,80.0,1297.2
AlNiAg2F7,1621.5,5.06,484.8,90.0,1459.3
AlNiAg2F7,1621.5,5.06,484.8,100.0,1671.5
AlP,831.8,2.35,1021.2,50.0,415.9
AlP,831.8,2.35,1021.2,60.0,499.1
AlP,831.8,2.35,1021.2,70.0,582.2
AlP,831.8,2.35,1021.2,80.0,665.4
AlP,831.8,2.35,1021.2,90.0,748.6
AlP,831.8,2.35,1021.2,100.0,881.8
AlP2H12N3O8,1206.6,1.74,1357.4,50.0,603.3
AlP2H12N3O8,1206.6,1.74,1357.4,60.0,723.9
AlP2H12N3O8,1206.6,1.74,1357.4,70.0,844.6
AlP2H12N3O8,1206.6,1.74,1357.4,80.0,965.2
AlP2H12N3O8,1206.6,1.74,1357.4,90.0,1085.9
AlP2H12N3O8,1206.6,1.74,1357.4,100.0,1256.6
AlP2I9,760.0,3.5,694.0,50.0,380.0
AlP2I9,760.0,3.5,694.0,60.0,456.0
AlP2I9,760.0,3.5,694.0,70.0,532.0
AlP2I9,760.0,3.5,694.0,80.0,608.0
AlP2I9,760.0,3.5,694.0,90.0,684.0
AlP2I9,760.0,3.5,694.0,100.0,810.0
AlP3(NCl3)3,1047.9,1.95,1217.2,50.0,523.9
AlP3(NCl3)3,1047.9,1.95,1217.2,60.0,628.7
AlP3(NCl3)3,1047.9,1.95,1217.2,70.0,733.5
AlP3(NCl3)3,1047.9,1.95,1217.2,80.0,838.3
AlP3(NCl3)3,1047.9,1.95,1217.2,90.0,943.1
AlP3(NCl3)3,1047.9,1.95,1217.2,100.0,1097.9
AlPH8(CCl2)2,855.2,1.39,1682.0,50.0,427.6
AlPH8(CCl2)2,855.2,1.39,1682.0,60.0,513.1
AlPH8(CCl2)2,855.2,1.39,1682.0,70.0,598.6
AlPH8(CCl2)2,855.2,1.39,1682.0,80.0,684.1
AlPH8(CCl2)2,855.2,1.39,1682.0,90.0,769.7
AlPH8(CCl2)2,855.2,1.39,1682.0,100.0,905.2
AlPH9(CCl)3,793.5,1.28,1810.4,50.0,396.7
AlPH9(CCl)3,793.5,1.28,1810.4,60.0,476.1
AlPH9(CCl)3,793.5,1.28,1810.4,70.0,555.4
AlPH9(CCl)3,793.5,1.28,1810.4,80.0,634.8
AlPH9(CCl)3,793.5,1.28,1810.4,90.0,714.1
AlPH9(CCl)3,793.5,1.28,1810.4,100.0,843.5
AlPI8,789.7,3.69,659.7,50.0,394.9
AlPI8,789.7,3.69,659.7,60.0,473.8
AlPI8,789.7,3.69,659.7,70.0,552.8
AlPI8,789.7,3.69,659.7,80.0,631.8
AlPI8,789.7,3.69,659.7,90.0,710.7
AlPI8,789.7,3.69,659.7,100.0,839.7
AlPO4,1907.2,2.62,918.6,50.0,953.6
AlPO4,1907.2,2.62,918.6,60.0,1144.3
AlPO4,1907.2,2.62,918.6,70.0,1335.1
AlPO4,1907.2,2.62,918.6,80.0,1525.8
AlPO4,1907.2,2.62,918.6,90.0,1716.5
AlPO4,1907.2,2.62,918.6,100.0,1957.2
AlPPd4,797.9,9.32,265.4,50.0,398.9
AlPPd4,797.9,9.32,265.4,60.0,478.7
AlPPd4,797.9,9.32,265.4,70.0,558.5
AlPPd4,797.9,9.32,265.4,80.0,638.3
AlPPd4,797.9,9.32,265.4,90.0,718.1
AlPPd4,797.9,9.32,265.4,100.0,847.9
AlPPt5,800.6,16.37,151.8,50.0,400.3
AlPPt5,800.6,16.37,151.8,60.0,480.3
AlPPt5,800.6,16.37,151.8,70.0,560.4
AlPPt5,800.6,16.37,151.8,80.0,640.5
AlPPt5,800.6,16.37,151.8,90.0,720.5
AlPPt5,800.6,16.37,151.8,100.0,850.6
AlPS4,812.4,2.04,1168.8,50.0,406.2
AlPS4,812.4,2.04,1168.8,60.0,487.4
AlPS4,812.4,2.04,1168.8,70.0,568.7
AlPS4,812.4,2.04,1168.8,80.0,649.9
AlPS4,812.4,2.04,1168.8,90.0,731.1
AlPS4,812.4,2.04,1168.8,100.0,862.4
AlPd,921.0,7.69,320.9,50.0,460.5
AlPd,921.0,7.69,320.9,60.0,552.6
AlPd,921.0,7.69,320.9,70.0,644.7
AlPd,921.0,7.69,320.9,80.0,736.8
AlPd,921.0,7.69,320.9,90.0,828.9
AlPd,921.0,7.69,320.9,100.0,971.0
AlPd2,873.2,9.24,267.7,50.0,436.6
AlPd2,873.2,9.24,267.7,60.0,523.9
AlPd2,873.2,9.24,267.7,70.0,611.2
AlPd2,873.2,9.24,267.7,80.0,698.5
AlPd2,873.2,9.24,267.7,90.0,785.8
AlPd2,873.2,9.24,267.7,100.0,923.2
AlPd5,707.9,10.55,234.8,50.0,354.0
AlPd5,707.9,10.55,234.8,60.0,424.8
AlPd5,707.9,10.55,234.8,70.0,495.5
AlPd5,707.9,10.55,234.8,80.0,566.3
AlPd5,707.9,10.55,234.8,90.0,637.1
AlPd5,707.9,10.55,234.8,100.0,757.9
AlPd5I2,735.9,8.01,308.3,50.0,367.9
AlPd5I2,735.9,8.01,308.3,60.0,441.5
AlPd5I2,735.9,8.01,308.3,70.0,515.1
AlPd5I2,735.9,8.01,308.3,80.0,588.7
AlPd5I2,735.9,8.01,308.3,90.0,662.3
AlPd5I2,735.9,8.01,308.3,100.0,785.9
AlPt,1009.0,12.7,195.3,50.0,504.5
AlPt,1009.0,12.7,195.3,60.0,605.4
AlPt,1009.0,12.7,195.3,70.0,706.3
AlPt,1009.0,12.7,195.3,80.0,807.2
AlPt,1009.0,12.7,195.3,90.0,908.1
AlPt,1009.0,12.7,195.3,100.0,1059.0
AlPt2,915.7,15.78,157.4,50.0,457.9
AlPt2,915.7,15.78,157.4,60.0,549.4
AlPt2,915.7,15.78,157.4,70.0,641.0
AlPt2,915.7,15.78,157.4,80.0,732.6
AlPt2,915.7,15.78,157.4,90.0,824.2
AlPt2,915.7,15.78,157.4,100.0,965.7
AlPt3,838.9,17.22,144.3,50.0,419.5
AlPt3,838.9,17.22,144.3,60.0,503.3
AlPt3,838.9,17.22,144.3,70.0,587.2
AlPt3,838.9,17.22,144.3,80.0,671.1
AlPt3,838.9,17.22,144.3,90.0,755.0
AlPt3,838.9,17.22,144.3,100.0,888.9
AlRe,672.0,12.52,198.0,50.0,336.0
AlRe,672.0,12.52,198.0,60.0,403.2
AlRe,672.0,12.52,198.0,70.0,470.4
AlRe,672.0,12.52,198.0,80.0,537.6
AlRe,672.0,12.52,198.0,90.0,604.8
AlRe,672.0,12.52,198.0,100.0,722.0
AlRe2,645.4,15.51,160.2,50.0,322.7
AlRe2,645.4,15.51,160.2,60.0,387.2
AlRe2,645.4,15.51,160.2,70.0,451.8
AlRe2,645.4,15.51,160.2,80.0,516.3
AlRe2,645.4,15.51,160.2,90.0,580.8
AlRe2,645.4,15.51,160.2,100.0,695.4
AlReGe,629.9,11.12,222.8,50.0,315.0
AlReGe,629.9,11.12,222.8,60.0,378.0
AlReGe,629.9,11.12,222.8,70.0,441.0
AlReGe,629.9,11.12,222.8,80.0,504.0
AlReGe,629.9,11.12,222.8,90.0,567.0
AlReGe,629.9,11.12,222.8,100.0,679.9
AlReSi,705.8,9.91,249.7,50.0,352.9
AlReSi,705.8,9.91,249.7,60.0,423.5
AlReSi,705.8,9.91,249.7,70.0,494.1
AlReSi,705.8,9.91,249.7,80.0,564.6
AlReSi,705.8,9.91,249.7,90.0,635.2
AlReSi,705.8,9.91,249.7,100.0,755.8
AlRh,1029.9,8.17,302.2,50.0,514.9
AlRh,1029.9,8.17,302.2,60.0,617.9
AlRh,1029.9,8.17,302.2,70.0,720.9
AlRh,1029.9,8.17,302.2,80.0,823.9
AlRh,1029.9,8.17,302.2,90.0,926.9
AlRh,1029.9,8.17,302.2,100.0,1079.9
AlRu,827.8,8.01,308.1,50.0,413.9
AlRu,827.8,8.01,308.1,60.0,496.7
AlRu,827.8,8.01,308.1,70.0,579.4
AlRu,827.8,8.01,308.1,80.0,662.2
AlRu,827.8,8.01,308.1,90.0,745.0
AlRu,827.8,8.01,308.1,100.0,877.8
AlSCl3O2,1324.3,1.8,1312.8,50.0,662.2
AlSCl3O2,1324.3,1.8,1312.8,60.0,794.6
AlSCl3O2,1324.3,1.8,1312.8,70.0,927.0
AlSCl3O2,1324.3,1.8,1312.8,80.0,1059.5
AlSCl3O2,1324.3,1.8,1312.8,90.0,1191.9
AlSCl3O2,1324.3,1.8,1312.8,100.0,1374.3
AlSCl7,906.1,1.95,1221.4,50.0,453.0
AlSCl7,906.1,1.95,1221.4,60.0,543.6
AlSCl7,906.1,1.95,1221.4,70.0,634.2
AlSCl7,906.1,1.95,1221.4,80.0,724.8
AlSCl7,906.1,1.95,1221.4,90.0,815.5
AlSCl7,906.1,1.95,1221.4,100.0,956.1
AlSb,613.8,4.18,584.7,50.0,306.9
AlSb,613.8,4.18,584.7,60.0,368.3
AlSb,613.8,4.18,584.7,70.0,429.7
AlSb,613.8,4.18,584.7,80.0,491.1
AlSb,613.8,4.18,584.7,90.0,552.5
AlSb,613.8,4.18,584.7,100.0,663.8
AlSb2(SeCl2)2,1085.6,3.3,735.1,50.0,542.8
AlSb2(SeCl2)2,1085.6,3.3,735.1,60.0,651.4
AlSb2(SeCl2)2,1085.6,3.3,735.1,70.0,759.9
AlSb2(SeCl2)2,1085.6,3.3,735.1,80.0,868.5
AlSb2(SeCl2)2,1085.6,3.3,735.1,90.0,977.0
AlSb2(SeCl2)2,1085.6,3.3,735.1,100.0,1135.6
AlSb2(TeCl2)2,1053.5,3.62,672.2,50.0,526.8
AlSb2(TeCl2)2,1053.5,3.62,672.2,60.0,632.1
AlSb2(TeCl2)2,1053.5,3.62,672.2,70.0,737.5
AlSb2(TeCl2)2,1053.5,3.62,672.2,80.0,842.8
AlSb2(TeCl2)2,1053.5,3.62,672.2,90.0,948.2
AlSb2(TeCl2)2,1053.5,3.62,672.2,100.0,1103.5
AlSb2Te2BrCl4,1056.6,4.01,608.7,50.0,528.3
AlSb2Te2BrCl4,1056.6,4.01,608.7,60.0,634.0
AlSb2Te2BrCl4,1056.6,4.01,608.7,70.0,739.6
AlSb2Te2BrCl4,1056.6,4.01,608.7,80.0,845.3
AlSb2Te2BrCl4,1056.6,4.01,608.7,90.0,950.9
AlSb2Te2BrCl4,1056.6,4.01,608.7,100.0,1106.6
AlSbO4,1644.5,5.79,424.5,50.0,822.3
AlSbO4,1644.5,5.79,424.5,60.0,986.7
AlSbO4,1644.5,5.79,424.5,70.0,1151.2
AlSbO4,1644.5,5.79,424.5,80.0,1315.6
AlSbO4,1644.5,5.79,424.5,90.0,1480.1
AlSbO4,1644.5,5.79,424.5,100.0,1694.5
AlSeCl7,933.5,2.29,1043.9,50.0,466.8
AlSeCl7,933.5,2.29,1043.9,60.0,560.1
AlSeCl7,933.5,2.29,1043.9,70.0,653.5
AlSeCl7,933.5,2.29,1043.9,80.0,746.8
AlSeCl7,933.5,2.29,1043.9,90.0,840.2
AlSeCl7,933.5,2.29,1043.9,100.0,983.5
AlSi3W2,619.2,9.59,258.1,50.0,309.6
AlSi3W2,619.2,9.59,258.1,60.0,371.5
AlSi3W2,619.2,9.59,258.1,70.0,433.4
AlSi3W2,619.2,9.59,258.1,80.0,495.3
AlSi3W2,619.2,9.59,258.1,90.0,557.3
AlSi3W2,619.2,9.59,258.1,100.0,669.2
AlSiH9C3Cl2O,863.7,1.23,1882.6,50.0,431.8
AlSiH9C3Cl2O,863.7,1.23,1882.6,60.0,518.2
AlSiH9C3Cl2O,863.7,1.23,1882.6,70.0,604.6
AlSiH9C3Cl2O,863.7,1.23,1882.6,80.0,690.9
AlSiH9C3Cl2O,863.7,1.23,1882.6,90.0,777.3
AlSiH9C3Cl2O,863.7,1.23,1882.6,100.0,913.7
AlSiMo6,633.0,8.78,281.4,50.0,316.5
AlSiMo6,633.0,8.78,281.4,60.0,379.8
AlSiMo6,633.0,8.78,281.4,70.0,443.1
AlSiMo6,633.0,8.78,281.4,80.0,506.4
AlSiMo6,633.0,8.78,281.4,90.0,569.7
AlSiMo6,633.0,8.78,281.4,100.0,683.0
AlSiRu2,840.0,8.43,293.0,50.0,420.0
AlSiRu2,840.0,8.43,293.0,60.0,504.0
AlSiRu2,840.0,8.43,293.0,70.0,588.0
AlSiRu2,840.0,8.43,293.0,80.0,672.0
AlSiRu2,840.0,8.43,293.0,90.0,756.0
AlSiRu2,840.0,8.43,293.0,100.0,890.0
AlSiTe3,649.6,4.77,513.4,50.0,324.8
AlSiTe3,649.6,4.77,513.4,60.0,389.7
AlSiTe3,649.6,4.77,513.4,70.0,454.7
AlSiTe3,649.6,4.77,513.4,80.0,519.7
AlSiTe3,649.6,4.77,513.4,90.0,584.6
AlSiTe3,649.6,4.77,513.4,100.0,699.6
AlTc2,710.4,8.86,279.0,50.0,355.2
AlTc2,710.4,8.86,279.0,60.0,426.3
AlTc2,710.4,8.86,279.0,70.0,497.3
AlTc2,710.4,8.86,279.0,80.0,568.3
AlTc2,710.4,8.86,279.0,90.0,639.4
AlTc2,710.4,8.86,279.0,100.0,760.4
AlTeCl7,1005.8,2.37,1012.4,50.0,502.9
AlTeCl7,1005.8,2.37,1012.4,60.0,603.5
AlTeCl7,1005.8,2.37,1012.4,70.0,704.1
AlTeCl7,1005.8,2.37,1012.4,80.0,804.6
AlTeCl7,1005.8,2.37,1012.4,90.0,905.2
AlTeCl7,1005.8,2.37,1012.4,100.0,1055.8
AlTeI7,806.2,3.96,615.7,50.0,403.1
AlTeI7,806.2,3.96,615.7,60.0,483.7
AlTeI7,806.2,3.96,615.7,70.0,564.4
AlTeI7,806.2,3.96,615.7,80.0,645.0
AlTeI7,806.2,3.96,615.7,90.0,725.6
AlTeI7,806.2,3.96,615.7,100.0,856.2
AlTl(MoO4)2,1491.4,4.34,563.0,50.0,745.7
AlTl(MoO4)2,1491.4,4.34,563.0,60.0,894.9
AlTl(MoO4)2,1491.4,4.34,563.0,70.0,1044.0
AlTl(MoO4)2,1491.4,4.34,563.0,80.0,1193.2
AlTl(MoO4)2,1491.4,4.34,563.0,90.0,1342.3
AlTl(MoO4)2,1491.4,4.34,563.0,100.0,1541.4
AlTl2F5,1809.6,6.12,402.2,50.0,904.8
AlTl2F5,1809.6,6.12,402.2,60.0,1085.8
AlTl2F5,1809.6,6.12,402.2,70.0,1266.7
AlTl2F5,1809.6,6.12,402.2,80.0,1447.7
AlTl2F5,1809.6,6.12,402.2,90.0,1628.7
AlTl2F5,1809.6,6.12,402.2,100.0,1859.6
AlTlBr4,1159.2,4.3,568.8,50.0,579.6
AlTlBr4,1159.2,4.3,568.8,60.0,695.5
AlTlBr4,1159.2,4.3,568.8,70.0,811.5
AlTlBr4,1159.2,4.3,568.8,80.0,927.4
AlTlBr4,1159.2,4.3,568.8,90.0,1043.3
AlTlBr4,1159.2,4.3,568.8,100.0,1209.2
AlTlCl4,1326.4,3.51,693.4,50.0,663.2
AlTlCl4,1326.4,3.51,693.4,60.0,795.8
AlTlCl4,1326.4,3.51,693.4,70.0,928.5
AlTlCl4,1326.4,3.51,693.4,80.0,1061.1
AlTlCl4,1326.4,3.51,693.4,90.0,1193.8
AlTlCl4,1326.4,3.51,693.4,100.0,1376.4
AlTlF4,1964.3,6.29,391.3,50.0,982.2
AlTlF4,1964.3,6.29,391.3,60.0,1178.6
AlTlF4,1964.3,6.29,391.3,70.0,1375.0
AlTlF4,1964.3,6.29,391.3,80.0,1571.5
AlTlF4,1964.3,6.29,391.3,90.0,1767.9
AlTlF4,1964.3,6.29,391.3,100.0,2014.3
AlTlI4,937.0,4.6,532.2,50.0,468.5
AlTlI4,937.0,4.6,532.2,60.0,562.2
AlTlI4,937.0,4.6,532.2,70.0,655.9
AlTlI4,937.0,4.6,532.2,80.0,749.6
AlTlI4,937.0,4.6,532.2,90.0,843.3
AlTlI4,937.0,4.6,532.2,100.0,987.0
AlTlS2,1012.2,4.9,499.6,50.0,506.1
AlTlS2,1012.2,4.9,499.6,60.0,607.3
AlTlS2,1012.2,4.9,499.6,70.0,708.6
AlTlS2,1012.2,4.9,499.6,80.0,809.8
AlTlS2,1012.2,4.9,499.6,90.0,911.0
AlTlS2,1012.2,4.9,499.6,100.0,1062.2
AlTlSe2,905.2,5.69,431.5,50.0,452.6
AlTlSe2,905.2,5.69,431.5,60.0,543.1
AlTlSe2,905.2,5.69,431.5,70.0,633.6
AlTlSe2,905.2,5.69,431.5,80.0,724.1
AlTlSe2,905.2,5.69,431.5,90.0,814.7
AlTlSe2,905.2,5.69,431.5,100.0,955.2
AlTlSi3O8,1887.0,3.8,641.6,50.0,943.5
AlTlSi3O8,1887.0,3.8,641.6,60.0,1132.2
AlTlSi3O8,1887.0,3.8,641.6,70.0,1320.9
AlTlSi3O8,1887.0,3.8,641.6,80.0,1509.6
AlTlSi3O8,1887.0,3.8,641.6,90.0,1698.3
AlTlSi3O8,1887.0,3.8,641.6,100.0,1937.0
AlTlSiO4,1805.4,4.32,565.9,50.0,902.7
AlTlSiO4,1805.4,4.32,565.9,60.0,1083.2
AlTlSiO4,1805.4,4.32,565.9,70.0,1263.7
AlTlSiO4,1805.4,4.32,565.9,80.0,1444.3
AlTlSiO4,1805.4,4.32,565.9,90.0,1624.8
AlTlSiO4,1805.4,4.32,565.9,100.0,1855.4
AlV,628.9,4.61,530.4,50.0,314.4
AlV,628.9,4.61,530.4,60.0,377.3
AlV,628.9,4.61,530.4,70.0,440.2
AlV,628.9,4.61,530.4,80.0,503.1
AlV,628.9,4.61,530.4,90.0,566.0
AlV,628.9,4.61,530.4,100.0,678.9
AlV2C,758.3,4.94,495.6,50.0,379.2
AlV2C,758.3,4.94,495.6,60.0,455.0
AlV2C,758.3,4.94,495.6,70.0,530.8
AlV2C,758.3,4.94,495.6,80.0,606.7
AlV2C,758.3,4.94,495.6,90.0,682.5
AlV2C,758.3,4.94,495.6,100.0,808.3
AlV2O4,1744.2,4.34,563.3,50.0,872.1
AlV2O4,1744.2,4.34,563.3,60.0,1046.5
AlV2O4,1744.2,4.34,563.3,70.0,1221.0
AlV2O4,1744.2,4.34,563.3,80.0,1395.4
AlV2O4,1744.2,4.34,563.3,90.0,1569.8
AlV2O4,1744.2,4.34,563.3,100.0,1794.2
AlV2O4,1775.8,4.56,536.7,50.0,887.9
AlV2O4,1775.8,4.56,536.7,60.0,1065.5
AlV2O4,1775.8,4.56,536.7,70.0,1243.1
AlV2O4,1775.8,4.56,536.7,80.0,1420.7
AlV2O4,1775.8,4.56,536.7,90.0,1598.2
AlV2O4,1775.8,4.56,536.7,100.0,1825.8
AlV3,576.1,5.43,451.7,50.0,288.0
AlV3,576.1,5.43,451.7,60.0,345.6
AlV3,576.1,5.43,451.7,70.0,403.2
AlV3,576.1,5.43,451.7,80.0,460.9
AlV3,576.1,5.43,451.7,90.0,518.5
AlV3,576.1,5.43,451.7,100.0,626.1
AlV6Ga,590.2,6.14,400.9,50.0,295.1
AlV6Ga,590.2,6.14,400.9,60.0,354.1
AlV6Ga,590.2,6.14,400.9,70.0,413.1
AlV6Ga,590.2,6.14,400.9,80.0,472.1
AlV6Ga,590.2,6.14,400.9,90.0,531.1
AlV6Ga,590.2,6.14,400.9,100.0,640.2
AlV6Ge,606.1,6.23,395.0,50.0,303.1
AlV6Ge,606.1,6.23,395.0,60.0,363.7
AlV6Ge,606.1,6.23,395.0,70.0,424.3
AlV6Ge,606.1,6.23,395.0,80.0,484.9
AlV6Ge,606.1,6.23,395.0,90.0,545.5
AlV6Ge,606.1,6.23,395.0,100.0,656.1
AlV9Au2,560.1,8.59,287.8,50.0,280.0
AlV9Au2,560.1,8.59,287.8,60.0,336.0
AlV9Au2,560.1,8.59,287.8,70.0,392.0
AlV9Au2,560.1,8.59,287.8,80.0,448.1
AlV9Au2,560.1,8.59,287.8,90.0,504.1
AlV9Au2,560.1,8.59,287.8,100.0,610.1
AlVCo2,701.6,6.95,354.7,50.0,350.8
AlVCo2,701.6,6.95,354.7,60.0,420.9
AlVCo2,701.6,6.95,354.7,70.0,491.1
AlVCo2,701.6,6.95,354.7,80.0,561.3
AlVCo2,701.6,6.95,354.7,90.0,631.4
AlVCo2,701.6,6.95,354.7,100.0,751.6
AlVFe2,692.9,6.96,354.3,50.0,346.5
AlVFe2,692.9,6.96,354.3,60.0,415.8
AlVFe2,692.9,6.96,354.3,70.0,485.1
AlVFe2,692.9,6.96,354.3,80.0,554.4
AlVFe2,692.9,6.96,354.3,90.0,623.6
AlVFe2,692.9,6.96,354.3,100.0,742.9
AlVMoO7,1607.0,3.24,749.5,50.0,803.5
AlVMoO7,1607.0,3.24,749.5,60.0,964.2
AlVMoO7,1607.0,3.24,749.5,70.0,1124.9
AlVMoO7,1607.0,3.24,749.5,80.0,1285.6
AlVMoO7,1607.0,3.24,749.5,90.0,1446.3
AlVMoO7,1607.0,3.24,749.5,100.0,1657.0
AlVO4,1758.6,3.32,730.4,50.0,879.3
AlVO4,1758.6,3.32,730.4,60.0,1055.1
AlVO4,1758.6,3.32,730.4,70.0,1231.0
AlVO4,1758.6,3.32,730.4,80.0,1406.9
AlVO4,1758.6,3.32,730.4,90.0,1582.7
AlVO4,1758.6,3.32,730.4,100.0,1808.6
AlVOs2,771.7,14.07,176.4,50.0,385.8
AlVOs2,771.7,14.07,176.4,60.0,463.0
AlVOs2,771.7,14.07,176.4,70.0,540.2
AlVOs2,771.7,14.07,176.4,80.0,617.4
AlVOs2,771.7,14.07,176.4,90.0,694.5
AlVOs2,771.7,14.07,176.4,100.0,821.7
AlVRu2,828.8,8.75,282.5,50.0,414.4
AlVRu2,828.8,8.75,282.5,60.0,497.3
AlVRu2,828.8,8.75,282.5,70.0,580.2
AlVRu2,828.8,8.75,282.5,80.0,663.1
AlVRu2,828.8,8.75,282.5,90.0,745.9
AlVRu2,828.8,8.75,282.5,100.0,878.8
AlWO4,1707.2,7.67,321.6,50.0,853.6
AlWO4,1707.2,7.67,321.6,60.0,1024.3
AlWO4,1707.2,7.67,321.6,70.0,1195.1
AlWO4,1707.2,7.67,321.6,80.0,1365.8
AlWO4,1707.2,7.67,321.6,90.0,1536.5
AlWO4,1707.2,7.67,321.6,100.0,1757.2
AlZnCrS4,1030.1,3.55,685.4,50.0,515.0
AlZnCrS4,1030.1,3.55,685.4,60.0,618.1
AlZnCrS4,1030.1,3.55,685.4,70.0,721.1
AlZnCrS4,1030.1,3.55,685.4,80.0,824.1
AlZnCrS4,1030.1,3.55,685.4,90.0,927.1
AlZnCrS4,1030.1,3.55,685.4,100.0,1080.1
AlZnIr2,812.2,14.68,169.2,50.0,406.1
AlZnIr2,812.2,14.68,169.2,60.0,487.3
AlZnIr2,812.2,14.68,169.2,70.0,568.5
AlZnIr2,812.2,14.68,169.2,80.0,649.8
AlZnIr2,812.2,14.68,169.2,90.0,731.0
AlZnIr2,812.2,14.68,169.2,100.0,862.2
AlZnRh2,885.9,9.35,264.6,50.0,442.9
AlZnRh2,885.9,9.35,264.6,60.0,531.5
AlZnRh2,885.9,9.35,264.6,70.0,620.1
AlZnRh2,885.9,9.35,264.6,80.0,708.7
AlZnRh2,885.9,9.35,264.6,90.0,797.3
AlZnRh2,885.9,9.35,264.6,100.0,935.9
Ar,545.0,1.72,1373.6,50.0,272.5
Ar,545.0,1.72,1373.6,60.0,327.0
Ar,545.0,1.72,1373.6,70.0,381.5
Ar,545.0,1.72,1373.6,80.0,436.0
Ar,545.0,1.72,1373.6,90.0,490.5
Ar,545.0,1.72,1373.6,100.0,595.0
As,545.0,5.05,485.5,50.0,272.5
As,545.0,5.05,485.5,60.0,327.0
As,545.0,5.05,485.5,70.0,381.5
As,545.0,5.05,485.5,80.0,436.0
As,545.0,5.05,485.5,90.0,490.5
As,545.0,5.05,485.5,100.0,595.0
As(BrF2)3,1250.8,3.59,677.5,50.0,625.4
As(BrF2)3,1250.8,3.59,677.5,60.0,750.5
As(BrF2)3,1250.8,3.59,677.5,70.0,875.6
As(BrF2)3,1250.8,3.59,677.5,80.0,1000.7
As(BrF2)3,1250.8,3.59,677.5,90.0,1125.7
As(BrF2)3,1250.8,3.59,677.5,100.0,1300.8
As(IF2)3,1277.1,4.03,604.6,50.0,638.6
As(IF2)3,1277.1,4.03,604.6,60.0,766.3
As(IF2)3,1277.1,4.03,604.6,70.0,894.0
As(IF2)3,1277.1,4.03,604.6,80.0,1021.7
As(IF2)3,1277.1,4.03,604.6,90.0,1149.4
As(IF2)3,1277.1,4.03,604.6,100.0,1327.1
As(IF3)2,1360.7,4.15,588.7,50.0,680.4
As(IF3)2,1360.7,4.15,588.7,60.0,816.4
As(IF3)2,1360.7,4.15,588.7,70.0,952.5
As(IF3)2,1360.7,4.15,588.7,80.0,1088.6
As(IF3)2,1360.7,4.15,588.7,90.0,1224.7
As(IF3)2,1360.7,4.15,588.7,100.0,1410.7
As(S2F3)2,1289.6,2.51,957.7,50.0,644.8
As(S2F3)2,1289.6,2.51,957.7,60.0,773.8
As(S2F3)2,1289.6,2.51,957.7,70.0,902.7
As(S2F3)2,1289.6,2.51,957.7,80.0,1031.7
As(S2F3)2,1289.6,2.51,957.7,90.0,1160.7
As(S2F3)2,1289.6,2.51,957.7,100.0,1339.6
As(S8I)3,722.8,2.43,986.3,50.0,361.4
As(S8I)3,722.8,2.43,986.3,60.0,433.7
As(S8I)3,722.8,2.43,986.3,70.0,505.9
As(S8I)3,722.8,2.43,986.3,80.0,578.2
As(S8I)3,722.8,2.43,986.3,90.0,650.5
As(S8I)3,722.8,2.43,986.3,100.0,772.8
As2(SO4)3,1250.9,3.04,795.4,50.0,625.5
As2(SO4)3,1250.9,3.04,795.4,60.0,750.5
As2(SO4)3,1250.9,3.04,795.4,70.0,875.6
As2(SO4)3,1250.9,3.04,795.4,80.0,1000.7
As2(SO4)3,1250.9,3.04,795.4,90.0,1125.8
As2(SO4)3,1250.9,3.04,795.4,100.0,1300.9
As2Cl3OF5,1351.2,2.65,907.8,50.0,675.6
As2Cl3OF5,1351.2,2.65,907.8,60.0,810.7
As2Cl3OF5,1351.2,2.65,907.8,70.0,945.8
As2Cl3OF5,1351.2,2.65,907.8,80.0,1080.9
As2Cl3OF5,1351.2,2.65,907.8,90.0,1216.1
As2Cl3OF5,1351.2,2.65,907.8,100.0,1401.2
As2HPbF13,1589.9,4.11,594.5,50.0,795.0
As2HPbF13,1589.9,4.11,594.5,60.0,954.0
As2HPbF13,1589.9,4.11,594.5,70.0,1113.0
As2HPbF13,1589.9,4.11,594.5,80.0,1271.9
As2HPbF13,1589.9,4.11,594.5,90.0,1430.9
As2HPbF13,1589.9,4.11,594.5,100.0,1639.9
As2Ir,757.0,10.71,231.3,50.0,378.5
As2Ir,757.0,10.71,231.3,60.0,454.2
As2Ir,757.0,10.71,231.3,70.0,529.9
As2Ir,757.0,10.71,231.3,80.0,605.6
As2Ir,757.0,10.71,231.3,90.0,681.3
As2Ir,757.0,10.71,231.3,100.0,807.0
As2O3,1231.9,4.12,592.8,50.0,615.9
As2O3,1231.9,4.12,592.8,60.0,739.1
As2O3,1231.9,4.12,592.8,70.0,862.3
As2O3,1231.9,4.12,592.8,80.0,985.5
As2O3,1231.9,4.12,592.8,90.0,1108.7
As2O3,1231.9,4.12,592.8,100.0,1281.9
As2O5,1200.9,4.44,550.6,50.0,600.4
As2O5,1200.9,4.44,550.6,60.0,720.5
As2O5,1200.9,4.44,550.6,70.0,840.6
As2O5,1200.9,4.44,550.6,80.0,960.7
As2O5,1200.9,4.44,550.6,90.0,1080.8
As2O5,1200.9,4.44,550.6,100.0,1250.9
As2Os,636.8,11.03,224.7,50.0,318.4
As2Os,636.8,11.03,224.7,60.0,382.1
As2Os,636.8,11.03,224.7,70.0,445.7
As2Os,636.8,11.03,224.7,80.0,509.4
As2Os,636.8,11.03,224.7,90.0,573.1
As2Os,636.8,11.03,224.7,100.0,686.8
As2P2S7,606.5,2.46,978.5,50.0,303.2
As2P2S7,606.5,2.46,978.5,60.0,363.9
As2P2S7,606.5,2.46,978.5,70.0,424.5
As2P2S7,606.5,2.46,978.5,80.0,485.2
As2P2S7,606.5,2.46,978.5,90.0,545.8
As2P2S7,606.5,2.46,978.5,100.0,656.5
As2Pb(XeF6)3,1351.8,4.08,598.3,50.0,675.9
As2Pb(XeF6)3,1351.8,4.08,598.3,60.0,811.1
As2Pb(XeF6)3,1351.8,4.08,598.3,70.0,946.3
As2Pb(XeF6)3,1351.8,4.08,598.3,80.0,1081.5
As2Pb(XeF6)3,1351.8,4.08,598.3,90.0,1216.6
As2Pb(XeF6)3,1351.8,4.08,598.3,100.0,1401.8
As2Pb14Cl4O17,1229.0,7.65,322.6,50.0,614.5
As2Pb14Cl4O17,1229.0,7.65,322.6,60.0,737.4
As2Pb14Cl4O17,1229.0,7.65,322.6,70.0,860.3
As2Pb14Cl4O17,1229.0,7.65,322.6,80.0,983.2
As2Pb14Cl4O17,1229.0,7.65,322.6,90.0,1106.1
As2Pb14Cl4O17,1229.0,7.65,322.6,100.0,1279.0
As2Pb2O5,1237.9,6.74,365.4,50.0,618.9
As2Pb2O5,1237.9,6.74,365.4,60.0,742.7
As2Pb2O5,1237.9,6.74,365.4,70.0,866.5
As2Pb2O5,1237.9,6.74,365.4,80.0,990.3
As2Pb2O5,1237.9,6.74,365.4,90.0,1114.1
As2Pb2O5,1237.9,6.74,365.4,100.0,1287.9
As2Pb3O8,1280.1,7.47,330.3,50.0,640.0
As2Pb3O8,1280.1,7.47,330.3,60.0,768.1
As2Pb3O8,1280.1,7.47,330.3,70.0,896.1
As2Pb3O8,1280.1,7.47,330.3,80.0,1024.1
As2Pb3O8,1280.1,7.47,330.3,90.0,1152.1
As2Pb3O8,1280.1,7.47,330.3,100.0,1330.1
As2Pb8O13,1235.6,8.05,306.6,50.0,617.8
As2Pb8O13,1235.6,8.05,306.6,60.0,741.4
As2Pb8O13,1235.6,8.05,306.6,70.0,864.9
As2Pb8O13,1235.6,8.05,306.6,80.0,988.5
As2Pb8O13,1235.6,8.05,306.6,90.0,1112.0
As2Pb8O13,1235.6,8.05,306.6,100.0,1285.6
As2PbO4,1240.8,5.82,422.6,50.0,620.4
As2PbO4,1240.8,5.82,422.6,60.0,744.5
As2PbO4,1240.8,5.82,422.6,70.0,868.5
As2PbO4,1240.8,5.82,422.6,80.0,992.6
As2PbO4,1240.8,5.82,422.6,90.0,1116.7
As2PbO4,1240.8,5.82,422.6,100.0,1290.8
As2PbO6,1279.9,6.57,374.6,50.0,640.0
As2PbO6,1279.9,6.57,374.6,60.0,768.0
As2PbO6,1279.9,6.57,374.6,70.0,896.0
As2PbO6,1279.9,6.57,374.6,80.0,1024.0
As2PbO6,1279.9,6.57,374.6,90.0,1151.9
As2PbO6,1279.9,6.57,374.6,100.0,1329.9
As2Pd,658.5,7.77,317.6,50.0,329.2
As2Pd,658.5,7.77,317.6,60.0,395.1
As2Pd,658.5,7.77,317.6,70.0,460.9
As2Pd,658.5,7.77,317.6,80.0,526.8
As2Pd,658.5,7.77,317.6,90.0,592.6
As2Pd,658.5,7.77,317.6,100.0,708.5
As2Pt,773.3,10.56,234.5,50.0,386.7
As2Pt,773.3,10.56,234.5,60.0,464.0
As2Pt,773.3,10.56,234.5,70.0,541.3
As2Pt,773.3,10.56,234.5,80.0,618.7
As2Pt,773.3,10.56,234.5,90.0,696.0
As2Pt,773.3,10.56,234.5,100.0,823.3
As2Rh,757.7,8.01,308.3,50.0,378.8
As2Rh,757.7,8.01,308.3,60.0,454.6
As2Rh,757.7,8.01,308.3,70.0,530.4
As2Rh,757.7,8.01,308.3,80.0,606.1
As2Rh,757.7,8.01,308.3,90.0,681.9
As2Rh,757.7,8.01,308.3,100.0,807.7
As2Ru,705.5,8.23,300.1,50.0,352.8
As2Ru,705.5,8.23,300.1,60.0,423.3
As2Ru,705.5,8.23,300.1,70.0,493.9
As2Ru,705.5,8.23,300.1,80.0,564.4
As2Ru,705.5,8.23,300.1,90.0,635.0
As2Ru,705.5,8.23,300.1,100.0,755.5
As2S2O9,1255.8,3.23,751.5,50.0,627.9
As2S2O9,1255.8,3.23,751.5,60.0,753.5
As2S2O9,1255.8,3.23,751.5,70.0,879.1
As2S2O9,1255.8,3.23,751.5,80.0,1004.6
As2S2O9,1255.8,3.23,751.5,90.0,1130.2
As2S2O9,1255.8,3.23,751.5,100.0,1305.8
As2S3,570.4,3.1,780.2,50.0,285.2
As2S3,570.4,3.1,780.2,60.0,342.3
As2S3,570.4,3.1,780.2,70.0,399.3
As2S3,570.4,3.1,780.2,80.0,456.3
As2S3,570.4,3.1,780.2,90.0,513.4
As2S3,570.4,3.1,780.2,100.0,620.4
As2SO6,1257.8,3.57,682.0,50.0,628.9
As2SO6,1257.8,3.57,682.0,60.0,754.7
As2SO6,1257.8,3.57,682.0,70.0,880.5
As2SO6,1257.8,3.57,682.0,80.0,1006.3
As2SO6,1257.8,3.57,682.0,90.0,1132.1
As2SO6,1257.8,3.57,682.0,100.0,1307.8
As2Se3,562.8,4.57,535.0,50.0,281.4
As2Se3,562.8,4.57,535.0,60.0,337.7
As2Se3,562.8,4.57,535.0,70.0,393.9
As2Se3,562.8,4.57,535.0,80.0,450.2
As2Se3,562.8,4.57,535.0,90.0,506.5
As2Se3,562.8,4.57,535.0,100.0,612.8
As3(HO2)5,1155.3,3.49,695.9,50.0,577.7
As3(HO2)5,1155.3,3.49,695.9,60.0,693.2
As3(HO2)5,1155.3,3.49,695.9,70.0,808.7
As3(HO2)5,1155.3,3.49,695.9,80.0,924.3
As3(HO2)5,1155.3,3.49,695.9,90.0,1039.8
As3(HO2)5,1155.3,3.49,695.9,100.0,1205.3
As3HO6,1209.2,3.73,652.7,50.0,604.6
As3HO6,1209.2,3.73,652.7,60.0,725.5
As3HO6,1209.2,3.73,652.7,70.0,846.4
As3HO6,1209.2,3.73,652.7,80.0,967.4
As3HO6,1209.2,3.73,652.7,90.0,1088.3
As3HO6,1209.2,3.73,652.7,100.0,1259.2
As3Ir,728.7,8.96,275.9,50.0,364.4
As3Ir,728.7,8.96,275.9,60.0,437.2
As3Ir,728.7,8.96,275.9,70.0,510.1
As3Ir,728.7,8.96,275.9,80.0,583.0
As3Ir,728.7,8.96,275.9,90.0,655.8
As3Ir,728.7,8.96,275.9,100.0,778.7
As3Pb2BrO6,1227.5,5.73,428.8,50.0,613.8
As3Pb2BrO6,1227.5,5.73,428.8,60.0,736.5
As3Pb2BrO6,1227.5,5.73,428.8,70.0,859.3
As3Pb2BrO6,1227.5,5.73,428.8,80.0,982.0
As3Pb2BrO6,1227.5,5.73,428.8,90.0,1104.8
As3Pb2BrO6,1227.5,5.73,428.8,100.0,1277.5
As3Pb2ClO6,1241.3,5.59,439.3,50.0,620.7
As3Pb2ClO6,1241.3,5.59,439.3,60.0,744.8
As3Pb2ClO6,1241.3,5.59,439.3,70.0,868.9
As3Pb2ClO6,1241.3,5.59,439.3,80.0,993.1
As3Pb2ClO6,1241.3,5.59,439.3,90.0,1117.2
As3Pb2ClO6,1241.3,5.59,439.3,100.0,1291.3
As3Pb5BrO12,1276.9,7.02,351.2,50.0,638.5
As3Pb5BrO12,1276.9,7.02,351.2,60.0,766.2
As3Pb5BrO12,1276.9,7.02,351.2,70.0,893.9
As3Pb5BrO12,1276.9,7.02,351.2,80.0,1021.6
As3Pb5BrO12,1276.9,7.02,351.2,90.0,1149.2
As3Pb5BrO12,1276.9,7.02,351.2,100.0,1326.9
As3Pb5ClO12,1289.4,6.86,359.1,50.0,644.7
As3Pb5ClO12,1289.4,6.86,359.1,60.0,773.6
As3Pb5ClO12,1289.4,6.86,359.1,70.0,902.6
As3Pb5ClO12,1289.4,6.86,359.1,80.0,1031.5
As3Pb5ClO12,1289.4,6.86,359.1,90.0,1160.4
As3Pb5ClO12,1289.4,6.86,359.1,100.0,1339.4
As3Pb5ClO9,1233.1,6.92,356.0,50.0,616.5
As3Pb5ClO9,1233.1,6.92,356.0,60.0,739.8
As3Pb5ClO9,1233.1,6.92,356.0,70.0,863.1
As3Pb5ClO9,1233.1,6.92,356.0,80.0,986.4
As3Pb5ClO9,1233.1,6.92,356.0,90.0,1109.7
As3Pb5ClO9,1233.1,6.92,356.0,100.0,1283.1
As3Pb5O12F,1320.9,6.99,352.7,50.0,660.5
As3Pb5O12F,1320.9,6.99,352.7,60.0,792.5
As3Pb5O12F,1320.9,6.99,352.7,70.0,924.6
As3Pb5O12F,1320.9,6.99,352.7,80.0,1056.7
As3Pb5O12F,1320.9,6.99,352.7,90.0,1188.8
As3Pb5O12F,1320.9,6.99,352.7,100.0,1370.9
As3Rh,724.4,7.09,347.9,50.0,362.2
As3Rh,724.4,7.09,347.9,60.0,434.7
As3Rh,724.4,7.09,347.9,70.0,507.1
As3Rh,724.4,7.09,347.9,80.0,579.5
As3Rh,724.4,7.09,347.9,90.0,652.0
As3Rh,724.4,7.09,347.9,100.0,774.4
As3W2,541.7,11.24,220.5,50.0,270.9
As3W2,541.7,11.24,220.5,60.0,325.0
As3W2,541.7,11.24,220.5,70.0,379.2
As3W2,541.7,11.24,220.5,80.0,433.4
As3W2,541.7,11.24,220.5,90.0,487.6
As3W2,541.7,11.24,220.5,100.0,591.7
As4PRh10,735.7,9.64,256.6,50.0,367.8
As4PRh10,735.7,9.64,256.6,60.0,441.4
As4PRh10,735.7,9.64,256.6,70.0,515.0
As4PRh10,735.7,9.64,256.6,80.0,588.6
As4PRh10,735.7,9.64,256.6,90.0,662.1
As4PRh10,735.7,9.64,256.6,100.0,785.7
AsAuO4,1024.2,6.07,405.3,50.0,512.1
AsAuO4,1024.2,6.07,405.3,60.0,614.5
AsAuO4,1024.2,6.07,405.3,70.0,717.0
AsAuO4,1024.2,6.07,405.3,80.0,819.4
AsAuO4,1024.2,6.07,405.3,90.0,921.8
AsAuO4,1024.2,6.07,405.3,100.0,1074.2
AsBr3,887.1,3.73,653.3,50.0,443.6
AsBr3,887.1,3.73,653.3,60.0,532.3
AsBr3,887.1,3.73,653.3,70.0,621.0
AsBr3,887.1,3.73,653.3,80.0,709.7
AsBr3,887.1,3.73,653.3,90.0,798.4
AsBr3,887.1,3.73,653.3,100.0,937.1
AsBrOF8,1323.9,3.07,789.4,50.0,662.0
AsBrOF8,1323.9,3.07,789.4,60.0,794.4
AsBrOF8,1323.9,3.07,789.4,70.0,926.8
AsBrOF8,1323.9,3.07,789.4,80.0,1059.2
AsBrOF8,1323.9,3.07,789.4,90.0,1191.6
AsBrOF8,1323.9,3.07,789.4,100.0,1373.9
AsCl2F3,1211.0,2.9,833.9,50.0,605.5
AsCl2F3,1211.0,2.9,833.9,60.0,726.6
AsCl2F3,1211.0,2.9,833.9,70.0,847.7
AsCl2F3,1211.0,2.9,833.9,80.0,968.8
AsCl2F3,1211.0,2.9,833.9,90.0,1089.9
AsCl2F3,1211.0,2.9,833.9,100.0,1261.0
AsCl3,840.1,2.49,965.2,50.0,420.0
AsCl3,840.1,2.49,965.2,60.0,504.0
AsCl3,840.1,2.49,965.2,70.0,588.0
AsCl3,840.1,2.49,965.2,80.0,672.0
AsCl3,840.1,2.49,965.2,90.0,756.1
AsCl3,840.1,2.49,965.2,100.0,890.1
AsCl3O,1020.2,2.61,923.6,50.0,510.1
AsCl3O,1020.2,2.61,923.6,60.0,612.1
AsCl3O,1020.2,2.61,923.6,70.0,714.2
AsCl3O,1020.2,2.61,923.6,80.0,816.2
AsCl3O,1020.2,2.61,923.6,90.0,918.2
AsCl3O,1020.2,2.61,923.6,100.0,1070.2
AsClF8,1218.5,3.02,802.6,50.0,609.3
AsClF8,1218.5,3.02,802.6,60.0,731.1
AsClF8,1218.5,3.02,802.6,70.0,853.0
AsClF8,1218.5,3.02,802.6,80.0,974.8
AsClF8,1218.5,3.02,802.6,90.0,1096.7
AsClF8,1218.5,3.02,802.6,100.0,1268.5
AsClOF8,1297.3,2.76,875.0,50.0,648.7
AsClOF8,1297.3,2.76,875.0,60.0,778.4
AsClOF8,1297.3,2.76,875.0,70.0,908.1
AsClOF8,1297.3,2.76,875.0,80.0,1037.9
AsClOF8,1297.3,2.76,875.0,90.0,1167.6
AsClOF8,1297.3,2.76,875.0,100.0,1347.3
AsF3,1503.2,3.57,680.3,50.0,751.6
AsF3,1503.2,3.57,680.3,60.0,901.9
AsF3,1503.2,3.57,680.3,70.0,1052.3
AsF3,1503.2,3.57,680.3,80.0,1202.6
AsF3,1503.2,3.57,680.3,90.0,1352.9
AsF3,1503.2,3.57,680.3,100.0,1553.2
AsF5,1468.6,3.3,734.3,50.0,734.3
AsF5,1468.6,3.3,734.3,60.0,881.2
AsF5,1468.6,3.3,734.3,70.0,1028.0
AsF5,1468.6,3.3,734.3,80.0,1174.9
AsF5,1468.6,3.3,734.3,90.0,1321.7
AsF5,1468.6,3.3,734.3,100.0,1518.6
AsH18N3O7,960.5,1.72,1374.7,50.0,480.3
AsH18N3O7,960.5,1.72,1374.7,60.0,576.3
AsH18N3O7,960.5,1.72,1374.7,70.0,672.4
AsH18N3O7,960.5,1.72,1374.7,80.0,768.4
AsH18N3O7,960.5,1.72,1374.7,90.0,864.5
AsH18N3O7,960.5,1.72,1374.7,100.0,1010.5
AsH3OF6,1424.5,3.06,791.0,50.0,712.3
AsH3OF6,1424.5,3.06,791.0,60.0,854.7
AsH3OF6,1424.5,3.06,791.0,70.0,997.2
AsH3OF6,1424.5,3.06,791.0,80.0,1139.6
AsH3OF6,1424.5,3.06,791.0,90.0,1282.1
AsH3OF6,1424.5,3.06,791.0,100.0,1474.5
AsHPb4(ClO)4,1211.4,6.08,404.3,50.0,605.7
AsHPb4(ClO)4,1211.4,6.08,404.3,60.0,726.8
AsHPb4(ClO)4,1211.4,6.08,404.3,70.0,847.9
AsHPb4(ClO)4,1211.4,6.08,404.3,80.0,969.1
AsHPb4(ClO)4,1211.4,6.08,404.3,90.0,1090.2
AsHPb4(ClO)4,1211.4,6.08,404.3,100.0,1261.4
AsHPbO4,1240.8,5.67,433.6,50.0,620.4
AsHPbO4,1240.8,5.67,433.6,60.0,744.5
AsHPbO4,1240.8,5.67,433.6,70.0,868.6
AsHPbO4,1240.8,5.67,433.6,80.0,992.7
AsHPbO4,1240.8,5.67,433.6,90.0,1116.7
AsHPbO4,1240.8,5.67,433.6,100.0,1290.8
AsI3,715.4,4.45,549.7,50.0,357.7
AsI3,715.4,4.45,549.7,60.0,429.2
AsI3,715.4,4.45,549.7,70.0,500.8
AsI3,715.4,4.45,549.7,80.0,572.3
AsI3,715.4,4.45,549.7,90.0,643.9
AsI3,715.4,4.45,549.7,100.0,765.4
AsI5F6,1150.9,4.27,572.4,50.0,575.5
AsI5F6,1150.9,4.27,572.4,60.0,690.5
AsI5F6,1150.9,4.27,572.4,70.0,805.6
AsI5F6,1150.9,4.27,572.4,80.0,920.7
AsI5F6,1150.9,4.27,572.4,90.0,1035.8
AsI5F6,1150.9,4.27,572.4,100.0,1200.9
AsIF12,1409.5,3.6,675.9,50.0,704.7
AsIF12,1409.5,3.6,675.9,60.0,845.7
AsIF12,1409.5,3.6,675.9,70.0,986.6
AsIF12,1409.5,3.6,675.9,80.0,1127.6
AsIF12,1409.5,3.6,675.9,90.0,1268.5
AsIF12,1409.5,3.6,675.9,100.0,1459.5
AsIrS,814.6,10.1,245.1,50.0,407.3
AsIrS,814.6,10.1,245.1,60.0,488.7
AsIrS,814.6,10.1,245.1,70.0,570.2
AsIrS,814.6,10.1,245.1,80.0,651.6
AsIrS,814.6,10.1,245.1,90.0,733.1
AsIrS,814.6,10.1,245.1,100.0,864.6
AsIrSe,780.3,10.77,230.1,50.0,390.1
AsIrSe,780.3,10.77,230.1,60.0,468.2
AsIrSe,780.3,10.77,230.1,70.0,546.2
AsIrSe,780.3,10.77,230.1,80.0,624.2
AsIrSe,780.3,10.77,230.1,90.0,702.2
AsIrSe,780.3,10.77,230.1,100.0,830.3
AsKrF7,1168.4,3.54,687.5,50.0,584.2
AsKrF7,1168.4,3.54,687.5,60.0,701.1
AsKrF7,1168.4,3.54,687.5,70.0,817.9
AsKrF7,1168.4,3.54,687.5,80.0,934.7
AsKrF7,1168.4,3.54,687.5,90.0,1051.6
AsKrF7,1168.4,3.54,687.5,100.0,1218.4
AsN(OF3)2,1350.5,2.66,906.6,50.0,675.3
AsN(OF3)2,1350.5,2.66,906.6,60.0,810.3
AsN(OF3)2,1350.5,2.66,906.6,70.0,945.4
AsN(OF3)2,1350.5,2.66,906.6,80.0,1080.4
AsN(OF3)2,1350.5,2.66,906.6,90.0,1215.5
AsN(OF3)2,1350.5,2.66,906.6,100.0,1400.5
AsN2F7,1191.0,2.87,842.7,50.0,595.5
AsN2F7,1191.0,2.87,842.7,60.0,714.6
AsN2F7,1191.0,2.87,842.7,70.0,833.7
AsN2F7,1191.0,2.87,842.7,80.0,952.8
AsN2F7,1191.0,2.87,842.7,90.0,1071.9
AsN2F7,1191.0,2.87,842.7,100.0,1241.0
AsOsS,699.5,10.02,247.1,50.0,349.8
AsOsS,699.5,10.02,247.1,60.0,419.7
AsOsS,699.5,10.02,247.1,70.0,489.7
AsOsS,699.5,10.02,247.1,80.0,559.6
AsOsS,699.5,10.02,247.1,90.0,629.6
AsOsS,699.5,10.02,247.1,100.0,749.5
AsOsSe,641.1,10.67,232.2,50.0,320.6
AsOsSe,641.1,10.67,232.2,60.0,384.7
AsOsSe,641.1,10.67,232.2,70.0,448.8
AsOsSe,641.1,10.67,232.2,80.0,512.9
AsOsSe,641.1,10.67,232.2,90.0,577.0
AsOsSe,641.1,10.67,232.2,100.0,691.1
AsPO4,1489.5,3.64,668.4,50.0,744.8
AsPO4,1489.5,3.64,668.4,60.0,893.7
AsPO4,1489.5,3.64,668.4,70.0,1042.7
AsPO4,1489.5,3.64,668.4,80.0,1191.6
AsPO4,1489.5,3.64,668.4,90.0,1340.6
AsPO4,1489.5,3.64,668.4,100.0,1539.5
AsPO5,1429.0,3.92,621.8,50.0,714.5
AsPO5,1429.0,3.92,621.8,60.0,857.4
AsPO5,1429.0,3.92,621.8,70.0,1000.3
AsPO5,1429.0,3.92,621.8,80.0,1143.2
AsPO5,1429.0,3.92,621.8,90.0,1286.1
AsPO5,1429.0,3.92,621.8,100.0,1479.0
AsPbF7,1583.5,5.88,417.9,50.0,791.7
AsPbF7,1583.5,5.88,417.9,60.0,950.1
AsPbF7,1583.5,5.88,417.9,70.0,1108.4
AsPbF7,1583.5,5.88,417.9,80.0,1266.8
AsPbF7,1583.5,5.88,417.9,90.0,1425.1
AsPbF7,1583.5,5.88,417.9,100.0,1633.5
AsPd2,667.0,10.14,244.1,50.0,333.5
AsPd2,667.0,10.14,244.1,60.0,400.2
AsPd2,667.0,10.14,244.1,70.0,466.9
AsPd2,667.0,10.14,244.1,80.0,533.6
AsPd2,667.0,10.14,244.1,90.0,600.3
AsPd2,667.0,10.14,244.1,100.0,717.0
AsPd3,664.1,10.65,232.5,50.0,332.1
AsPd3,664.1,10.65,232.5,60.0,398.5
AsPd3,664.1,10.65,232.5,70.0,464.9
AsPd3,664.1,10.65,232.5,80.0,531.3
AsPd3,664.1,10.65,232.5,90.0,597.7
AsPd3,664.1,10.65,232.5,100.0,714.1
AsPd3Pb2,658.2,11.1,223.3,50.0,329.1
AsPd3Pb2,658.2,11.1,223.3,60.0,394.9
AsPd3Pb2,658.2,11.1,223.3,70.0,460.7
AsPd3Pb2,658.2,11.1,223.3,80.0,526.5
AsPd3Pb2,658.2,11.1,223.3,90.0,592.3
AsPd3Pb2,658.2,11.1,223.3,100.0,708.2
AsPd5,621.5,11.08,223.6,50.0,310.7
AsPd5,621.5,11.08,223.6,60.0,372.9
AsPd5,621.5,11.08,223.6,70.0,435.0
AsPd5,621.5,11.08,223.6,80.0,497.2
AsPd5,621.5,11.08,223.6,90.0,559.3
AsPd5,621.5,11.08,223.6,100.0,671.5
AsPdS,681.6,6.58,374.0,50.0,340.8
AsPdS,681.6,6.58,374.0,60.0,409.0
AsPdS,681.6,6.58,374.0,70.0,477.1
AsPdS,681.6,6.58,374.0,80.0,545.3
AsPdS,681.6,6.58,374.0,90.0,613.5
AsPdS,681.6,6.58,374.0,100.0,731.6
AsPdSe,674.1,7.46,330.5,50.0,337.1
AsPdSe,674.1,7.46,330.5,60.0,404.5
AsPdSe,674.1,7.46,330.5,70.0,471.9
AsPdSe,674.1,7.46,330.5,80.0,539.3
AsPdSe,674.1,7.46,330.5,90.0,606.7
AsPdSe,674.1,7.46,330.5,100.0,724.1
AsRh2,738.4,10.08,245.5,50.0,369.2
AsRh2,738.4,10.08,245.5,60.0,443.1
AsRh2,738.4,10.08,245.5,70.0,516.9
AsRh2,738.4,10.08,245.5,80.0,590.7
AsRh2,738.4,10.08,245.5,90.0,664.6
AsRh2,738.4,10.08,245.5,100.0,788.4
AsRhS,829.1,7.12,346.2,50.0,414.5
AsRhS,829.1,7.12,346.2,60.0,497.4
AsRhS,829.1,7.12,346.2,70.0,580.3
AsRhS,829.1,7.12,346.2,80.0,663.2
AsRhS,829.1,7.12,346.2,90.0,746.1
AsRhS,829.1,7.12,346.2,100.0,879.1
AsRhSe,799.7,8.01,308.1,50.0,399.9
AsRhSe,799.7,8.01,308.1,60.0,479.8
AsRhSe,799.7,8.01,308.1,70.0,559.8
AsRhSe,799.7,8.01,308.1,80.0,639.8
AsRhSe,799.7,8.01,308.1,90.0,719.8
AsRhSe,799.7,8.01,308.1,100.0,849.7
AsRuS,766.8,7.09,347.8,50.0,383.4
AsRuS,766.8,7.09,347.8,60.0,460.1
AsRuS,766.8,7.09,347.8,70.0,536.8
AsRuS,766.8,7.09,347.8,80.0,613.4
AsRuS,766.8,7.09,347.8,90.0,690.1
AsRuS,766.8,7.09,347.8,100.0,816.8
AsS,571.8,3.26,744.0,50.0,285.9
AsS,571.8,3.26,744.0,60.0,343.1
AsS,571.8,3.26,744.0,70.0,400.3
AsS,571.8,3.26,744.0,80.0,457.4
AsS,571.8,3.26,744.0,90.0,514.6
AsS,571.8,3.26,744.0,100.0,621.8
AsS(BrF2)3,1286.1,3.13,773.7,50.0,643.0
AsS(BrF2)3,1286.1,3.13,773.7,60.0,771.6
AsS(BrF2)3,1286.1,3.13,773.7,70.0,900.3
AsS(BrF2)3,1286.1,3.13,773.7,80.0,1028.9
AsS(BrF2)3,1286.1,3.13,773.7,90.0,1157.5
AsS(BrF2)3,1286.1,3.13,773.7,100.0,1336.1
AsS(ClF2)3,1324.6,2.46,977.9,50.0,662.3
AsS(ClF2)3,1324.6,2.46,977.9,60.0,794.7
AsS(ClF2)3,1324.6,2.46,977.9,70.0,927.2
AsS(ClF2)3,1324.6,2.46,977.9,80.0,1059.7
AsS(ClF2)3,1324.6,2.46,977.9,90.0,1192.1
AsS(ClF2)3,1324.6,2.46,977.9,100.0,1374.6
AsS(IF3)2,1305.9,3.85,633.0,50.0,652.9
AsS(IF3)2,1305.9,3.85,633.0,60.0,783.5
AsS(IF3)2,1305.9,3.85,633.0,70.0,914.1
AsS(IF3)2,1305.9,3.85,633.0,80.0,1044.7
AsS(IF3)2,1305.9,3.85,633.0,90.0,1175.3
AsS(IF3)2,1305.9,3.85,633.0,100.0,1355.9
AsSe,553.8,4.36,560.2,50.0,276.9
AsSe,553.8,4.36,560.2,60.0,332.3
AsSe,553.8,4.36,560.2,70.0,387.6
AsSe,553.8,4.36,560.2,80.0,443.0
AsSe,553.8,4.36,560.2,90.0,498.4
AsSe,553.8,4.36,560.2,100.0,603.8
AsSe(BrF2)3,1308.9,3.39,716.7,50.0,654.4
AsSe(BrF2)3,1308.9,3.39,716.7,60.0,785.3
AsSe(BrF2)3,1308.9,3.39,716.7,70.0,916.2
AsSe(BrF2)3,1308.9,3.39,716.7,80.0,1047.1
AsSe(BrF2)3,1308.9,3.39,716.7,90.0,1178.0
AsSe(BrF2)3,1308.9,3.39,716.7,100.0,1358.9
AsSe(ClF2)3,1346.9,2.71,888.4,50.0,673.5
AsSe(ClF2)3,1346.9,2.71,888.4,60.0,808.2
AsSe(ClF2)3,1346.9,2.71,888.4,70.0,942.8
AsSe(ClF2)3,1346.9,2.71,888.4,80.0,1077.5
AsSe(ClF2)3,1346.9,2.71,888.4,90.0,1212.2
AsSe(ClF2)3,1346.9,2.71,888.4,100.0,1396.9
AsSe(IF2)3,1266.7,3.74,650.8,50.0,633.3
AsSe(IF2)3,1266.7,3.74,650.8,60.0,760.0
AsSe(IF2)3,1266.7,3.74,650.8,70.0,886.7
AsSe(IF2)3,1266.7,3.74,650.8,80.0,1013.3
AsSe(IF2)3,1266.7,3.74,650.8,90.0,1140.0
AsSe(IF2)3,1266.7,3.74,650.8,100.0,1316.7
AsSe3(ClF2)3,1223.1,2.87,842.0,50.0,611.5
AsSe3(ClF2)3,1223.1,2.87,842.0,60.0,733.9
AsSe3(ClF2)3,1223.1,2.87,842.0,70.0,856.2
AsSe3(ClF2)3,1223.1,2.87,842.0,80.0,978.5
AsSe3(ClF2)3,1223.1,2.87,842.0,90.0,1100.8
AsSe3(ClF2)3,1223.1,2.87,842.0,100.0,1273.1
AsSe6IF6,1090.7,3.79,641.9,50.0,545.3
AsSe6IF6,1090.7,3.79,641.9,60.0,654.4
AsSe6IF6,1090.7,3.79,641.9,70.0,763.5
AsSe6IF6,1090.7,3.79,641.9,80.0,872.5
AsSe6IF6,1090.7,3.79,641.9,90.0,981.6
AsSe6IF6,1090.7,3.79,641.9,100.0,1140.7
AsSeI,703.1,4.7,521.1,50.0,351.5
AsSeI,703.1,4.7,521.1,60.0,421.8
AsSeI,703.1,4.7,521.1,70.0,492.1
AsSeI,703.1,4.7,521.1,80.0,562.4
AsSeI,703.1,4.7,521.1,90.0,632.8
AsSeI,703.1,4.7,521.1,100.0,753.1
AsXe2BrOF12,1166.4,3.24,748.4,50.0,583.2
AsXe2BrOF12,1166.4,3.24,748.4,60.0,699.8
AsXe2BrOF12,1166.4,3.24,748.4,70.0,816.5
AsXe2BrOF12,1166.4,3.24,748.4,80.0,933.1
AsXe2BrOF12,1166.4,3.24,748.4,90.0,1049.7
AsXe2BrOF12,1166.4,3.24,748.4,100.0,1216.4
AsXe2F9,1228.1,3.21,755.1,50.0,614.1
AsXe2F9,1228.1,3.21,755.1,60.0,736.9
AsXe2F9,1228.1,3.21,755.1,70.0,859.7
AsXe2F9,1228.1,3.21,755.1,80.0,982.5
AsXe2F9,1228.1,3.21,755.1,90.0,1105.3
AsXe2F9,1228.1,3.21,755.1,100.0,1278.1
AsXeF11,1194.6,3.23,749.7,50.0,597.3
AsXeF11,1194.6,3.23,749.7,60.0,716.8
AsXeF11,1194.6,3.23,749.7,70.0,836.2
AsXeF11,1194.6,3.23,749.7,80.0,955.7
AsXeF11,1194.6,3.23,749.7,90.0,1075.2
AsXeF11,1194.6,3.23,749.7,100.0,1244.6
AsXeF7,1352.6,3.75,648.7,50.0,676.3
AsXeF7,1352.6,3.75,648.7,60.0,811.6
AsXeF7,1352.6,3.75,648.7,70.0,946.8
AsXeF7,1352.6,3.75,648.7,80.0,1082.1
AsXeF7,1352.6,3.75,648.7,90.0,1217.3
AsXeF7,1352.6,3.75,648.7,100.0,1402.6
Au,545.0,18.03,137.9,50.0,272.5
Au,545.0,18.03,137.9,60.0,327.0
Au,545.0,18.03,137.9,70.0,381.5
Au,545.0,18.03,137.9,80.0,436.0
Au,545.0,18.03,137.9,90.0,490.5
Au,545.0,18.03,137.9,100.0,595.0
Au(OF3)2,932.6,4.83,507.2,50.0,466.3
Au(OF3)2,932.6,4.83,507.2,60.0,559.6
Au(OF3)2,932.6,4.83,507.2,70.0,652.8
Au(OF3)2,932.6,4.83,507.2,80.0,746.1
Au(OF3)2,932.6,4.83,507.2,90.0,839.4
Au(OF3)2,932.6,4.83,507.2,100.0,982.6
Au2O3,706.0,11.06,223.9,50.0,353.0
Au2O3,706.0,11.06,223.9,60.0,423.6
Au2O3,706.0,11.06,223.9,70.0,494.2
Au2O3,706.0,11.06,223.9,80.0,564.8
Au2O3,706.0,11.06,223.9,90.0,635.4
Au2O3,706.0,11.06,223.9,100.0,756.0
Au2S,553.3,9.64,256.6,50.0,276.6
Au2S,553.3,9.64,256.6,60.0,332.0
Au2S,553.3,9.64,256.6,70.0,387.3
Au2S,553.3,9.64,256.6,80.0,442.6
Au2S,553.3,9.64,256.6,90.0,497.9
Au2S,553.3,9.64,256.6,100.0,603.3
Au2Se3O10,907.7,5.83,421.4,50.0,453.9
Au2Se3O10,907.7,5.83,421.4,60.0,544.6
Au2Se3O10,907.7,5.83,421.4,70.0,635.4
Au2Se3O10,907.7,5.83,421.4,80.0,726.2
Au2Se3O10,907.7,5.83,421.4,90.0,817.0
Au2Se3O10,907.7,5.83,421.4,100.0,957.7
Au2Se4O11,944.8,5.72,429.7,50.0,472.4
Au2Se4O11,944.8,5.72,429.7,60.0,566.9
Au2Se4O11,944.8,5.72,429.7,70.0,661.4
Au2Se4O11,944.8,5.72,429.7,80.0,755.8
Au2Se4O11,944.8,5.72,429.7,90.0,850.3
Au2Se4O11,944.8,5.72,429.7,100.0,994.8
Au3F8,990.3,7.71,320.0,50.0,495.1
Au3F8,990.3,7.71,320.0,60.0,594.2
Au3F8,990.3,7.71,320.0,70.0,693.2
Au3F8,990.3,7.71,320.0,80.0,792.2
Au3F8,990.3,7.71,320.0,90.0,891.3
Au3F8,990.3,7.71,320.0,100.0,1040.3
AuBr,681.3,7.83,315.4,50.0,340.7
AuBr,681.3,7.83,315.4,60.0,408.8
AuBr,681.3,7.83,315.4,70.0,476.9
AuBr,681.3,7.83,315.4,80.0,545.1
AuBr,681.3,7.83,315.4,90.0,613.2
AuBr,681.3,7.83,315.4,100.0,731.3
AuBr3,750.6,5.62,437.0,50.0,375.3
AuBr3,750.6,5.62,437.0,60.0,450.4
AuBr3,750.6,5.62,437.0,70.0,525.5
AuBr3,750.6,5.62,437.0,80.0,600.5
AuBr3,750.6,5.62,437.0,90.0,675.6
AuBr3,750.6,5.62,437.0,100.0,800.6
AuBrF6,1083.4,5.15,476.3,50.0,541.7
AuBrF6,1083.4,5.15,476.3,60.0,650.1
AuBrF6,1083.4,5.15,476.3,70.0,758.4
AuBrF6,1083.4,5.15,476.3,80.0,866.8
AuBrF6,1083.4,5.15,476.3,90.0,975.1
AuBrF6,1083.4,5.15,476.3,100.0,1133.4
AuCl,618.9,7.5,329.1,50.0,309.4
AuCl,618.9,7.5,329.1,60.0,371.3
AuCl,618.9,7.5,329.1,70.0,433.2
AuCl,618.9,7.5,329.1,80.0,495.1
AuCl,618.9,7.5,329.1,90.0,557.0
AuCl,618.9,7.5,329.1,100.0,668.9
AuCl2,642.7,5.57,441.1,50.0,321.4
AuCl2,642.7,5.57,441.1,60.0,385.6
AuCl2,642.7,5.57,441.1,70.0,449.9
AuCl2,642.7,5.57,441.1,80.0,514.2
AuCl2,642.7,5.57,441.1,90.0,578.5
AuCl2,642.7,5.57,441.1,100.0,692.7
AuCl3,645.4,4.52,541.3,50.0,322.7
AuCl3,645.4,4.52,541.3,60.0,387.3
AuCl3,645.4,4.52,541.3,70.0,451.8
AuCl3,645.4,4.52,541.3,80.0,516.4
AuCl3,645.4,4.52,541.3,90.0,580.9
AuCl3,645.4,4.52,541.3,100.0,695.4
AuClO,769.4,7.07,348.8,50.0,384.7
AuClO,769.4,7.07,348.8,60.0,461.6
AuClO,769.4,7.07,348.8,70.0,538.6
AuClO,769.4,7.07,348.8,80.0,615.5
AuClO,769.4,7.07,348.8,90.0,692.5
AuClO,769.4,7.07,348.8,100.0,819.4
AuF3,995.9,6.91,356.4,50.0,497.9
AuF3,995.9,6.91,356.4,60.0,597.5
AuF3,995.9,6.91,356.4,70.0,697.1
AuF3,995.9,6.91,356.4,80.0,796.7
AuF3,995.9,6.91,356.4,90.0,896.3
AuF3,995.9,6.91,356.4,100.0,1045.9
AuF5,889.3,5.93,414.8,50.0,444.6
AuF5,889.3,5.93,414.8,60.0,533.6
AuF5,889.3,5.93,414.8,70.0,622.5
AuF5,889.3,5.93,414.8,80.0,711.4
AuF5,889.3,5.93,414.8,90.0,800.3
AuF5,889.3,5.93,414.8,100.0,939.3
AuI,619.6,7.79,316.8,50.0,309.8
AuI,619.6,7.79,316.8,60.0,371.8
AuI,619.6,7.79,316.8,70.0,433.7
AuI,619.6,7.79,316.8,80.0,495.7
AuI,619.6,7.79,316.8,90.0,557.7
AuI,619.6,7.79,316.8,100.0,669.6
AuI2,592.5,5.72,429.2,50.0,296.3
AuI2,592.5,5.72,429.2,60.0,355.5
AuI2,592.5,5.72,429.2,70.0,414.8
AuI2,592.5,5.72,429.2,80.0,474.0
AuI2,592.5,5.72,429.2,90.0,533.3
AuI2,592.5,5.72,429.2,100.0,642.5
AuN5O14,808.8,3.24,749.6,50.0,404.4
AuN5O14,808.8,3.24,749.6,60.0,485.3
AuN5O14,808.8,3.24,749.6,70.0,566.2
AuN5O14,808.8,3.24,749.6,80.0,647.0
AuN5O14,808.8,3.24,749.6,90.0,727.9
AuN5O14,808.8,3.24,749.6,100.0,858.8
AuS3(O3F)3,1241.0,3.05,794.8,50.0,620.5
AuS3(O3F)3,1241.0,3.05,794.8,60.0,744.6
AuS3(O3F)3,1241.0,3.05,794.8,70.0,868.7
AuS3(O3F)3,1241.0,3.05,794.8,80.0,992.8
AuS3(O3F)3,1241.0,3.05,794.8,90.0,1116.9
AuS3(O3F)3,1241.0,3.05,794.8,100.0,1291.0
AuSCl5,634.4,3.38,718.1,50.0,317.2
AuSCl5,634.4,3.38,718.1,60.0,380.6
AuSCl5,634.4,3.38,718.1,70.0,444.1
AuSCl5,634.4,3.38,718.1,80.0,507.5
AuSCl5,634.4,3.38,718.1,90.0,571.0
AuSCl5,634.4,3.38,718.1,100.0,684.4
AuSCl7,628.7,3.11,778.5,50.0,314.3
AuSCl7,628.7,3.11,778.5,60.0,377.2
AuSCl7,628.7,3.11,778.5,70.0,440.1
AuSCl7,628.7,3.11,778.5,80.0,502.9
AuSCl7,628.7,3.11,778.5,90.0,565.8
AuSCl7,628.7,3.11,778.5,100.0,678.7
AuSO4,1091.0,5.4,454.2,50.0,545.5
AuSO4,1091.0,5.4,454.2,60.0,654.6
AuSO4,1091.0,5.4,454.2,70.0,763.7
AuSO4,1091.0,5.4,454.2,80.0,872.8
AuSO4,1091.0,5.4,454.2,90.0,981.9
AuSO4,1091.0,5.4,454.2,100.0,1141.0
AuSe,563.1,9.17,269.6,50.0,281.5
AuSe,563.1,9.17,269.6,60.0,337.9
AuSe,563.1,9.17,269.6,70.0,394.2
AuSe,563.1,9.17,269.6,80.0,450.5
AuSe,563.1,9.17,269.6,90.0,506.8
AuSe,563.1,9.17,269.6,100.0,613.1
AuSeBr,720.9,7.29,338.4,50.0,360.4
AuSeBr,720.9,7.29,338.4,60.0,432.5
AuSeBr,720.9,7.29,338.4,70.0,504.6
AuSeBr,720.9,7.29,338.4,80.0,576.7
AuSeBr,720.9,7.29,338.4,90.0,648.8
AuSeBr,720.9,7.29,338.4,100.0,770.9
AuSeCl7,660.6,3.35,724.0,50.0,330.3
AuSeCl7,660.6,3.35,724.0,60.0,396.3
AuSeCl7,660.6,3.35,724.0,70.0,462.4
AuSeCl7,660.6,3.35,724.0,80.0,528.5
AuSeCl7,660.6,3.35,724.0,90.0,594.5
AuSeCl7,660.6,3.35,724.0,100.0,710.6
AuSeClO3,912.0,4.93,497.3,50.0,456.0
AuSeClO3,912.0,4.93,497.3,60.0,547.2
AuSeClO3,912.0,4.93,497.3,70.0,638.4
AuSeClO3,912.0,4.93,497.3,80.0,729.6
AuSeClO3,912.0,4.93,497.3,90.0,820.8
AuSeClO3,912.0,4.93,497.3,100.0,962.0
AuXe2F17,913.3,3.9,625.6,50.0,456.7
AuXe2F17,913.3,3.9,625.6,60.0,548.0
AuXe2F17,913.3,3.9,625.6,70.0,639.3
AuXe2F17,913.3,3.9,625.6,80.0,730.7
AuXe2F17,913.3,3.9,625.6,90.0,822.0
AuXe2F17,913.3,3.9,625.6,100.0,963.3
B,545.0,2.48,967.8,50.0,272.5
B,545.0,2.48,967.8,60.0,327.0
B,545.0,2.48,967.8,70.0,381.5
B,545.0,2.48,967.8,80.0,436.0
B,545.0,2.48,967.8,90.0,490.5
B,545.0,2.48,967.8,100.0,595.0
B(HO)3,1334.4,1.65,1430.3,50.0,667.2
B(HO)3,1334.4,1.65,1430.3,60.0,800.6
B(HO)3,1334.4,1.65,1430.3,70.0,934.1
B(HO)3,1334.4,1.65,1430.3,80.0,1067.5
B(HO)3,1334.4,1.65,1430.3,90.0,1200.9
B(HO)3,1334.4,1.65,1430.3,100.0,1384.4
B10(Pb2O7)3,1606.4,6.12,401.8,50.0,803.2
B10(Pb2O7)3,1606.4,6.12,401.8,60.0,963.9
B10(Pb2O7)3,1606.4,6.12,401.8,70.0,1124.5
B10(Pb2O7)3,1606.4,6.12,401.8,80.0,1285.1
B10(Pb2O7)3,1606.4,6.12,401.8,90.0,1445.8
B10(Pb2O7)3,1606.4,6.12,401.8,100.0,1656.4
B10H13I,591.1,1.36,1707.4,50.0,295.5
B10H13I,591.1,1.36,1707.4,60.0,354.6
B10H13I,591.1,1.36,1707.4,70.0,413.7
B10H13I,591.1,1.36,1707.4,80.0,472.8
B10H13I,591.1,1.36,1707.4,90.0,531.9
B10H13I,591.1,1.36,1707.4,100.0,641.1
B10H14S,601.2,0.86,2612.8,50.0,300.6
B10H14S,601.2,0.86,2612.8,60.0,360.7
B10H14S,601.2,0.86,2612.8,70.0,420.8
B10H14S,601.2,0.86,2612.8,80.0,480.9
B10H14S,601.2,0.86,2612.8,90.0,541.1
B10H14S,601.2,0.86,2612.8,100.0,651.2
B11H10SI,622.8,1.38,1683.8,50.0,311.4
B11H10SI,622.8,1.38,1683.8,60.0,373.7
B11H10SI,622.8,1.38,1683.8,70.0,436.0
B11H10SI,622.8,1.38,1683.8,80.0,498.2
B11H10SI,622.8,1.38,1683.8,90.0,560.5
B11H10SI,622.8,1.38,1683.8,100.0,672.8
B13C2,542.7,2.45,978.7,50.0,271.4
B13C2,542.7,2.45,978.7,60.0,325.6
B13C2,542.7,2.45,978.7,70.0,379.9
B13C2,542.7,2.45,978.7,80.0,434.2
B13C2,542.7,2.45,978.7,90.0,488.4
B13C2,542.7,2.45,978.7,100.0,592.7
B2H26C8N20Cl2O,746.9,1.41,1653.4,50.0,373.4
B2H26C8N20Cl2O,746.9,1.41,1653.4,60.0,448.1
B2H26C8N20Cl2O,746.9,1.41,1653.4,70.0,522.8
B2H26C8N20Cl2O,746.9,1.41,1653.4,80.0,597.5
B2H26C8N20Cl2O,746.9,1.41,1653.4,90.0,672.2
B2H26C8N20Cl2O,746.9,1.41,1653.4,100.0,796.9
B2Mo,701.9,7.13,345.9,50.0,350.9
B2Mo,701.9,7.13,345.9,60.0,421.1
B2Mo,701.9,7.13,345.9,70.0,491.3
B2Mo,701.9,7.13,345.9,80.0,561.5
B2Mo,701.9,7.13,345.9,90.0,631.7
B2Mo,701.9,7.13,345.9,100.0,751.9
B2Mo(PbO2)6,1388.1,7.44,331.5,50.0,694.0
B2Mo(PbO2)6,1388.1,7.44,331.5,60.0,832.8
B2Mo(PbO2)6,1388.1,7.44,331.5,70.0,971.7
B2Mo(PbO2)6,1388.1,7.44,331.5,80.0,1110.5
B2Mo(PbO2)6,1388.1,7.44,331.5,90.0,1249.3
B2Mo(PbO2)6,1388.1,7.44,331.5,100.0,1438.1
B2O3,1759.1,2.56,939.2,50.0,879.6
B2O3,1759.1,2.56,939.2,60.0,1055.5
B2O3,1759.1,2.56,939.2,70.0,1231.4
B2O3,1759.1,2.56,939.2,80.0,1407.3
B2O3,1759.1,2.56,939.2,90.0,1583.2
B2O3,1759.1,2.56,939.2,100.0,1809.1
B2Os,605.6,12.76,194.4,50.0,302.8
B2Os,605.6,12.76,194.4,60.0,363.3
B2Os,605.6,12.76,194.4,70.0,423.9
B2Os,605.6,12.76,194.4,80.0,484.5
B2Os,605.6,12.76,194.4,90.0,545.0
B2Os,605.6,12.76,194.4,100.0,655.6
B2Pb2S5,845.4,5.37,456.7,50.0,422.7
B2Pb2S5,845.4,5.37,456.7,60.0,507.2
B2Pb2S5,845.4,5.37,456.7,70.0,591.8
B2Pb2S5,845.4,5.37,456.7,80.0,676.3
B2Pb2S5,845.4,5.37,456.7,90.0,760.8
B2Pb2S5,845.4,5.37,456.7,100.0,895.4
B2Pb4O7,1420.9,7.16,344.4,50.0,710.4
B2Pb4O7,1420.9,7.16,344.4,60.0,852.5
B2Pb4O7,1420.9,7.16,344.4,70.0,994.6
B2Pb4O7,1420.9,7.16,344.4,80.0,1136.7
B2Pb4O7,1420.9,7.16,344.4,90.0,1278.8
B2Pb4O7,1420.9,7.16,344.4,100.0,1470.9
B2Pb6SO12,1390.0,6.86,359.2,50.0,695.0
B2Pb6SO12,1390.0,6.86,359.2,60.0,834.0
B2Pb6SO12,1390.0,6.86,359.2,70.0,973.0
B2Pb6SO12,1390.0,6.86,359.2,80.0,1112.0
B2Pb6SO12,1390.0,6.86,359.2,90.0,1251.0
B2Pb6SO12,1390.0,6.86,359.2,100.0,1440.0
B2Ru,638.8,7.56,326.2,50.0,319.4
B2Ru,638.8,7.56,326.2,60.0,383.3
B2Ru,638.8,7.56,326.2,70.0,447.1
B2Ru,638.8,7.56,326.2,80.0,511.0
B2Ru,638.8,7.56,326.2,90.0,574.9
B2Ru,638.8,7.56,326.2,100.0,688.8
B2S2O9,1440.0,2.71,889.5,50.0,720.0
B2S2O9,1440.0,2.71,889.5,60.0,864.0
B2S2O9,1440.0,2.71,889.5,70.0,1008.0
B2S2O9,1440.0,2.71,889.5,80.0,1152.0
B2S2O9,1440.0,2.71,889.5,90.0,1296.0
B2S2O9,1440.0,2.71,889.5,100.0,1490.0
B2S3,830.7,2.41,995.1,50.0,415.3
B2S3,830.7,2.41,995.1,60.0,498.4
B2S3,830.7,2.41,995.1,70.0,581.5
B2S3,830.7,2.41,995.1,80.0,664.5
B2S3,830.7,2.41,995.1,90.0,747.6
B2S3,830.7,2.41,995.1,100.0,880.7
B2Se2O7,1356.8,3.58,679.6,50.0,678.4
B2Se2O7,1356.8,3.58,679.6,60.0,814.1
B2Se2O7,1356.8,3.58,679.6,70.0,949.7
B2Se2O7,1356.8,3.58,679.6,80.0,1085.4
B2Se2O7,1356.8,3.58,679.6,90.0,1221.1
B2Se2O7,1356.8,3.58,679.6,100.0,1406.8
B2Se3O10,1244.5,3.39,716.0,50.0,622.3
B2Se3O10,1244.5,3.39,716.0,60.0,746.7
B2Se3O10,1244.5,3.39,716.0,70.0,871.2
B2Se3O10,1244.5,3.39,716.0,80.0,995.6
B2Se3O10,1244.5,3.39,716.0,90.0,1120.1
B2Se3O10,1244.5,3.39,716.0,100.0,1294.5
B2W,644.3,12.42,199.7,50.0,322.2
B2W,644.3,12.42,199.7,60.0,386.6
B2W,644.3,12.42,199.7,70.0,451.0
B2W,644.3,12.42,199.7,80.0,515.5
B2W,644.3,12.42,199.7,90.0,579.9
B2W,644.3,12.42,199.7,100.0,694.3
B3H4NO5,1378.0,2.24,1066.2,50.0,689.0
B3H4NO5,1378.0,2.24,1066.2,60.0,826.8
B3H4NO5,1378.0,2.24,1066.2,70.0,964.6
B3H4NO5,1378.0,2.24,1066.2,80.0,1102.4
B3H4NO5,1378.0,2.24,1066.2,90.0,1240.2
B3H4NO5,1378.0,2.24,1066.2,100.0,1428.0
B3Os2,623.1,14.28,173.9,50.0,311.5
B3Os2,623.1,14.28,173.9,60.0,373.8
B3Os2,623.1,14.28,173.9,70.0,436.1
B3Os2,623.1,14.28,173.9,80.0,498.4
B3Os2,623.1,14.28,173.9,90.0,560.7
B3Os2,623.1,14.28,173.9,100.0,673.1
B3Pb10Br3O13,1338.8,7.03,350.8,50.0,669.4
B3Pb10Br3O13,1338.8,7.03,350.8,60.0,803.3
B3Pb10Br3O13,1338.8,7.03,350.8,70.0,937.2
B3Pb10Br3O13,1338.8,7.03,350.8,80.0,1071.0
B3Pb10Br3O13,1338.8,7.03,350.8,90.0,1204.9
B3Pb10Br3O13,1338.8,7.03,350.8,100.0,1388.8
B3Pb3NO10,1411.5,5.97,411.9,50.0,705.8
B3Pb3NO10,1411.5,5.97,411.9,60.0,846.9
B3Pb3NO10,1411.5,5.97,411.9,70.0,988.1
B3Pb3NO10,1411.5,5.97,411.9,80.0,1129.2
B3Pb3NO10,1411.5,5.97,411.9,90.0,1270.4
B3Pb3NO10,1411.5,5.97,411.9,100.0,1461.5
B3Pb6BrO10,1416.3,7.03,350.8,50.0,708.2
B3Pb6BrO10,1416.3,7.03,350.8,60.0,849.8
B3Pb6BrO10,1416.3,7.03,350.8,70.0,991.4
B3Pb6BrO10,1416.3,7.03,350.8,80.0,1133.1
B3Pb6BrO10,1416.3,7.03,350.8,90.0,1274.7
B3Pb6BrO10,1416.3,7.03,350.8,100.0,1466.3
B3Pb6ClO10,1426.5,7.25,339.9,50.0,713.3
B3Pb6ClO10,1426.5,7.25,339.9,60.0,855.9
B3Pb6ClO10,1426.5,7.25,339.9,70.0,998.6
B3Pb6ClO10,1426.5,7.25,339.9,80.0,1141.2
B3Pb6ClO10,1426.5,7.25,339.9,90.0,1283.9
B3Pb6ClO10,1426.5,7.25,339.9,100.0,1476.5
B3Pd16,595.2,10.86,228.2,50.0,297.6
B3Pd16,595.2,10.86,228.2,60.0,357.1
B3Pd16,595.2,10.86,228.2,70.0,416.7
B3Pd16,595.2,10.86,228.2,80.0,476.2
B3Pd16,595.2,10.86,228.2,90.0,535.7
B3Pd16,595.2,10.86,228.2,100.0,645.2
B3Ru2,658.6,8.31,297.2,50.0,329.3
B3Ru2,658.6,8.31,297.2,60.0,395.2
B3Ru2,658.6,8.31,297.2,70.0,461.0
B3Ru2,658.6,8.31,297.2,80.0,526.9
B3Ru2,658.6,8.31,297.2,90.0,592.8
B3Ru2,658.6,8.31,297.2,100.0,708.6
B4C,558.8,2.54,946.3,50.0,279.4
B4C,558.8,2.54,946.3,60.0,335.3
B4C,558.8,2.54,946.3,70.0,391.1
B4C,558.8,2.54,946.3,80.0,447.0
B4C,558.8,2.54,946.3,90.0,502.9
B4C,558.8,2.54,946.3,100.0,608.8
B4OsW,631.3,12.47,198.9,50.0,315.7
B4OsW,631.3,12.47,198.9,60.0,378.8
B4OsW,631.3,12.47,198.9,70.0,441.9
B4OsW,631.3,12.47,198.9,80.0,505.1
B4OsW,631.3,12.47,198.9,90.0,568.2
B4OsW,631.3,12.47,198.9,100.0,681.3
B4PbO7,1691.3,5.85,420.4,50.0,845.7
B4PbO7,1691.3,5.85,420.4,60.0,1014.8
B4PbO7,1691.3,5.85,420.4,70.0,1183.9
B4PbO7,1691.3,5.85,420.4,80.0,1353.0
B4PbO7,1691.3,5.85,420.4,90.0,1522.2
B4PbO7,1691.3,5.85,420.4,100.0,1741.3
B4Rh5,683.8,9.54,259.3,50.0,341.9
B4Rh5,683.8,9.54,259.3,60.0,410.3
B4Rh5,683.8,9.54,259.3,70.0,478.6
B4Rh5,683.8,9.54,259.3,80.0,547.0
B4Rh5,683.8,9.54,259.3,90.0,615.4
B4Rh5,683.8,9.54,259.3,100.0,733.8
B5H12NO12,1329.9,1.52,1542.6,50.0,664.9
B5H12NO12,1329.9,1.52,1542.6,60.0,797.9
B5H12NO12,1329.9,1.52,1542.6,70.0,930.9
B5H12NO12,1329.9,1.52,1542.6,80.0,1063.9
B5H12NO12,1329.9,1.52,1542.6,90.0,1196.9
B5H12NO12,1329.9,1.52,1542.6,100.0,1379.9
B5H4NO8,1486.2,1.9,1250.2,50.0,743.1
B5H4NO8,1486.2,1.9,1250.2,60.0,891.7
B5H4NO8,1486.2,1.9,1250.2,70.0,1040.3
B5H4NO8,1486.2,1.9,1250.2,80.0,1189.0
B5H4NO8,1486.2,1.9,1250.2,90.0,1337.6
B5H4NO8,1486.2,1.9,1250.2,100.0,1536.2
B5H5CI,607.4,1.67,1414.1,50.0,303.7
B5H5CI,607.4,1.67,1414.1,60.0,364.4
B5H5CI,607.4,1.67,1414.1,70.0,425.2
B5H5CI,607.4,1.67,1414.1,80.0,485.9
B5H5CI,607.4,1.67,1414.1,90.0,546.6
B5H5CI,607.4,1.67,1414.1,100.0,657.4
B5H6Br,621.6,1.66,1423.9,50.0,310.8
B5H6Br,621.6,1.66,1423.9,60.0,373.0
B5H6Br,621.6,1.66,1423.9,70.0,435.1
B5H6Br,621.6,1.66,1423.9,80.0,497.3
B5H6Br,621.6,1.66,1423.9,90.0,559.5
B5H6Br,621.6,1.66,1423.9,100.0,671.6
B5H7,542.9,0.96,2361.5,50.0,271.4
B5H7,542.9,0.96,2361.5,60.0,325.7
B5H7,542.9,0.96,2361.5,70.0,380.0
B5H7,542.9,0.96,2361.5,80.0,434.3
B5H7,542.9,0.96,2361.5,90.0,488.6
B5H7,542.9,0.96,2361.5,100.0,592.9
B5Ir3W2,668.1,15.52,160.1,50.0,334.1
B5Ir3W2,668.1,15.52,160.1,60.0,400.9
B5Ir3W2,668.1,15.52,160.1,70.0,467.7
B5Ir3W2,668.1,15.52,160.1,80.0,534.5
B5Ir3W2,668.1,15.52,160.1,90.0,601.3
B5Ir3W2,668.1,15.52,160.1,100.0,718.1
B5Pb2BrO9,1641.2,5.13,478.1,50.0,820.6
B5Pb2BrO9,1641.2,5.13,478.1,60.0,984.7
B5Pb2BrO9,1641.2,5.13,478.1,70.0,1148.9
B5Pb2BrO9,1641.2,5.13,478.1,80.0,1313.0
B5Pb2BrO9,1641.2,5.13,478.1,90.0,1477.1
B5Pb2BrO9,1641.2,5.13,478.1,100.0,1691.2
B5Pb2ClO9,1653.9,4.87,503.1,50.0,827.0
B5Pb2ClO9,1653.9,4.87,503.1,60.0,992.4
B5Pb2ClO9,1653.9,4.87,503.1,70.0,1157.8
B5Pb2ClO9,1653.9,4.87,503.1,80.0,1323.1
B5Pb2ClO9,1653.9,4.87,503.1,90.0,1488.5
B5Pb2ClO9,1653.9,4.87,503.1,100.0,1703.9
B5Pb2IO9,1617.3,5.38,455.9,50.0,808.7
B5Pb2IO9,1617.3,5.38,455.9,60.0,970.4
B5Pb2IO9,1617.3,5.38,455.9,70.0,1132.1
B5Pb2IO9,1617.3,5.38,455.9,80.0,1293.9
B5Pb2IO9,1617.3,5.38,455.9,90.0,1455.6
B5Pb2IO9,1617.3,5.38,455.9,100.0,1667.3
B6As,594.1,3.59,677.5,50.0,297.1
B6As,594.1,3.59,677.5,60.0,356.5
B6As,594.1,3.59,677.5,70.0,415.9
B6As,594.1,3.59,677.5,80.0,475.3
B6As,594.1,3.59,677.5,90.0,534.7
B6As,594.1,3.59,677.5,100.0,644.1
B6H10N,625.9,0.93,2436.9,50.0,312.9
B6H10N,625.9,0.93,2436.9,60.0,375.5
B6H10N,625.9,0.93,2436.9,70.0,438.1
B6H10N,625.9,0.93,2436.9,80.0,500.7
B6H10N,625.9,0.93,2436.9,90.0,563.3
B6H10N,625.9,0.93,2436.9,100.0,675.9
B6O,862.4,2.62,918.5,50.0,431.2
B6O,862.4,2.62,918.5,60.0,517.4
B6O,862.4,2.62,918.5,70.0,603.7
B6O,862.4,2.62,918.5,80.0,689.9
B6O,862.4,2.62,918.5,90.0,776.1
B6O,862.4,2.62,918.5,100.0,912.4
B6P,646.8,2.61,923.4,50.0,323.4
B6P,646.8,2.61,923.4,60.0,388.1
B6P,646.8,2.61,923.4,70.0,452.8
B6P,646.8,2.61,923.4,80.0,517.4
B6P,646.8,2.61,923.4,90.0,582.1
B6P,646.8,2.61,923.4,100.0,696.8
B8H4PbO15,1601.9,3.06,790.7,50.0,800.9
B8H4PbO15,1601.9,3.06,790.7,60.0,961.1
B8H4PbO15,1601.9,3.06,790.7,70.0,1121.3
B8H4PbO15,1601.9,3.06,790.7,80.0,1281.5
B8H4PbO15,1601.9,3.06,790.7,90.0,1441.7
B8H4PbO15,1601.9,3.06,790.7,100.0,1651.9
B9H11,544.1,0.99,2294.8,50.0,272.1
B9H11,544.1,0.99,2294.8,60.0,326.5
B9H11,544.1,0.99,2294.8,70.0,380.9
B9H11,544.1,0.99,2294.8,80.0,435.3
B9H11,544.1,0.99,2294.8,90.0,489.7
B9H11,544.1,0.99,2294.8,100.0,594.1
B9Pb8O21F,1565.8,6.32,389.5,50.0,782.9
B9Pb8O21F,1565.8,6.32,389.5,60.0,939.5
B9Pb8O21F,1565.8,6.32,389.5,70.0,1096.1
B9Pb8O21F,1565.8,6.32,389.5,80.0,1252.7
B9Pb8O21F,1565.8,6.32,389.5,90.0,1409.2
B9Pb8O21F,1565.8,6.32,389.5,100.0,1615.8
BAs5(Pb3O10)2,1319.0,5.84,420.8,50.0,659.5
BAs5(Pb3O10)2,1319.0,5.84,420.8,60.0,791.4
BAs5(Pb3O10)2,1319.0,5.84,420.8,70.0,923.3
BAs5(Pb3O10)2,1319.0,5.84,420.8,80.0,1055.2
BAs5(Pb3O10)2,1319.0,5.84,420.8,90.0,1187.1
BAs5(Pb3O10)2,1319.0,5.84,420.8,100.0,1369.0
BAsO4,1458.7,3.62,672.4,50.0,729.4
BAsO4,1458.7,3.62,672.4,60.0,875.2
BAsO4,1458.7,3.62,672.4,70.0,1021.1
BAsO4,1458.7,3.62,672.4,80.0,1167.0
BAsO4,1458.7,3.62,672.4,90.0,1312.8
BAsO4,1458.7,3.62,672.4,100.0,1508.7
BBr3,917.4,3.16,766.7,50.0,458.7
BBr3,917.4,3.16,766.7,60.0,550.4
BBr3,917.4,3.16,766.7,70.0,642.2
BBr3,917.4,3.16,766.7,80.0,733.9
BBr3,917.4,3.16,766.7,90.0,825.6
BBr3,917.4,3.16,766.7,100.0,967.4
BCl(OF2)2,1376.5,2.2,1088.8,50.0,688.3
BCl(OF2)2,1376.5,2.2,1088.8,60.0,825.9
BCl(OF2)2,1376.5,2.2,1088.8,70.0,963.6
BCl(OF2)2,1376.5,2.2,1088.8,80.0,1101.2
BCl(OF2)2,1376.5,2.2,1088.8,90.0,1238.9
BCl(OF2)2,1376.5,2.2,1088.8,100.0,1426.5
BCl3,969.2,1.77,1337.7,50.0,484.6
BCl3,969.2,1.77,1337.7,60.0,581.5
BCl3,969.2,1.77,1337.7,70.0,678.4
BCl3,969.2,1.77,1337.7,80.0,775.4
BCl3,969.2,1.77,1337.7,90.0,872.3
BCl3,969.2,1.77,1337.7,100.0,1019.2
BClF6,1313.9,2.5,962.1,50.0,657.0
BClF6,1313.9,2.5,962.1,60.0,788.4
BClF6,1313.9,2.5,962.1,70.0,919.7
BClF6,1313.9,2.5,962.1,80.0,1051.1
BClF6,1313.9,2.5,962.1,90.0,1182.5
BClF6,1313.9,2.5,962.1,100.0,1363.9
BF3,1817.4,2.18,1098.3,50.0,908.7
BF3,1817.4,2.18,1098.3,60.0,1090.5
BF3,1817.4,2.18,1098.3,70.0,1272.2
BF3,1817.4,2.18,1098.3,80.0,1454.0
BF3,1817.4,2.18,1098.3,90.0,1635.7
BF3,1817.4,2.18,1098.3,100.0,1867.4
BH(PbO2)2,1359.5,6.19,397.7,50.0,679.7
BH(PbO2)2,1359.5,6.19,397.7,60.0,815.7
BH(PbO2)2,1359.5,6.19,397.7,70.0,951.6
BH(PbO2)2,1359.5,6.19,397.7,80.0,1087.6
BH(PbO2)2,1359.5,6.19,397.7,90.0,1223.5
BH(PbO2)2,1359.5,6.19,397.7,100.0,1409.5
BH2OF3,1574.5,1.79,1319.5,50.0,787.3
BH2OF3,1574.5,1.79,1319.5,60.0,944.7
BH2OF3,1574.5,1.79,1319.5,70.0,1102.2
BH2OF3,1574.5,1.79,1319.5,80.0,1259.6
BH2OF3,1574.5,1.79,1319.5,90.0,1417.1
BH2OF3,1574.5,1.79,1319.5,100.0,1624.5
BH3NF3,1376.1,1.84,1285.7,50.0,688.1
BH3NF3,1376.1,1.84,1285.7,60.0,825.7
BH3NF3,1376.1,1.84,1285.7,70.0,963.3
BH3NF3,1376.1,1.84,1285.7,80.0,1100.9
BH3NF3,1376.1,1.84,1285.7,90.0,1238.5
BH3NF3,1376.1,1.84,1285.7,100.0,1426.1
BH3OF4,1528.7,1.95,1220.3,50.0,764.3
BH3OF4,1528.7,1.95,1220.3,60.0,917.2
BH3OF4,1528.7,1.95,1220.3,70.0,1070.1
BH3OF4,1528.7,1.95,1220.3,80.0,1222.9
BH3OF4,1528.7,1.95,1220.3,90.0,1375.8
BH3OF4,1528.7,1.95,1220.3,100.0,1578.7
BH4NF4,1386.4,1.86,1274.9,50.0,693.2
BH4NF4,1386.4,1.86,1274.9,60.0,831.9
BH4NF4,1386.4,1.86,1274.9,70.0,970.5
BH4NF4,1386.4,1.86,1274.9,80.0,1109.1
BH4NF4,1386.4,1.86,1274.9,90.0,1247.8
BH4NF4,1386.4,1.86,1274.9,100.0,1436.4
BH4O2F3,1430.1,1.87,1266.5,50.0,715.1
BH4O2F3,1430.1,1.87,1266.5,60.0,858.1
BH4O2F3,1430.1,1.87,1266.5,70.0,1001.1
BH4O2F3,1430.1,1.87,1266.5,80.0,1144.1
BH4O2F3,1430.1,1.87,1266.5,90.0,1287.1
BH4O2F3,1430.1,1.87,1266.5,100.0,1480.1
BH5(OF2)2,1417.6,1.79,1325.8,50.0,708.8
BH5(OF2)2,1417.6,1.79,1325.8,60.0,850.5
BH5(OF2)2,1417.6,1.79,1325.8,70.0,992.3
BH5(OF2)2,1417.6,1.79,1325.8,80.0,1134.0
BH5(OF2)2,1417.6,1.79,1325.8,90.0,1275.8
BH5(OF2)2,1417.6,1.79,1325.8,100.0,1467.6
BH6CN3F4,1144.8,1.57,1494.5,50.0,572.4
BH6CN3F4,1144.8,1.57,1494.5,60.0,686.9
BH6CN3F4,1144.8,1.57,1494.5,70.0,801.3
BH6CN3F4,1144.8,1.57,1494.5,80.0,915.8
BH6CN3F4,1144.8,1.57,1494.5,90.0,1030.3
BH6CN3F4,1144.8,1.57,1494.5,100.0,1194.8
BHO2,1516.2,2.1,1138.6,50.0,758.1
BHO2,1516.2,2.1,1138.6,60.0,909.7
BHO2,1516.2,2.1,1138.6,70.0,1061.3
BHO2,1516.2,2.1,1138.6,80.0,1212.9
BHO2,1516.2,2.1,1138.6,90.0,1364.5
BHO2,1516.2,2.1,1138.6,100.0,1566.2
BHS3O11,1302.8,2.24,1069.7,50.0,651.4
BHS3O11,1302.8,2.24,1069.7,60.0,781.7
BHS3O11,1302.8,2.24,1069.7,70.0,912.0
BHS3O11,1302.8,2.24,1069.7,80.0,1042.3
BHS3O11,1302.8,2.24,1069.7,90.0,1172.6
BHS3O11,1302.8,2.24,1069.7,100.0,1352.8
BI3,656.3,3.79,643.1,50.0,328.2
BI3,656.3,3.79,643.1,60.0,393.8
BI3,656.3,3.79,643.1,70.0,459.4
BI3,656.3,3.79,643.1,80.0,525.0
BI3,656.3,3.79,643.1,90.0,590.7
BI3,656.3,3.79,643.1,100.0,706.3
BIr,596.8,15.56,159.6,50.0,298.4
BIr,596.8,15.56,159.6,60.0,358.1
BIr,596.8,15.56,159.6,70.0,417.7
BIr,596.8,15.56,159.6,80.0,477.4
BIr,596.8,15.56,159.6,90.0,537.1
BIr,596.8,15.56,159.6,100.0,646.8
BIrPd,636.9,13.75,180.5,50.0,318.4
BIrPd,636.9,13.75,180.5,60.0,382.1
BIrPd,636.9,13.75,180.5,70.0,445.8
BIrPd,636.9,13.75,180.5,80.0,509.5
BIrPd,636.9,13.75,180.5,90.0,573.2
BIrPd,636.9,13.75,180.5,100.0,686.9
BMo,735.8,8.6,287.5,50.0,367.9
BMo,735.8,8.6,287.5,60.0,441.5
BMo,735.8,8.6,287.5,70.0,515.0
BMo,735.8,8.6,287.5,80.0,588.6
BMo,735.8,8.6,287.5,90.0,662.2
BMo,735.8,8.6,287.5,100.0,785.8
BN,1135.8,2.25,1065.3,50.0,567.9
BN,1135.8,2.25,1065.3,60.0,681.5
BN,1135.8,2.25,1065.3,70.0,795.1
BN,1135.8,2.25,1065.3,80.0,908.7
BN,1135.8,2.25,1065.3,90.0,1022.3
BN,1135.8,2.25,1065.3,100.0,1185.8
BN(OF2)2,1444.4,2.09,1139.2,50.0,722.2
BN(OF2)2,1444.4,2.09,1139.2,60.0,866.6
BN(OF2)2,1444.4,2.09,1139.2,70.0,1011.1
BN(OF2)2,1444.4,2.09,1139.2,80.0,1155.5
BN(OF2)2,1444.4,2.09,1139.2,90.0,1299.9
BN(OF2)2,1444.4,2.09,1139.2,100.0,1494.4
BNF8,1288.7,2.47,972.3,50.0,644.4
BNF8,1288.7,2.47,972.3,60.0,773.2
BNF8,1288.7,2.47,972.3,70.0,902.1
BNF8,1288.7,2.47,972.3,80.0,1031.0
BNF8,1288.7,2.47,972.3,90.0,1159.8
BNF8,1288.7,2.47,972.3,100.0,1338.7
BO2F3,1451.3,1.96,1216.4,50.0,725.7
BO2F3,1451.3,1.96,1216.4,60.0,870.8
BO2F3,1451.3,1.96,1216.4,70.0,1015.9
BO2F3,1451.3,1.96,1216.4,80.0,1161.1
BO2F3,1451.3,1.96,1216.4,90.0,1306.2
BO2F3,1451.3,1.96,1216.4,100.0,1501.3
BOs,622.6,16.11,154.3,50.0,311.3
BOs,622.6,16.11,154.3,60.0,373.5
BOs,622.6,16.11,154.3,70.0,435.8
BOs,622.6,16.11,154.3,80.0,498.0
BOs,622.6,16.11,154.3,90.0,560.3
BOs,622.6,16.11,154.3,100.0,672.6
BP,717.5,2.98,811.3,50.0,358.7
BP,717.5,2.98,811.3,60.0,430.5
BP,717.5,2.98,811.3,70.0,502.2
BP,717.5,2.98,811.3,80.0,574.0
BP,717.5,2.98,811.3,90.0,645.7
BP,717.5,2.98,811.3,100.0,767.5
BP(IBr)3,797.2,3.37,719.6,50.0,398.6
BP(IBr)3,797.2,3.37,719.6,60.0,478.3
BP(IBr)3,797.2,3.37,719.6,70.0,558.1
BP(IBr)3,797.2,3.37,719.6,80.0,637.8
BP(IBr)3,797.2,3.37,719.6,90.0,717.5
BP(IBr)3,797.2,3.37,719.6,100.0,847.2
BP(PbO2)4,1464.3,7.45,331.1,50.0,732.2
BP(PbO2)4,1464.3,7.45,331.1,60.0,878.6
BP(PbO2)4,1464.3,7.45,331.1,70.0,1025.0
BP(PbO2)4,1464.3,7.45,331.1,80.0,1171.5
BP(PbO2)4,1464.3,7.45,331.1,90.0,1317.9
BP(PbO2)4,1464.3,7.45,331.1,100.0,1514.3
BPBr6,892.4,3.4,713.6,50.0,446.2
BPBr6,892.4,3.4,713.6,60.0,535.4
BPBr6,892.4,3.4,713.6,70.0,624.7
BPBr6,892.4,3.4,713.6,80.0,713.9
BPBr6,892.4,3.4,713.6,90.0,803.1
BPBr6,892.4,3.4,713.6,100.0,942.4
BPH4NO4F,1364.2,2.07,1151.1,50.0,682.1
BPH4NO4F,1364.2,2.07,1151.1,60.0,818.5
BPH4NO4F,1364.2,2.07,1151.1,70.0,954.9
BPH4NO4F,1364.2,2.07,1151.1,80.0,1091.3
BPH4NO4F,1364.2,2.07,1151.1,90.0,1227.7
BPH4NO4F,1364.2,2.07,1151.1,100.0,1414.2
BPO4,1743.9,2.8,862.6,50.0,872.0
BPO4,1743.9,2.8,862.6,60.0,1046.4
BPO4,1743.9,2.8,862.6,70.0,1220.7
BPO4,1743.9,2.8,862.6,80.0,1395.1
BPO4,1743.9,2.8,862.6,90.0,1569.5
BPO4,1743.9,2.8,862.6,100.0,1793.9
BPPbO5,1646.0,5.54,443.0,50.0,823.0
BPPbO5,1646.0,5.54,443.0,60.0,987.6
BPPbO5,1646.0,5.54,443.0,70.0,1152.2
BPPbO5,1646.0,5.54,443.0,80.0,1316.8
BPPbO5,1646.0,5.54,443.0,90.0,1481.4
BPPbO5,1646.0,5.54,443.0,100.0,1696.0
BPS4,790.4,1.99,1193.6,50.0,395.2
BPS4,790.4,1.99,1193.6,60.0,474.3
BPS4,790.4,1.99,1193.6,70.0,553.3
BPS4,790.4,1.99,1193.6,80.0,632.3
BPS4,790.4,1.99,1193.6,90.0,711.4
BPS4,790.4,1.99,1193.6,100.0,840.4
BPb2O3F,1520.1,6.94,355.1,50.0,760.0
BPb2O3F,1520.1,6.94,355.1,60.0,912.1
BPb2O3F,1520.1,6.94,355.1,70.0,1064.1
BPb2O3F,1520.1,6.94,355.1,80.0,1216.1
BPb2O3F,1520.1,6.94,355.1,90.0,1368.1
BPb2O3F,1520.1,6.94,355.1,100.0,1570.1
BPb7Br3O7,1256.2,7.4,333.2,50.0,628.1
BPb7Br3O7,1256.2,7.4,333.2,60.0,753.7
BPb7Br3O7,1256.2,7.4,333.2,70.0,879.4
BPb7Br3O7,1256.2,7.4,333.2,80.0,1005.0
BPb7Br3O7,1256.2,7.4,333.2,90.0,1130.6
BPb7Br3O7,1256.2,7.4,333.2,100.0,1306.2
BPd2,623.9,9.72,254.6,50.0,312.0
BPd2,623.9,9.72,254.6,60.0,374.3
BPd2,623.9,9.72,254.6,70.0,436.7
BPd2,623.9,9.72,254.6,80.0,499.1
BPd2,623.9,9.72,254.6,90.0,561.5
BPd2,623.9,9.72,254.6,100.0,673.9
BPd3,618.5,10.74,230.6,50.0,309.2
BPd3,618.5,10.74,230.6,60.0,371.1
BPd3,618.5,10.74,230.6,70.0,432.9
BPd3,618.5,10.74,230.6,80.0,494.8
BPd3,618.5,10.74,230.6,90.0,556.6
BPd3,618.5,10.74,230.6,100.0,668.5
BPd5,599.3,10.81,229.2,50.0,299.7
BPd5,599.3,10.81,229.2,60.0,359.6
BPd5,599.3,10.81,229.2,70.0,419.5
BPd5,599.3,10.81,229.2,80.0,479.5
BPd5,599.3,10.81,229.2,90.0,539.4
BPd5,599.3,10.81,229.2,100.0,649.3
BPd6,587.9,10.95,226.3,50.0,293.9
BPd6,587.9,10.95,226.3,60.0,352.7
BPd6,587.9,10.95,226.3,70.0,411.5
BPd6,587.9,10.95,226.3,80.0,470.3
BPd6,587.9,10.95,226.3,90.0,529.1
BPd6,587.9,10.95,226.3,100.0,637.9
BPt2,592.4,17.33,143.4,50.0,296.2
BPt2,592.4,17.33,143.4,60.0,355.4
BPt2,592.4,17.33,143.4,70.0,414.7
BPt2,592.4,17.33,143.4,80.0,473.9
BPt2,592.4,17.33,143.4,90.0,533.1
BPt2,592.4,17.33,143.4,100.0,642.4
BRh,693.1,9.34,264.9,50.0,346.5
BRh,693.1,9.34,264.9,60.0,415.8
BRh,693.1,9.34,264.9,70.0,485.2
BRh,693.1,9.34,264.9,80.0,554.5
BRh,693.1,9.34,264.9,90.0,623.8
BRh,693.1,9.34,264.9,100.0,743.1
BS2,828.0,1.84,1287.8,50.0,414.0
BS2,828.0,1.84,1287.8,60.0,496.8
BS2,828.0,1.84,1287.8,70.0,579.6
BS2,828.0,1.84,1287.8,80.0,662.4
BS2,828.0,1.84,1287.8,90.0,745.2
BS2,828.0,1.84,1287.8,100.0,878.0
BSBr,886.3,2.48,968.6,50.0,443.1
BSBr,886.3,2.48,968.6,60.0,531.8
BSBr,886.3,2.48,968.6,70.0,620.4
BSBr,886.3,2.48,968.6,80.0,709.0
BSBr,886.3,2.48,968.6,90.0,797.7
BSBr,886.3,2.48,968.6,100.0,936.3
BSF7,1635.6,2.55,943.4,50.0,817.8
BSF7,1635.6,2.55,943.4,60.0,981.3
BSF7,1635.6,2.55,943.4,70.0,1144.9
BSF7,1635.6,2.55,943.4,80.0,1308.4
BSF7,1635.6,2.55,943.4,90.0,1472.0
BSF7,1635.6,2.55,943.4,100.0,1685.6
BSbPbS4,814.8,4.41,554.4,50.0,407.4
BSbPbS4,814.8,4.41,554.4,60.0,488.9
BSbPbS4,814.8,4.41,554.4,70.0,570.4
BSbPbS4,814.8,4.41,554.4,80.0,651.9
BSbPbS4,814.8,4.41,554.4,90.0,733.3
BSbPbS4,814.8,4.41,554.4,100.0,864.8
BSe2,587.7,3.6,674.8,50.0,293.9
BSe2,587.7,3.6,674.8,60.0,352.6
BSe2,587.7,3.6,674.8,70.0,411.4
BSe2,587.7,3.6,674.8,80.0,470.2
BSe2,587.7,3.6,674.8,90.0,529.0
BSe2,587.7,3.6,674.8,100.0,637.7
BTe3(OF5)3,1554.5,3.34,727.0,50.0,777.3
BTe3(OF5)3,1554.5,3.34,727.0,60.0,932.7
BTe3(OF5)3,1554.5,3.34,727.0,70.0,1088.2
BTe3(OF5)3,1554.5,3.34,727.0,80.0,1243.6
BTe3(OF5)3,1554.5,3.34,727.0,90.0,1399.1
BTe3(OF5)3,1554.5,3.34,727.0,100.0,1604.5
BW,661.9,15.59,159.4,50.0,330.9
BW,661.9,15.59,159.4,60.0,397.1
BW,661.9,15.59,159.4,70.0,463.3
BW,661.9,15.59,159.4,80.0,529.5
BW,661.9,15.59,159.4,90.0,595.7
BW,661.9,15.59,159.4,100.0,711.9
BW2,610.6,17.02,146.0,50.0,305.3
BW2,610.6,17.02,146.0,60.0,366.3
BW2,610.6,17.02,146.0,70.0,427.4
BW2,610.6,17.02,146.0,80.0,488.4
BW2,610.6,17.02,146.0,90.0,549.5
BW2,610.6,17.02,146.0,100.0,660.6
Ba,545.0,3.51,692.8,50.0,272.5
Ba,545.0,3.51,692.8,60.0,327.0
Ba,545.0,3.51,692.8,70.0,381.5
Ba,545.0,3.51,692.8,80.0,436.0
Ba,545.0,3.51,692.8,90.0,490.5
Ba,545.0,3.51,692.8,100.0,595.0
Ba(Ag3O2)2,873.6,7.24,340.4,50.0,436.8
Ba(Ag3O2)2,873.6,7.24,340.4,60.0,524.2
Ba(Ag3O2)2,873.6,7.24,340.4,70.0,611.5
Ba(Ag3O2)2,873.6,7.24,340.4,80.0,698.9
Ba(Ag3O2)2,873.6,7.24,340.4,90.0,786.3
Ba(Ag3O2)2,873.6,7.24,340.4,100.0,923.6
Ba(AgGe)2,649.5,7.18,343.5,50.0,324.7
Ba(AgGe)2,649.5,7.18,343.5,60.0,389.7
Ba(AgGe)2,649.5,7.18,343.5,70.0,454.6
Ba(AgGe)2,649.5,7.18,343.5,80.0,519.6
Ba(AgGe)2,649.5,7.18,343.5,90.0,584.5
Ba(AgGe)2,649.5,7.18,343.5,100.0,699.5
Ba(AgSn)2,679.0,7.22,341.4,50.0,339.5
Ba(AgSn)2,679.0,7.22,341.4,60.0,407.4
Ba(AgSn)2,679.0,7.22,341.4,70.0,475.3
Ba(AgSn)2,679.0,7.22,341.4,80.0,543.2
Ba(AgSn)2,679.0,7.22,341.4,90.0,611.1
Ba(AgSn)2,679.0,7.22,341.4,100.0,729.0
Ba(AgTe)2,928.7,6.62,371.7,50.0,464.4
Ba(AgTe)2,928.7,6.62,371.7,60.0,557.2
Ba(AgTe)2,928.7,6.62,371.7,70.0,650.1
Ba(AgTe)2,928.7,6.62,371.7,80.0,743.0
Ba(AgTe)2,928.7,6.62,371.7,90.0,835.9
Ba(AgTe)2,928.7,6.62,371.7,100.0,978.7
Ba(AlCl4)2,1533.0,2.25,1065.2,50.0,766.5
Ba(AlCl4)2,1533.0,2.25,1065.2,60.0,919.8
Ba(AlCl4)2,1533.0,2.25,1065.2,70.0,1073.1
Ba(AlCl4)2,1533.0,2.25,1065.2,80.0,1226.4
Ba(AlCl4)2,1533.0,2.25,1065.2,90.0,1379.7
Ba(AlCl4)2,1533.0,2.25,1065.2,100.0,1583.0
Ba(AlGa)2,668.8,4.87,502.7,50.0,334.4
Ba(AlGa)2,668.8,4.87,502.7,60.0,401.3
Ba(AlGa)2,668.8,4.87,502.7,70.0,468.2
Ba(AlGa)2,668.8,4.87,502.7,80.0,535.1
Ba(AlGa)2,668.8,4.87,502.7,90.0,601.9
Ba(AlGa)2,668.8,4.87,502.7,100.0,718.8
Ba(AlGe)2,678.5,4.62,529.3,50.0,339.2
Ba(AlGe)2,678.5,4.62,529.3,60.0,407.1
Ba(AlGe)2,678.5,4.62,529.3,70.0,474.9
Ba(AlGe)2,678.5,4.62,529.3,80.0,542.8
Ba(AlGe)2,678.5,4.62,529.3,90.0,610.6
Ba(AlGe)2,678.5,4.62,529.3,100.0,728.5
Ba(AlS2)2,1289.6,3.09,784.9,50.0,644.8
Ba(AlS2)2,1289.6,3.09,784.9,60.0,773.8
Ba(AlS2)2,1289.6,3.09,784.9,70.0,902.8
Ba(AlS2)2,1289.6,3.09,784.9,80.0,1031.7
Ba(AlS2)2,1289.6,3.09,784.9,90.0,1160.7
Ba(AlS2)2,1289.6,3.09,784.9,100.0,1339.6
Ba(AlSe2)2,1210.6,4.09,597.3,50.0,605.3
Ba(AlSe2)2,1210.6,4.09,597.3,60.0,726.4
Ba(AlSe2)2,1210.6,4.09,597.3,70.0,847.4
Ba(AlSe2)2,1210.6,4.09,597.3,80.0,968.5
Ba(AlSe2)2,1210.6,4.09,597.3,90.0,1089.5
Ba(AlSe2)2,1210.6,4.09,597.3,100.0,1260.6
Ba(AlSi)2,621.2,3.5,694.9,50.0,310.6
Ba(AlSi)2,621.2,3.5,694.9,60.0,372.7
Ba(AlSi)2,621.2,3.5,694.9,70.0,434.9
Ba(AlSi)2,621.2,3.5,694.9,80.0,497.0
Ba(AlSi)2,621.2,3.5,694.9,90.0,559.1
Ba(AlSi)2,621.2,3.5,694.9,100.0,671.2
Ba(AlTe2)2,1013.2,4.58,534.2,50.0,506.6
Ba(AlTe2)2,1013.2,4.58,534.2,60.0,607.9
Ba(AlTe2)2,1013.2,4.58,534.2,70.0,709.3
Ba(AlTe2)2,1013.2,4.58,534.2,80.0,810.6
Ba(AlTe2)2,1013.2,4.58,534.2,90.0,911.9
Ba(AlTe2)2,1013.2,4.58,534.2,100.0,1063.2
Ba(As3Pt2)2,795.9,10.22,242.3,50.0,397.9
Ba(As3Pt2)2,795.9,10.22,242.3,60.0,477.5
Ba(As3Pt2)2,795.9,10.22,242.3,70.0,557.1
Ba(As3Pt2)2,795.9,10.22,242.3,80.0,636.7
Ba(As3Pt2)2,795.9,10.22,242.3,90.0,716.3
Ba(As3Pt2)2,795.9,10.22,242.3,100.0,845.9
Ba(AsO3)2,1485.0,4.94,496.2,50.0,742.5
Ba(AsO3)2,1485.0,4.94,496.2,60.0,891.0
Ba(AsO3)2,1485.0,4.94,496.2,70.0,1039.5
Ba(AsO3)2,1485.0,4.94,496.2,80.0,1188.0
Ba(AsO3)2,1485.0,4.94,496.2,90.0,1336.5
Ba(AsO3)2,1485.0,4.94,496.2,100.0,1535.0
Ba(AsPd)2,850.5,7.77,317.8,50.0,425.2
Ba(AsPd)2,850.5,7.77,317.8,60.0,510.3
Ba(AsPd)2,850.5,7.77,317.8,70.0,595.3
Ba(AsPd)2,850.5,7.77,317.8,80.0,680.4
Ba(AsPd)2,850.5,7.77,317.8,90.0,765.4
Ba(AsPd)2,850.5,7.77,317.8,100.0,900.5
Ba(AsRh)2,865.5,7.6,324.7,50.0,432.8
Ba(AsRh)2,865.5,7.6,324.7,60.0,519.3
Ba(AsRh)2,865.5,7.6,324.7,70.0,605.9
Ba(AsRh)2,865.5,7.6,324.7,80.0,692.4
Ba(AsRh)2,865.5,7.6,324.7,90.0,779.0
Ba(AsRh)2,865.5,7.6,324.7,100.0,915.5
Ba(AsRu)2,811.3,7.52,328.2,50.0,405.6
Ba(AsRu)2,811.3,7.52,328.2,60.0,486.8
Ba(AsRu)2,811.3,7.52,328.2,70.0,567.9
Ba(AsRu)2,811.3,7.52,328.2,80.0,649.0
Ba(AsRu)2,811.3,7.52,328.2,90.0,730.2
Ba(AsRu)2,811.3,7.52,328.2,100.0,861.3
Ba(AuF4)2,1494.5,6.34,388.1,50.0,747.2
Ba(AuF4)2,1494.5,6.34,388.1,60.0,896.7
Ba(AuF4)2,1494.5,6.34,388.1,70.0,1046.1
Ba(AuF4)2,1494.5,6.34,388.1,80.0,1195.6
Ba(AuF4)2,1494.5,6.34,388.1,90.0,1345.0
Ba(AuF4)2,1494.5,6.34,388.1,100.0,1544.5
Ba(AuF6)2,1304.3,4.4,555.2,50.0,652.2
Ba(AuF6)2,1304.3,4.4,555.2,60.0,782.6
Ba(AuF6)2,1304.3,4.4,555.2,70.0,913.0
Ba(AuF6)2,1304.3,4.4,555.2,80.0,1043.5
Ba(AuF6)2,1304.3,4.4,555.2,90.0,1173.9
Ba(AuF6)2,1304.3,4.4,555.2,100.0,1354.3
Ba(AuO2)2,1150.5,9.1,271.8,50.0,575.3
Ba(AuO2)2,1150.5,9.1,271.8,60.0,690.3
Ba(AuO2)2,1150.5,9.1,271.8,70.0,805.4
Ba(AuO2)2,1150.5,9.1,271.8,80.0,920.4
Ba(AuO2)2,1150.5,9.1,271.8,90.0,1035.5
Ba(AuO2)2,1150.5,9.1,271.8,100.0,1200.5
Ba(B2Pt3)2,691.2,12.68,195.7,50.0,345.6
Ba(B2Pt3)2,691.2,12.68,195.7,60.0,414.7
Ba(B2Pt3)2,691.2,12.68,195.7,70.0,483.8
Ba(B2Pt3)2,691.2,12.68,195.7,80.0,553.0
Ba(B2Pt3)2,691.2,12.68,195.7,90.0,622.1
Ba(B2Pt3)2,691.2,12.68,195.7,100.0,741.2
Ba(BH)12,702.6,1.7,1390.1,50.0,351.3
Ba(BH)12,702.6,1.7,1390.1,60.0,421.5
Ba(BH)12,702.6,1.7,1390.1,70.0,491.8
Ba(BH)12,702.6,1.7,1390.1,80.0,562.0
Ba(BH)12,702.6,1.7,1390.1,90.0,632.3
Ba(BH)12,702.6,1.7,1390.1,100.0,752.6
Ba(BH4)2,730.6,2.17,1099.5,50.0,365.3
Ba(BH4)2,730.6,2.17,1099.5,60.0,438.4
Ba(BH4)2,730.6,2.17,1099.5,70.0,511.4
Ba(BH4)2,730.6,2.17,1099.5,80.0,584.5
Ba(BH4)2,730.6,2.17,1099.5,90.0,657.6
Ba(BH4)2,730.6,2.17,1099.5,100.0,780.6
Ba(BIr)2,725.0,10.07,245.9,50.0,362.5
Ba(BIr)2,725.0,10.07,245.9,60.0,435.0
Ba(BIr)2,725.0,10.07,245.9,70.0,507.5
Ba(BIr)2,725.0,10.07,245.9,80.0,580.0
Ba(BIr)2,725.0,10.07,245.9,90.0,652.5
Ba(BIr)2,725.0,10.07,245.9,100.0,775.0
Ba(BO2)2,1893.6,3.69,659.9,50.0,946.8
Ba(BO2)2,1893.6,3.69,659.9,60.0,1136.2
Ba(BO2)2,1893.6,3.69,659.9,70.0,1325.5
Ba(BO2)2,1893.6,3.69,659.9,80.0,1514.9
Ba(BO2)2,1893.6,3.69,659.9,90.0,1704.3
Ba(BO2)2,1893.6,3.69,659.9,100.0,1943.6
Ba(BRh)2,710.3,6.88,358.1,50.0,355.1
Ba(BRh)2,710.3,6.88,358.1,60.0,426.2
Ba(BRh)2,710.3,6.88,358.1,70.0,497.2
Ba(BRh)2,710.3,6.88,358.1,80.0,568.2
Ba(BRh)2,710.3,6.88,358.1,90.0,639.2
Ba(BRh)2,710.3,6.88,358.1,100.0,760.3
Ba(BS2)2,1073.1,3.13,774.9,50.0,536.5
Ba(BS2)2,1073.1,3.13,774.9,60.0,643.8
Ba(BS2)2,1073.1,3.13,774.9,70.0,751.1
Ba(BS2)2,1073.1,3.13,774.9,80.0,858.4
Ba(BS2)2,1073.1,3.13,774.9,90.0,965.7
Ba(BS2)2,1073.1,3.13,774.9,100.0,1123.1
Ba(BSe3)2,900.7,4.54,538.9,50.0,450.3
Ba(BSe3)2,900.7,4.54,538.9,60.0,540.4
Ba(BSe3)2,900.7,4.54,538.9,70.0,630.5
Ba(BSe3)2,900.7,4.54,538.9,80.0,720.5
Ba(BSe3)2,900.7,4.54,538.9,90.0,810.6
Ba(BSe3)2,900.7,4.54,538.9,100.0,950.7
Ba(BeN)2,998.6,4.48,546.0,50.0,499.3
Ba(BeN)2,998.6,4.48,546.0,60.0,599.2
Ba(BeN)2,998.6,4.48,546.0,70.0,699.0
Ba(BeN)2,998.6,4.48,546.0,80.0,798.9
Ba(BeN)2,998.6,4.48,546.0,90.0,898.7
Ba(BeN)2,998.6,4.48,546.0,100.0,1048.6
Ba(BiPd)2,789.1,9.57,258.5,50.0,394.6
Ba(BiPd)2,789.1,9.57,258.5,60.0,473.5
Ba(BiPd)2,789.1,9.57,258.5,70.0,552.4
Ba(BiPd)2,789.1,9.57,258.5,80.0,631.3
Ba(BiPd)2,789.1,9.57,258.5,90.0,710.2
Ba(BiPd)2,789.1,9.57,258.5,100.0,839.1
Ba(BiS2)2,1030.1,5.9,416.9,50.0,515.1
Ba(BiS2)2,1030.1,5.9,416.9,60.0,618.1
Ba(BiS2)2,1030.1,5.9,416.9,70.0,721.1
Ba(BiS2)2,1030.1,5.9,416.9,80.0,824.1
Ba(BiS2)2,1030.1,5.9,416.9,90.0,927.1
Ba(BiS2)2,1030.1,5.9,416.9,100.0,1080.1
Ba(BrF4)2,1447.1,4.01,608.7,50.0,723.5
Ba(BrF4)2,1447.1,4.01,608.7,60.0,868.3
Ba(BrF4)2,1447.1,4.01,608.7,70.0,1013.0
Ba(BrF4)2,1447.1,4.01,608.7,80.0,1157.7
Ba(BrF4)2,1447.1,4.01,608.7,90.0,1302.4
Ba(BrF4)2,1447.1,4.01,608.7,100.0,1497.1
Ba(BrO3)2,1025.5,4.0,609.2,50.0,512.8
Ba(BrO3)2,1025.5,4.0,609.2,60.0,615.3
Ba(BrO3)2,1025.5,4.0,609.2,70.0,717.9
Ba(BrO3)2,1025.5,4.0,609.2,80.0,820.4
Ba(BrO3)2,1025.5,4.0,609.2,90.0,923.0
Ba(BrO3)2,1025.5,4.0,609.2,100.0,1075.5
Ba(Cd2Pt)2,696.1,10.14,244.1,50.0,348.0
Ba(Cd2Pt)2,696.1,10.14,244.1,60.0,417.6
Ba(Cd2Pt)2,696.1,10.14,244.1,70.0,487.3
Ba(Cd2Pt)2,696.1,10.14,244.1,80.0,556.9
Ba(Cd2Pt)2,696.1,10.14,244.1,90.0,626.5
Ba(Cd2Pt)2,696.1,10.14,244.1,100.0,746.1
Ba(CdAs)2,776.7,6.09,404.2,50.0,388.3
Ba(CdAs)2,776.7,6.09,404.2,60.0,466.0
Ba(CdAs)2,776.7,6.09,404.2,70.0,543.7
Ba(CdAs)2,776.7,6.09,404.2,80.0,621.3
Ba(CdAs)2,776.7,6.09,404.2,90.0,699.0
Ba(CdAs)2,776.7,6.09,404.2,100.0,826.7
Ba(CdGe)2,651.5,6.66,369.9,50.0,325.8
Ba(CdGe)2,651.5,6.66,369.9,60.0,390.9
Ba(CdGe)2,651.5,6.66,369.9,70.0,456.1
Ba(CdGe)2,651.5,6.66,369.9,80.0,521.2
Ba(CdGe)2,651.5,6.66,369.9,90.0,586.4
Ba(CdGe)2,651.5,6.66,369.9,100.0,701.5
Ba(CdP)2,754.3,5.42,452.6,50.0,377.2
Ba(CdP)2,754.3,5.42,452.6,60.0,452.6
Ba(CdP)2,754.3,5.42,452.6,70.0,528.0
Ba(CdP)2,754.3,5.42,452.6,80.0,603.5
Ba(CdP)2,754.3,5.42,452.6,90.0,678.9
Ba(CdP)2,754.3,5.42,452.6,100.0,804.3
Ba(CdSb)2,771.8,6.1,403.4,50.0,385.9
Ba(CdSb)2,771.8,6.1,403.4,60.0,463.1
Ba(CdSb)2,771.8,6.1,403.4,70.0,540.2
Ba(CdSb)2,771.8,6.1,403.4,80.0,617.4
Ba(CdSb)2,771.8,6.1,403.4,90.0,694.6
Ba(CdSb)2,771.8,6.1,403.4,100.0,821.8
Ba(ClO4)2,999.8,3.65,666.0,50.0,499.9
Ba(ClO4)2,999.8,3.65,666.0,60.0,599.9
Ba(ClO4)2,999.8,3.65,666.0,70.0,699.9
Ba(ClO4)2,999.8,3.65,666.0,80.0,799.9
Ba(ClO4)2,999.8,3.65,666.0,90.0,899.8
Ba(ClO4)2,999.8,3.65,666.0,100.0,1049.8
Ba(CoAs)2,770.8,6.78,363.5,50.0,385.4
Ba(CoAs)2,770.8,6.78,363.5,60.0,462.5
Ba(CoAs)2,770.8,6.78,363.5,70.0,539.5
Ba(CoAs)2,770.8,6.78,363.5,80.0,616.6
Ba(CoAs)2,770.8,6.78,363.5,90.0,693.7
Ba(CoAs)2,770.8,6.78,363.5,100.0,820.8
Ba(CoGe)2,665.8,6.74,365.4,50.0,332.9
Ba(CoGe)2,665.8,6.74,365.4,60.0,399.5
Ba(CoGe)2,665.8,6.74,365.4,70.0,466.0
Ba(CoGe)2,665.8,6.74,365.4,80.0,532.6
Ba(CoGe)2,665.8,6.74,365.4,90.0,599.2
Ba(CoGe)2,665.8,6.74,365.4,100.0,715.8
Ba(CoN)2,724.8,5.69,431.9,50.0,362.4
Ba(CoN)2,724.8,5.69,431.9,60.0,434.9
Ba(CoN)2,724.8,5.69,431.9,70.0,507.3
Ba(CoN)2,724.8,5.69,431.9,80.0,579.8
Ba(CoN)2,724.8,5.69,431.9,90.0,652.3
Ba(CoN)2,724.8,5.69,431.9,100.0,774.8
Ba(CoSn4)2,601.2,7.22,341.7,50.0,300.6
Ba(CoSn4)2,601.2,7.22,341.7,60.0,360.7
Ba(CoSn4)2,601.2,7.22,341.7,70.0,420.9
Ba(CoSn4)2,601.2,7.22,341.7,80.0,481.0
Ba(CoSn4)2,601.2,7.22,341.7,90.0,541.1
Ba(CoSn4)2,601.2,7.22,341.7,100.0,651.2
Ba(Cr5S8)2,1009.6,3.78,643.7,50.0,504.8
Ba(Cr5S8)2,1009.6,3.78,643.7,60.0,605.8
Ba(Cr5S8)2,1009.6,3.78,643.7,70.0,706.8
Ba(Cr5S8)2,1009.6,3.78,643.7,80.0,807.7
Ba(Cr5S8)2,1009.6,3.78,643.7,90.0,908.7
Ba(Cr5S8)2,1009.6,3.78,643.7,100.0,1059.6
Ba(Cu2As)4,596.5,7.33,336.6,50.0,298.3
Ba(Cu2As)4,596.5,7.33,336.6,60.0,357.9
Ba(Cu2As)4,596.5,7.33,336.6,70.0,417.6
Ba(Cu2As)4,596.5,7.33,336.6,80.0,477.2
Ba(Cu2As)4,596.5,7.33,336.6,90.0,536.9
Ba(Cu2As)4,596.5,7.33,336.6,100.0,646.5
Ba(Cu2P)4,628.4,6.46,381.3,50.0,314.2
Ba(Cu2P)4,628.4,6.46,381.3,60.0,377.0
Ba(Cu2P)4,628.4,6.46,381.3,70.0,439.9
Ba(Cu2P)4,628.4,6.46,381.3,80.0,502.7
Ba(Cu2P)4,628.4,6.46,381.3,90.0,565.5
Ba(Cu2P)4,628.4,6.46,381.3,100.0,678.4
Ba(CuAs)2,729.2,6.58,374.2,50.0,364.6
Ba(CuAs)2,729.2,6.58,374.2,60.0,437.5
Ba(CuAs)2,729.2,6.58,374.2,70.0,510.4
Ba(CuAs)2,729.2,6.58,374.2,80.0,583.4
Ba(CuAs)2,729.2,6.58,374.2,90.0,656.3
Ba(CuAs)2,729.2,6.58,374.2,100.0,779.2
Ba(CuO)2,1227.5,5.91,416.2,50.0,613.7
Ba(CuO)2,1227.5,5.91,416.2,60.0,736.5
Ba(CuO)2,1227.5,5.91,416.2,70.0,859.2
Ba(CuO)2,1227.5,5.91,416.2,80.0,982.0
Ba(CuO)2,1227.5,5.91,416.2,90.0,1104.7
Ba(CuO)2,1227.5,5.91,416.2,100.0,1277.5
Ba(CuP2)2,709.1,4.9,500.5,50.0,354.5
Ba(CuP2)2,709.1,4.9,500.5,60.0,425.5
Ba(CuP2)2,709.1,4.9,500.5,70.0,496.4
Ba(CuP2)2,709.1,4.9,500.5,80.0,567.3
Ba(CuP2)2,709.1,4.9,500.5,90.0,638.2
Ba(CuP2)2,709.1,4.9,500.5,100.0,759.1
Ba(CuS)2,1007.0,5.62,436.7,50.0,503.5
Ba(CuS)2,1007.0,5.62,436.7,60.0,604.2
Ba(CuS)2,1007.0,5.62,436.7,70.0,704.9
Ba(CuS)2,1007.0,5.62,436.7,80.0,805.6
Ba(CuS)2,1007.0,5.62,436.7,90.0,906.3
Ba(CuS)2,1007.0,5.62,436.7,100.0,1057.0
Ba(CuSb)2,744.1,7.12,346.5,50.0,372.1
Ba(CuSb)2,744.1,7.12,346.5,60.0,446.5
Ba(CuSb)2,744.1,7.12,346.5,70.0,520.9
Ba(CuSb)2,744.1,7.12,346.5,80.0,595.3
Ba(CuSb)2,744.1,7.12,346.5,90.0,669.7
Ba(CuSb)2,744.1,7.12,346.5,100.0,794.1
Ba(DyS2)2,1589.2,5.43,452.2,50.0,794.6
Ba(DyS2)2,1589.2,5.43,452.2,60.0,953.5
Ba(DyS2)2,1589.2,5.43,452.2,70.0,1112.5
Ba(DyS2)2,1589.2,5.43,452.2,80.0,1271.4
Ba(DyS2)2,1589.2,5.43,452.2,90.0,1430.3
Ba(DyS2)2,1589.2,5.43,452.2,100.0,1639.2
Ba(DySe2)2,1508.0,6.34,388.2,50.0,754.0
Ba(DySe2)2,1508.0,6.34,388.2,60.0,904.8
Ba(DySe2)2,1508.0,6.34,388.2,70.0,1055.6
Ba(DySe2)2,1508.0,6.34,388.2,80.0,1206.4
Ba(DySe2)2,1508.0,6.34,388.2,90.0,1357.2
Ba(DySe2)2,1508.0,6.34,388.2,100.0,1558.0
Ba(DyTe2)2,1300.5,6.42,383.3,50.0,650.2
Ba(DyTe2)2,1300.5,6.42,383.3,60.0,780.3
Ba(DyTe2)2,1300.5,6.42,383.3,70.0,910.3
Ba(DyTe2)2,1300.5,6.42,383.3,80.0,1040.4
Ba(DyTe2)2,1300.5,6.42,383.3,90.0,1170.4
Ba(DyTe2)2,1300.5,6.42,383.3,100.0,1350.5
Ba(ErS2)2,1591.2,5.63,436.3,50.0,795.6
Ba(ErS2)2,1591.2,5.63,436.3,60.0,954.7
Ba(ErS2)2,1591.2,5.63,436.3,70.0,1113.8
Ba(ErS2)2,1591.2,5.63,436.3,80.0,1272.9
Ba(ErS2)2,1591.2,5.63,436.3,90.0,1432.0
Ba(ErS2)2,1591.2,5.63,436.3,100.0,1641.2
Ba(ErSe2)2,1506.6,6.54,376.6,50.0,753.3
Ba(ErSe2)2,1506.6,6.54,376.6,60.0,904.0
Ba(ErSe2)2,1506.6,6.54,376.6,70.0,1054.6
Ba(ErSe2)2,1506.6,6.54,376.6,80.0,1205.3
Ba(ErSe2)2,1506.6,6.54,376.6,90.0,1355.9
Ba(ErSe2)2,1506.6,6.54,376.6,100.0,1556.6
Ba(ErTe2)2,1295.5,6.59,373.6,50.0,647.8
Ba(ErTe2)2,1295.5,6.59,373.6,60.0,777.3
Ba(ErTe2)2,1295.5,6.59,373.6,70.0,906.9
Ba(ErTe2)2,1295.5,6.59,373.6,80.0,1036.4
Ba(ErTe2)2,1295.5,6.59,373.6,90.0,1166.0
Ba(ErTe2)2,1295.5,6.59,373.6,100.0,1345.5
Ba(FeAs)2,793.4,6.12,402.1,50.0,396.7
Ba(FeAs)2,793.4,6.12,402.1,60.0,476.0
Ba(FeAs)2,793.4,6.12,402.1,70.0,555.4
Ba(FeAs)2,793.4,6.12,402.1,80.0,634.7
Ba(FeAs)2,793.4,6.12,402.1,90.0,714.0
Ba(FeAs)2,793.4,6.12,402.1,100.0,843.4
Ba(FeAs)2,751.8,6.76,364.5,50.0,375.9
Ba(FeAs)2,751.8,6.76,364.5,60.0,451.1
Ba(FeAs)2,751.8,6.76,364.5,70.0,526.2
Ba(FeAs)2,751.8,6.76,364.5,80.0,601.4
Ba(FeAs)2,751.8,6.76,364.5,90.0,676.6
Ba(FeAs)2,751.8,6.76,364.5,100.0,801.8
Ba(FeBr4)2,1120.9,3.41,711.8,50.0,560.5
Ba(FeBr4)2,1120.9,3.41,711.8,60.0,672.6
Ba(FeBr4)2,1120.9,3.41,711.8,70.0,784.7
Ba(FeBr4)2,1120.9,3.41,711.8,80.0,896.8
Ba(FeBr4)2,1120.9,3.41,711.8,90.0,1008.8
Ba(FeBr4)2,1120.9,3.41,711.8,100.0,1170.9
Ba(FeO2)2,1440.1,4.7,520.8,50.0,720.0
Ba(FeO2)2,1440.1,4.7,520.8,60.0,864.1
Ba(FeO2)2,1440.1,4.7,520.8,70.0,1008.1
Ba(FeO2)2,1440.1,4.7,520.8,80.0,1152.1
Ba(FeO2)2,1440.1,4.7,520.8,90.0,1296.1
Ba(FeO2)2,1440.1,4.7,520.8,100.0,1490.1
Ba(FeP)2,865.3,5.8,424.1,50.0,432.6
Ba(FeP)2,865.3,5.8,424.1,60.0,519.2
Ba(FeP)2,865.3,5.8,424.1,70.0,605.7
Ba(FeP)2,865.3,5.8,424.1,80.0,692.2
Ba(FeP)2,865.3,5.8,424.1,90.0,778.7
Ba(FeP)2,865.3,5.8,424.1,100.0,915.3
Ba(FeSb3)4,641.7,7.65,322.5,50.0,320.8
Ba(FeSb3)4,641.7,7.65,322.5,60.0,385.0
Ba(FeSb3)4,641.7,7.65,322.5,70.0,449.2
Ba(FeSb3)4,641.7,7.65,322.5,80.0,513.3
Ba(FeSb3)4,641.7,7.65,322.5,90.0,577.5
Ba(FeSb3)4,641.7,7.65,322.5,100.0,691.7
Ba(GaAs)2,790.7,5.36,458.2,50.0,395.4
Ba(GaAs)2,790.7,5.36,458.2,60.0,474.4
Ba(GaAs)2,790.7,5.36,458.2,70.0,553.5
Ba(GaAs)2,790.7,5.36,458.2,80.0,632.6
Ba(GaAs)2,790.7,5.36,458.2,90.0,711.7
Ba(GaAs)2,790.7,5.36,458.2,100.0,840.7
Ba(GaH)2,725.9,5.24,468.2,50.0,363.0
Ba(GaH)2,725.9,5.24,468.2,60.0,435.6
Ba(GaH)2,725.9,5.24,468.2,70.0,508.1
Ba(GaH)2,725.9,5.24,468.2,80.0,580.7
Ba(GaH)2,725.9,5.24,468.2,90.0,653.3
Ba(GaH)2,725.9,5.24,468.2,100.0,775.9
Ba(GaO2)2,1675.9,4.92,497.7,50.0,837.9
Ba(GaO2)2,1675.9,4.92,497.7,60.0,1005.5
Ba(GaO2)2,1675.9,4.92,497.7,70.0,1173.1
Ba(GaO2)2,1675.9,4.92,497.7,80.0,1340.7
Ba(GaO2)2,1675.9,4.92,497.7,90.0,1508.3
Ba(GaO2)2,1675.9,4.92,497.7,100.0,1725.9
Ba(GaP)2,794.9,4.58,534.7,50.0,397.5
Ba(GaP)2,794.9,4.58,534.7,60.0,476.9
Ba(GaP)2,794.9,4.58,534.7,70.0,556.4
Ba(GaP)2,794.9,4.58,534.7,80.0,635.9
Ba(GaP)2,794.9,4.58,534.7,90.0,715.4
Ba(GaP)2,794.9,4.58,534.7,100.0,844.9
Ba(GaPt)2,866.1,9.61,257.5,50.0,433.1
Ba(GaPt)2,866.1,9.61,257.5,60.0,519.7
Ba(GaPt)2,866.1,9.61,257.5,70.0,606.3
Ba(GaPt)2,866.1,9.61,257.5,80.0,692.9
Ba(GaPt)2,866.1,9.61,257.5,90.0,779.5
Ba(GaPt)2,866.1,9.61,257.5,100.0,916.1
Ba(GaS2)2,1157.7,3.87,629.2,50.0,578.9
Ba(GaS2)2,1157.7,3.87,629.2,60.0,694.6
Ba(GaS2)2,1157.7,3.87,629.2,70.0,810.4
Ba(GaS2)2,1157.7,3.87,629.2,80.0,926.2
Ba(GaS2)2,1157.7,3.87,629.2,90.0,1042.0
Ba(GaS2)2,1157.7,3.87,629.2,100.0,1207.7
Ba(GaSb)2,772.2,5.79,424.4,50.0,386.1
Ba(GaSb)2,772.2,5.79,424.4,60.0,463.3
Ba(GaSb)2,772.2,5.79,424.4,70.0,540.6
Ba(GaSb)2,772.2,5.79,424.4,80.0,617.8
Ba(GaSb)2,772.2,5.79,424.4,90.0,695.0
Ba(GaSb)2,772.2,5.79,424.4,100.0,822.2
Ba(GaSe2)2,1113.4,4.75,515.9,50.0,556.7
Ba(GaSe2)2,1113.4,4.75,515.9,60.0,668.0
Ba(GaSe2)2,1113.4,4.75,515.9,70.0,779.4
Ba(GaSe2)2,1113.4,4.75,515.9,80.0,890.7
Ba(GaSe2)2,1113.4,4.75,515.9,90.0,1002.0
Ba(GaSe2)2,1113.4,4.75,515.9,100.0,1163.4
Ba(GaTe2)2,961.6,5.17,474.0,50.0,480.8
Ba(GaTe2)2,961.6,5.17,474.0,60.0,577.0
Ba(GaTe2)2,961.6,5.17,474.0,70.0,673.1
Ba(GaTe2)2,961.6,5.17,474.0,80.0,769.3
Ba(GaTe2)2,961.6,5.17,474.0,90.0,865.5
Ba(GaTe2)2,961.6,5.17,474.0,100.0,1011.6
Ba(GdSe2)2,1514.4,6.09,403.7,50.0,757.2
Ba(GdSe2)2,1514.4,6.09,403.7,60.0,908.6
Ba(GdSe2)2,1514.4,6.09,403.7,70.0,1060.1
Ba(GdSe2)2,1514.4,6.09,403.7,80.0,1211.5
Ba(GdSe2)2,1514.4,6.09,403.7,90.0,1363.0
Ba(GdSe2)2,1514.4,6.09,403.7,100.0,1564.4
Ba(GdTe2)2,1314.3,6.21,396.3,50.0,657.1
Ba(GdTe2)2,1314.3,6.21,396.3,60.0,788.6
Ba(GdTe2)2,1314.3,6.21,396.3,70.0,920.0
Ba(GdTe2)2,1314.3,6.21,396.3,80.0,1051.4
Ba(GdTe2)2,1314.3,6.21,396.3,90.0,1182.8
Ba(GdTe2)2,1314.3,6.21,396.3,100.0,1364.3
Ba(Ge3Pt)4,666.2,8.95,276.1,50.0,333.1
Ba(Ge3Pt)4,666.2,8.95,276.1,60.0,399.7
Ba(Ge3Pt)4,666.2,8.95,276.1,70.0,466.3
Ba(Ge3Pt)4,666.2,8.95,276.1,80.0,532.9
Ba(Ge3Pt)4,666.2,8.95,276.1,90.0,599.6
Ba(Ge3Pt)4,666.2,8.95,276.1,100.0,716.2
Ba(GeAs)2,723.8,5.31,462.4,50.0,361.9
Ba(GeAs)2,723.8,5.31,462.4,60.0,434.3
Ba(GeAs)2,723.8,5.31,462.4,70.0,506.6
Ba(GeAs)2,723.8,5.31,462.4,80.0,579.0
Ba(GeAs)2,723.8,5.31,462.4,90.0,651.4
Ba(GeAs)2,723.8,5.31,462.4,100.0,773.8
Ba(GeAu)2,720.6,9.79,252.8,50.0,360.3
Ba(GeAu)2,720.6,9.79,252.8,60.0,432.3
Ba(GeAu)2,720.6,9.79,252.8,70.0,504.4
Ba(GeAu)2,720.6,9.79,252.8,80.0,576.4
Ba(GeAu)2,720.6,9.79,252.8,90.0,648.5
Ba(GeAu)2,720.6,9.79,252.8,100.0,770.6
Ba(GeP)2,726.3,4.54,538.9,50.0,363.2
Ba(GeP)2,726.3,4.54,538.9,60.0,435.8
Ba(GeP)2,726.3,4.54,538.9,70.0,508.4
Ba(GeP)2,726.3,4.54,538.9,80.0,581.0
Ba(GeP)2,726.3,4.54,538.9,90.0,653.7
Ba(GeP)2,726.3,4.54,538.9,100.0,776.3
Ba(GeRh)2,833.8,7.51,328.4,50.0,416.9
Ba(GeRh)2,833.8,7.51,328.4,60.0,500.3
Ba(GeRh)2,833.8,7.51,328.4,70.0,583.6
Ba(GeRh)2,833.8,7.51,328.4,80.0,667.0
Ba(GeRh)2,833.8,7.51,328.4,90.0,750.4
Ba(GeRh)2,833.8,7.51,328.4,100.0,883.8
Ba(GeRu)2,711.7,7.41,332.7,50.0,355.8
Ba(GeRu)2,711.7,7.41,332.7,60.0,427.0
Ba(GeRu)2,711.7,7.41,332.7,70.0,498.2
Ba(GeRu)2,711.7,7.41,332.7,80.0,569.4
Ba(GeRu)2,711.7,7.41,332.7,90.0,640.5
Ba(GeRu)2,711.7,7.41,332.7,100.0,761.7
Ba(H2O3)2,1110.9,2.82,855.7,50.0,555.4
Ba(H2O3)2,1110.9,2.82,855.7,60.0,666.5
Ba(H2O3)2,1110.9,2.82,855.7,70.0,777.6
Ba(H2O3)2,1110.9,2.82,855.7,80.0,888.7
Ba(H2O3)2,1110.9,2.82,855.7,90.0,999.8
Ba(H2O3)2,1110.9,2.82,855.7,100.0,1160.9
Ba(H8O5)2,1128.3,2.24,1068.5,50.0,564.2
Ba(H8O5)2,1128.3,2.24,1068.5,60.0,677.0
Ba(H8O5)2,1128.3,2.24,1068.5,70.0,789.8
Ba(H8O5)2,1128.3,2.24,1068.5,80.0,902.7
Ba(H8O5)2,1128.3,2.24,1068.5,90.0,1015.5
Ba(H8O5)2,1128.3,2.24,1068.5,100.0,1178.3
Ba(HO)2,1425.7,4.56,536.7,50.0,712.9
Ba(HO)2,1425.7,4.56,536.7,60.0,855.4
Ba(HO)2,1425.7,4.56,536.7,70.0,998.0
Ba(HO)2,1425.7,4.56,536.7,80.0,1140.6
Ba(HO)2,1425.7,4.56,536.7,90.0,1283.2
Ba(HO)2,1425.7,4.56,536.7,100.0,1475.7
Ba(HoS2)2,1589.1,5.53,444.4,50.0,794.5
Ba(HoS2)2,1589.1,5.53,444.4,60.0,953.4
Ba(HoS2)2,1589.1,5.53,444.4,70.0,1112.3
Ba(HoS2)2,1589.1,5.53,444.4,80.0,1271.3
Ba(HoS2)2,1589.1,5.53,444.4,90.0,1430.2
Ba(HoS2)2,1589.1,5.53,444.4,100.0,1639.1
Ba(HoTe2)2,1296.9,6.51,378.3,50.0,648.4
Ba(HoTe2)2,1296.9,6.51,378.3,60.0,778.1
Ba(HoTe2)2,1296.9,6.51,378.3,70.0,907.8
Ba(HoTe2)2,1296.9,6.51,378.3,80.0,1037.5
Ba(HoTe2)2,1296.9,6.51,378.3,90.0,1167.2
Ba(HoTe2)2,1296.9,6.51,378.3,100.0,1346.9
Ba(IO3)2,1195.8,4.86,503.7,50.0,597.9
Ba(IO3)2,1195.8,4.86,503.7,60.0,717.5
Ba(IO3)2,1195.8,4.86,503.7,70.0,837.0
Ba(IO3)2,1195.8,4.86,503.7,80.0,956.6
Ba(IO3)2,1195.8,4.86,503.7,90.0,1076.2
Ba(IO3)2,1195.8,4.86,503.7,100.0,1245.8
Ba(InAu)2,745.9,9.56,258.8,50.0,373.0
Ba(InAu)2,745.9,9.56,258.8,60.0,447.5
Ba(InAu)2,745.9,9.56,258.8,70.0,522.1
Ba(InAu)2,745.9,9.56,258.8,80.0,596.7
Ba(InAu)2,745.9,9.56,258.8,90.0,671.3
Ba(InAu)2,745.9,9.56,258.8,100.0,795.9
Ba(InP)2,750.7,5.03,487.0,50.0,375.4
Ba(InP)2,750.7,5.03,487.0,60.0,450.4
Ba(InP)2,750.7,5.03,487.0,70.0,525.5
Ba(InP)2,750.7,5.03,487.0,80.0,600.6
Ba(InP)2,750.7,5.03,487.0,90.0,675.7
Ba(InP)2,750.7,5.03,487.0,100.0,800.7
Ba(InPt)2,798.0,10.28,240.8,50.0,399.0
Ba(InPt)2,798.0,10.28,240.8,60.0,478.8
Ba(InPt)2,798.0,10.28,240.8,70.0,558.6
Ba(InPt)2,798.0,10.28,240.8,80.0,638.4
Ba(InPt)2,798.0,10.28,240.8,90.0,718.2
Ba(InPt)2,798.0,10.28,240.8,100.0,848.0
Ba(InS2)2,1113.7,4.1,595.8,50.0,556.8
Ba(InS2)2,1113.7,4.1,595.8,60.0,668.2
Ba(InS2)2,1113.7,4.1,595.8,70.0,779.6
Ba(InS2)2,1113.7,4.1,595.8,80.0,890.9
Ba(InS2)2,1113.7,4.1,595.8,90.0,1002.3
Ba(InS2)2,1113.7,4.1,595.8,100.0,1163.7
Ba(InSe2)2,1086.0,4.9,499.8,50.0,543.0
Ba(InSe2)2,1086.0,4.9,499.8,60.0,651.6
Ba(InSe2)2,1086.0,4.9,499.8,70.0,760.2
Ba(InSe2)2,1086.0,4.9,499.8,80.0,868.8
Ba(InSe2)2,1086.0,4.9,499.8,90.0,977.4
Ba(InSe2)2,1086.0,4.9,499.8,100.0,1136.0
Ba(InTe2)2,958.0,5.3,462.9,50.0,479.0
Ba(InTe2)2,958.0,5.3,462.9,60.0,574.8
Ba(InTe2)2,958.0,5.3,462.9,70.0,670.6
Ba(InTe2)2,958.0,5.3,462.9,80.0,766.4
Ba(InTe2)2,958.0,5.3,462.9,90.0,862.2
Ba(InTe2)2,958.0,5.3,462.9,100.0,1008.0
Ba(IrO3)2,1268.9,7.28,338.9,50.0,634.5
Ba(IrO3)2,1268.9,7.28,338.9,60.0,761.4
Ba(IrO3)2,1268.9,7.28,338.9,70.0,888.3
Ba(IrO3)2,1268.9,7.28,338.9,80.0,1015.1
Ba(IrO3)2,1268.9,7.28,338.9,90.0,1142.0
Ba(IrO3)2,1268.9,7.28,338.9,100.0,1318.9
Ba(LuS2)2,1587.1,5.94,413.8,50.0,793.6
Ba(LuS2)2,1587.1,5.94,413.8,60.0,952.3
Ba(LuS2)2,1587.1,5.94,413.8,70.0,1111.0
Ba(LuS2)2,1587.1,5.94,413.8,80.0,1269.7
Ba(LuS2)2,1587.1,5.94,413.8,90.0,1428.4
Ba(LuS2)2,1587.1,5.94,413.8,100.0,1637.1
Ba(LuSe2)2,1497.9,6.84,360.1,50.0,748.9
Ba(LuSe2)2,1497.9,6.84,360.1,60.0,898.7
Ba(LuSe2)2,1497.9,6.84,360.1,70.0,1048.5
Ba(LuSe2)2,1497.9,6.84,360.1,80.0,1198.3
Ba(LuSe2)2,1497.9,6.84,360.1,90.0,1348.1
Ba(LuSe2)2,1497.9,6.84,360.1,100.0,1547.9
Ba(LuTe2)2,1282.0,6.85,359.9,50.0,641.0
Ba(LuTe2)2,1282.0,6.85,359.9,60.0,769.2
Ba(LuTe2)2,1282.0,6.85,359.9,70.0,897.4
Ba(LuTe2)2,1282.0,6.85,359.9,80.0,1025.6
Ba(LuTe2)2,1282.0,6.85,359.9,90.0,1153.8
Ba(LuTe2)2,1282.0,6.85,359.9,100.0,1332.0
Ba(MgAs)2,917.9,4.1,594.6,50.0,458.9
Ba(MgAs)2,917.9,4.1,594.6,60.0,550.7
Ba(MgAs)2,917.9,4.1,594.6,70.0,642.5
Ba(MgAs)2,917.9,4.1,594.6,80.0,734.3
Ba(MgAs)2,917.9,4.1,594.6,90.0,826.1
Ba(MgAs)2,917.9,4.1,594.6,100.0,967.9
Ba(MgBi)2,766.4,5.79,424.3,50.0,383.2
Ba(MgBi)2,766.4,5.79,424.3,60.0,459.9
Ba(MgBi)2,766.4,5.79,424.3,70.0,536.5
Ba(MgBi)2,766.4,5.79,424.3,80.0,613.1
Ba(MgBi)2,766.4,5.79,424.3,90.0,689.8
Ba(MgBi)2,766.4,5.79,424.3,100.0,816.4
Ba(MgGe)2,706.6,4.43,551.5,50.0,353.3
Ba(MgGe)2,706.6,4.43,551.5,60.0,424.0
Ba(MgGe)2,706.6,4.43,551.5,70.0,494.6
Ba(MgGe)2,706.6,4.43,551.5,80.0,565.3
Ba(MgGe)2,706.6,4.43,551.5,90.0,635.9
Ba(MgGe)2,706.6,4.43,551.5,100.0,756.6
Ba(MgP)2,913.1,3.26,744.7,50.0,456.6
Ba(MgP)2,913.1,3.26,744.7,60.0,547.9
Ba(MgP)2,913.1,3.26,744.7,70.0,639.2
Ba(MgP)2,913.1,3.26,744.7,80.0,730.5
Ba(MgP)2,913.1,3.26,744.7,90.0,821.8
Ba(MgP)2,913.1,3.26,744.7,100.0,963.1
Ba(MgPb)2,663.6,6.53,377.0,50.0,331.8
Ba(MgPb)2,663.6,6.53,377.0,60.0,398.2
Ba(MgPb)2,663.6,6.53,377.0,70.0,464.5
Ba(MgPb)2,663.6,6.53,377.0,80.0,530.9
Ba(MgPb)2,663.6,6.53,377.0,90.0,597.3
Ba(MgPb)2,663.6,6.53,377.0,100.0,713.6
Ba(MgSb)2,875.1,4.36,560.8,50.0,437.5
Ba(MgSb)2,875.1,4.36,560.8,60.0,525.0
Ba(MgSb)2,875.1,4.36,560.8,70.0,612.5
Ba(MgSb)2,875.1,4.36,560.8,80.0,700.0
Ba(MgSb)2,875.1,4.36,560.8,90.0,787.5
Ba(MgSb)2,875.1,4.36,560.8,100.0,925.1
Ba(MgSi)2,632.9,3.36,722.7,50.0,316.4
Ba(MgSi)2,632.9,3.36,722.7,60.0,379.7
Ba(MgSi)2,632.9,3.36,722.7,70.0,443.0
Ba(MgSi)2,632.9,3.36,722.7,80.0,506.3
Ba(MgSi)2,632.9,3.36,722.7,90.0,569.6
Ba(MgSi)2,632.9,3.36,722.7,100.0,682.9
Ba(MgSn)2,712.4,4.77,513.3,50.0,356.2
Ba(MgSn)2,712.4,4.77,513.3,60.0,427.4
Ba(MgSn)2,712.4,4.77,513.3,70.0,498.7
Ba(MgSn)2,712.4,4.77,513.3,80.0,569.9
Ba(MgSn)2,712.4,4.77,513.3,90.0,641.1
Ba(MgSn)2,712.4,4.77,513.3,100.0,762.4
Ba(MnAs)2,799.2,5.42,452.8,50.0,399.6
Ba(MnAs)2,799.2,5.42,452.8,60.0,479.5
Ba(MnAs)2,799.2,5.42,452.8,70.0,559.4
Ba(MnAs)2,799.2,5.42,452.8,80.0,639.3
Ba(MnAs)2,799.2,5.42,452.8,90.0,719.3
Ba(MnAs)2,799.2,5.42,452.8,100.0,849.2
Ba(MnP)2,842.5,5.43,452.2,50.0,421.3
Ba(MnP)2,842.5,5.43,452.2,60.0,505.5
Ba(MnP)2,842.5,5.43,452.2,70.0,589.8
Ba(MnP)2,842.5,5.43,452.2,80.0,674.0
Ba(MnP)2,842.5,5.43,452.2,90.0,758.3
Ba(MnP)2,842.5,5.43,452.2,100.0,892.5
Ba(MoN2)2,805.0,5.46,449.8,50.0,402.5
Ba(MoN2)2,805.0,5.46,449.8,60.0,483.0
Ba(MoN2)2,805.0,5.46,449.8,70.0,563.5
Ba(MoN2)2,805.0,5.46,449.8,80.0,644.0
Ba(MoN2)2,805.0,5.46,449.8,90.0,724.5
Ba(MoN2)2,805.0,5.46,449.8,100.0,855.0
Ba(NO3)2,1215.6,3.2,756.9,50.0,607.8
Ba(NO3)2,1215.6,3.2,756.9,60.0,729.3
Ba(NO3)2,1215.6,3.2,756.9,70.0,850.9
Ba(NO3)2,1215.6,3.2,756.9,80.0,972.5
Ba(NO3)2,1215.6,3.2,756.9,90.0,1094.0
Ba(NO3)2,1215.6,3.2,756.9,100.0,1265.6
Ba(NbN2)2,997.2,5.3,463.1,50.0,498.6
Ba(NbN2)2,997.2,5.3,463.1,60.0,598.3
Ba(NbN2)2,997.2,5.3,463.1,70.0,698.0
Ba(NbN2)2,997.2,5.3,463.1,80.0,797.7
Ba(NbN2)2,997.2,5.3,463.1,90.0,897.5
Ba(NbN2)2,997.2,5.3,463.1,100.0,1047.2
Ba(NdS2)2,1569.1,4.73,518.0,50.0,784.5
Ba(NdS2)2,1569.1,4.73,518.0,60.0,941.4
Ba(NdS2)2,1569.1,4.73,518.0,70.0,1098.3
Ba(NdS2)2,1569.1,4.73,518.0,80.0,1255.2
Ba(NdS2)2,1569.1,4.73,518.0,90.0,1412.2
Ba(NdS2)2,1569.1,4.73,518.0,100.0,1619.1
Ba(Ni2B)6,640.0,7.59,325.0,50.0,320.0
Ba(Ni2B)6,640.0,7.59,325.0,60.0,384.0
Ba(Ni2B)6,640.0,7.59,325.0,70.0,448.0
Ba(Ni2B)6,640.0,7.59,325.0,80.0,512.0
Ba(Ni2B)6,640.0,7.59,325.0,90.0,576.0
Ba(Ni2B)6,640.0,7.59,325.0,100.0,690.0
Ba(NiAs)2,793.8,6.66,369.6,50.0,396.9
Ba(NiAs)2,793.8,6.66,369.6,60.0,476.3
Ba(NiAs)2,793.8,6.66,369.6,70.0,555.7
Ba(NiAs)2,793.8,6.66,369.6,80.0,635.0
Ba(NiAs)2,793.8,6.66,369.6,90.0,714.4
Ba(NiAs)2,793.8,6.66,369.6,100.0,843.8
Ba(NiP)2,848.4,5.69,431.4,50.0,424.2
Ba(NiP)2,848.4,5.69,431.4,60.0,509.0
Ba(NiP)2,848.4,5.69,431.4,70.0,593.9
Ba(NiP)2,848.4,5.69,431.4,80.0,678.7
Ba(NiP)2,848.4,5.69,431.4,90.0,763.6
Ba(NiP)2,848.4,5.69,431.4,100.0,898.4
Ba(NiP2)2,794.4,5.1,480.9,50.0,397.2
Ba(NiP2)2,794.4,5.1,480.9,60.0,476.6
Ba(NiP2)2,794.4,5.1,480.9,70.0,556.1
Ba(NiP2)2,794.4,5.1,480.9,80.0,635.5
Ba(NiP2)2,794.4,5.1,480.9,90.0,714.9
Ba(NiP2)2,794.4,5.1,480.9,100.0,844.4
Ba(P2Au)2,713.2,6.63,371.6,50.0,356.6
Ba(P2Au)2,713.2,6.63,371.6,60.0,427.9
Ba(P2Au)2,713.2,6.63,371.6,70.0,499.3
Ba(P2Au)2,713.2,6.63,371.6,80.0,570.6
Ba(P2Au)2,713.2,6.63,371.6,90.0,641.9
Ba(P2Au)2,713.2,6.63,371.6,100.0,763.2
Ba(P2Pd)2,798.8,5.63,436.5,50.0,399.4
Ba(P2Pd)2,798.8,5.63,436.5,60.0,479.3
Ba(P2Pd)2,798.8,5.63,436.5,70.0,559.2
Ba(P2Pd)2,798.8,5.63,436.5,80.0,639.0
Ba(P2Pd)2,798.8,5.63,436.5,90.0,718.9
Ba(P2Pd)2,798.8,5.63,436.5,100.0,848.8
Ba(PIr)2,880.5,9.62,257.3,50.0,440.3
Ba(PIr)2,880.5,9.62,257.3,60.0,528.3
Ba(PIr)2,880.5,9.62,257.3,70.0,616.4
Ba(PIr)2,880.5,9.62,257.3,80.0,704.4
Ba(PIr)2,880.5,9.62,257.3,90.0,792.5
Ba(PIr)2,880.5,9.62,257.3,100.0,930.5
Ba(PN2)2,967.1,4.7,521.2,50.0,483.5
Ba(PN2)2,967.1,4.7,521.2,60.0,580.3
Ba(PN2)2,967.1,4.7,521.2,70.0,677.0
Ba(PN2)2,967.1,4.7,521.2,80.0,773.7
Ba(PN2)2,967.1,4.7,521.2,90.0,870.4
Ba(PN2)2,967.1,4.7,521.2,100.0,1017.1
Ba(PO3)2,1841.4,3.87,629.7,50.0,920.7
Ba(PO3)2,1841.4,3.87,629.7,60.0,1104.9
Ba(PO3)2,1841.4,3.87,629.7,70.0,1289.0
Ba(PO3)2,1841.4,3.87,629.7,80.0,1473.1
Ba(PO3)2,1841.4,3.87,629.7,90.0,1657.3
Ba(PO3)2,1841.4,3.87,629.7,100.0,1891.4
Ba(POs)2,801.8,9.48,261.0,50.0,400.9
Ba(POs)2,801.8,9.48,261.0,60.0,481.1
Ba(POs)2,801.8,9.48,261.0,70.0,561.3
Ba(POs)2,801.8,9.48,261.0,80.0,641.4
Ba(POs)2,801.8,9.48,261.0,90.0,721.6
Ba(POs)2,801.8,9.48,261.0,100.0,851.8
Ba(PPd)2,858.6,6.49,379.2,50.0,429.3
Ba(PPd)2,858.6,6.49,379.2,60.0,515.2
Ba(PPd)2,858.6,6.49,379.2,70.0,601.0
Ba(PPd)2,858.6,6.49,379.2,80.0,686.9
Ba(PPd)2,858.6,6.49,379.2,90.0,772.8
Ba(PPd)2,858.6,6.49,379.2,100.0,908.6
Ba(PRh)2,929.5,6.74,365.4,50.0,464.7
Ba(PRh)2,929.5,6.74,365.4,60.0,557.7
Ba(PRh)2,929.5,6.74,365.4,70.0,650.6
Ba(PRh)2,929.5,6.74,365.4,80.0,743.6
Ba(PRh)2,929.5,6.74,365.4,90.0,836.5
Ba(PRh)2,929.5,6.74,365.4,100.0,979.5
Ba(PRu)2,923.5,6.65,370.6,50.0,461.7
Ba(PRu)2,923.5,6.65,370.6,60.0,554.1
Ba(PRu)2,923.5,6.65,370.6,70.0,646.4
Ba(PRu)2,923.5,6.65,370.6,80.0,738.8
Ba(PRu)2,923.5,6.65,370.6,90.0,831.1
Ba(PRu)2,923.5,6.65,370.6,100.0,973.5
Ba(PdO2)2,1183.3,6.66,369.8,50.0,591.7
Ba(PdO2)2,1183.3,6.66,369.8,60.0,710.0
Ba(PdO2)2,1183.3,6.66,369.8,70.0,828.3
Ba(PdO2)2,1183.3,6.66,369.8,80.0,946.7
Ba(PdO2)2,1183.3,6.66,369.8,90.0,1065.0
Ba(PdO2)2,1183.3,6.66,369.8,100.0,1233.3
Ba(PdS2)2,1006.1,5.02,488.0,50.0,503.0
Ba(PdS2)2,1006.1,5.02,488.0,60.0,603.6
Ba(PdS2)2,1006.1,5.02,488.0,70.0,704.3
Ba(PdS2)2,1006.1,5.02,488.0,80.0,804.9
Ba(PdS2)2,1006.1,5.02,488.0,90.0,905.5
Ba(PdS2)2,1006.1,5.02,488.0,100.0,1056.1
Ba(RhPb2)3,609.2,10.83,228.8,50.0,304.6
Ba(RhPb2)3,609.2,10.83,228.8,60.0,365.5
Ba(RhPb2)3,609.2,10.83,228.8,70.0,426.4
Ba(RhPb2)3,609.2,10.83,228.8,80.0,487.4
Ba(RhPb2)3,609.2,10.83,228.8,90.0,548.3
Ba(RhPb2)3,609.2,10.83,228.8,100.0,659.2
Ba(Sb3Os)4,635.2,9.42,262.7,50.0,317.6
Ba(Sb3Os)4,635.2,9.42,262.7,60.0,381.1
Ba(Sb3Os)4,635.2,9.42,262.7,70.0,444.6
Ba(Sb3Os)4,635.2,9.42,262.7,80.0,508.1
Ba(Sb3Os)4,635.2,9.42,262.7,90.0,571.7
Ba(Sb3Os)4,635.2,9.42,262.7,100.0,685.2
Ba(Sb3Ru)4,709.1,8.06,306.5,50.0,354.5
Ba(Sb3Ru)4,709.1,8.06,306.5,60.0,425.4
Ba(Sb3Ru)4,709.1,8.06,306.5,70.0,496.3
Ba(Sb3Ru)4,709.1,8.06,306.5,80.0,567.2
Ba(Sb3Ru)4,709.1,8.06,306.5,90.0,638.2
Ba(Sb3Ru)4,709.1,8.06,306.5,100.0,759.1
Ba(SbO3)2,1569.6,5.54,443.4,50.0,784.8
Ba(SbO3)2,1569.6,5.54,443.4,60.0,941.8
Ba(SbO3)2,1569.6,5.54,443.4,70.0,1098.7
Ba(SbO3)2,1569.6,5.54,443.4,80.0,1255.7
Ba(SbO3)2,1569.6,5.54,443.4,90.0,1412.6
Ba(SbO3)2,1569.6,5.54,443.4,100.0,1619.6
Ba(SbPd)2,896.1,8.0,308.5,50.0,448.1
Ba(SbPd)2,896.1,8.0,308.5,60.0,537.7
Ba(SbPd)2,896.1,8.0,308.5,70.0,627.3
Ba(SbPd)2,896.1,8.0,308.5,80.0,716.9
Ba(SbPd)2,896.1,8.0,308.5,90.0,806.5
Ba(SbPd)2,896.1,8.0,308.5,100.0,946.1
Ba(SbS2)2,1004.2,4.39,556.4,50.0,502.1
Ba(SbS2)2,1004.2,4.39,556.4,60.0,602.5
Ba(SbS2)2,1004.2,4.39,556.4,70.0,702.9
Ba(SbS2)2,1004.2,4.39,556.4,80.0,803.4
Ba(SbS2)2,1004.2,4.39,556.4,90.0,903.8
Ba(SbS2)2,1004.2,4.39,556.4,100.0,1054.2
Ba(SbSe2)2,979.6,5.32,461.2,50.0,489.8
Ba(SbSe2)2,979.6,5.32,461.2,60.0,587.8
Ba(SbSe2)2,979.6,5.32,461.2,70.0,685.7
Ba(SbSe2)2,979.6,5.32,461.2,80.0,783.7
Ba(SbSe2)2,979.6,5.32,461.2,90.0,881.6
Ba(SbSe2)2,979.6,5.32,461.2,100.0,1029.6
Ba(ScTe2)2,1239.0,5.36,457.8,50.0,619.5
Ba(ScTe2)2,1239.0,5.36,457.8,60.0,743.4
Ba(ScTe2)2,1239.0,5.36,457.8,70.0,867.3
Ba(ScTe2)2,1239.0,5.36,457.8,80.0,991.2
Ba(ScTe2)2,1239.0,5.36,457.8,90.0,1115.1
Ba(ScTe2)2,1239.0,5.36,457.8,100.0,1289.0
Ba(Si3N4)2,1091.1,3.85,632.3,50.0,545.5
Ba(Si3N4)2,1091.1,3.85,632.3,60.0,654.6
Ba(Si3N4)2,1091.1,3.85,632.3,70.0,763.8
Ba(Si3N4)2,1091.1,3.85,632.3,80.0,872.9
Ba(Si3N4)2,1091.1,3.85,632.3,90.0,982.0
Ba(Si3N4)2,1091.1,3.85,632.3,100.0,1141.1
Ba(SiIr)2,871.4,9.27,266.7,50.0,435.7
Ba(SiIr)2,871.4,9.27,266.7,60.0,522.8
Ba(SiIr)2,871.4,9.27,266.7,70.0,610.0
Ba(SiIr)2,871.4,9.27,266.7,80.0,697.1
Ba(SiIr)2,871.4,9.27,266.7,90.0,784.3
Ba(SiIr)2,871.4,9.27,266.7,100.0,921.4
Ba(SiNi)2,737.4,5.21,471.2,50.0,368.7
Ba(SiNi)2,737.4,5.21,471.2,60.0,442.5
Ba(SiNi)2,737.4,5.21,471.2,70.0,516.2
Ba(SiNi)2,737.4,5.21,471.2,80.0,589.9
Ba(SiNi)2,737.4,5.21,471.2,90.0,663.7
Ba(SiNi)2,737.4,5.21,471.2,100.0,787.4
Ba(SiRh)2,878.8,6.45,381.5,50.0,439.4
Ba(SiRh)2,878.8,6.45,381.5,60.0,527.3
Ba(SiRh)2,878.8,6.45,381.5,70.0,615.1
Ba(SiRh)2,878.8,6.45,381.5,80.0,703.0
Ba(SiRh)2,878.8,6.45,381.5,90.0,790.9
Ba(SiRh)2,878.8,6.45,381.5,100.0,928.8
Ba(SmS2)2,1579.0,4.96,494.1,50.0,789.5
Ba(SmS2)2,1579.0,4.96,494.1,60.0,947.4
Ba(SmS2)2,1579.0,4.96,494.1,70.0,1105.3
Ba(SmS2)2,1579.0,4.96,494.1,80.0,1263.2
Ba(SmS2)2,1579.0,4.96,494.1,90.0,1421.1
Ba(SmS2)2,1579.0,4.96,494.1,100.0,1629.0
Ba(SmSe2)2,1506.3,5.87,418.8,50.0,753.2
Ba(SmSe2)2,1506.3,5.87,418.8,60.0,903.8
Ba(SmSe2)2,1506.3,5.87,418.8,70.0,1054.4
Ba(SmSe2)2,1506.3,5.87,418.8,80.0,1205.1
Ba(SmSe2)2,1506.3,5.87,418.8,90.0,1355.7
Ba(SmSe2)2,1506.3,5.87,418.8,100.0,1556.3
Ba(SmTe2)2,1307.8,6.01,409.3,50.0,653.9
Ba(SmTe2)2,1307.8,6.01,409.3,60.0,784.7
Ba(SmTe2)2,1307.8,6.01,409.3,70.0,915.5
Ba(SmTe2)2,1307.8,6.01,409.3,80.0,1046.3
Ba(SmTe2)2,1307.8,6.01,409.3,90.0,1177.0
Ba(SmTe2)2,1307.8,6.01,409.3,100.0,1357.8
Ba(Sn2Ru)3,636.4,7.83,315.3,50.0,318.2
Ba(Sn2Ru)3,636.4,7.83,315.3,60.0,381.8
Ba(Sn2Ru)3,636.4,7.83,315.3,70.0,445.5
Ba(Sn2Ru)3,636.4,7.83,315.3,80.0,509.1
Ba(Sn2Ru)3,636.4,7.83,315.3,90.0,572.7
Ba(Sn2Ru)3,636.4,7.83,315.3,100.0,686.4
Ba(TaN2)2,1076.2,7.64,323.0,50.0,538.1
Ba(TaN2)2,1076.2,7.64,323.0,60.0,645.7
Ba(TaN2)2,1076.2,7.64,323.0,70.0,753.3
Ba(TaN2)2,1076.2,7.64,323.0,80.0,860.9
Ba(TaN2)2,1076.2,7.64,323.0,90.0,968.5
Ba(TaN2)2,1076.2,7.64,323.0,100.0,1126.2
Ba(TbS2)2,1589.4,5.3,462.5,50.0,794.7
Ba(TbS2)2,1589.4,5.3,462.5,60.0,953.6
Ba(TbS2)2,1589.4,5.3,462.5,70.0,1112.6
Ba(TbS2)2,1589.4,5.3,462.5,80.0,1271.5
Ba(TbS2)2,1589.4,5.3,462.5,90.0,1430.5
Ba(TbS2)2,1589.4,5.3,462.5,100.0,1639.4
Ba(TbTe2)2,1304.1,6.32,389.7,50.0,652.1
Ba(TbTe2)2,1304.1,6.32,389.7,60.0,782.5
Ba(TbTe2)2,1304.1,6.32,389.7,70.0,912.9
Ba(TbTe2)2,1304.1,6.32,389.7,80.0,1043.3
Ba(TbTe2)2,1304.1,6.32,389.7,90.0,1173.7
Ba(TbTe2)2,1304.1,6.32,389.7,100.0,1354.1
Ba(TmS2)2,1589.8,5.72,429.8,50.0,794.9
Ba(TmS2)2,1589.8,5.72,429.8,60.0,953.9
Ba(TmS2)2,1589.8,5.72,429.8,70.0,1112.9
Ba(TmS2)2,1589.8,5.72,429.8,80.0,1271.9
Ba(TmS2)2,1589.8,5.72,429.8,90.0,1430.9
Ba(TmS2)2,1589.8,5.72,429.8,100.0,1639.8
Ba(TmSe2)2,1503.3,6.62,371.9,50.0,751.7
Ba(TmSe2)2,1503.3,6.62,371.9,60.0,902.0
Ba(TmSe2)2,1503.3,6.62,371.9,70.0,1052.3
Ba(TmSe2)2,1503.3,6.62,371.9,80.0,1202.6
Ba(TmSe2)2,1503.3,6.62,371.9,90.0,1353.0
Ba(TmSe2)2,1503.3,6.62,371.9,100.0,1553.3
Ba(TmTe2)2,1290.0,6.67,369.3,50.0,645.0
Ba(TmTe2)2,1290.0,6.67,369.3,60.0,774.0
Ba(TmTe2)2,1290.0,6.67,369.3,70.0,903.0
Ba(TmTe2)2,1290.0,6.67,369.3,80.0,1032.0
Ba(TmTe2)2,1290.0,6.67,369.3,90.0,1161.0
Ba(TmTe2)2,1290.0,6.67,369.3,100.0,1340.0
Ba(VN2)2,1001.1,4.5,543.7,50.0,500.6
Ba(VN2)2,1001.1,4.5,543.7,60.0,600.7
Ba(VN2)2,1001.1,4.5,543.7,70.0,700.8
Ba(VN2)2,1001.1,4.5,543.7,80.0,800.9
Ba(VN2)2,1001.1,4.5,543.7,90.0,901.0
Ba(VN2)2,1001.1,4.5,543.7,100.0,1051.1
Ba(YS2)2,1586.8,4.06,601.4,50.0,793.4
Ba(YS2)2,1586.8,4.06,601.4,60.0,952.1
Ba(YS2)2,1586.8,4.06,601.4,70.0,1110.8
Ba(YS2)2,1586.8,4.06,601.4,80.0,1269.4
Ba(YS2)2,1586.8,4.06,601.4,90.0,1428.1
Ba(YS2)2,1586.8,4.06,601.4,100.0,1636.8
Ba(YSe2)2,1508.3,5.12,479.1,50.0,754.2
Ba(YSe2)2,1508.3,5.12,479.1,60.0,905.0
Ba(YSe2)2,1508.3,5.12,479.1,70.0,1055.8
Ba(YSe2)2,1508.3,5.12,479.1,80.0,1206.7
Ba(YSe2)2,1508.3,5.12,479.1,90.0,1357.5
Ba(YSe2)2,1508.3,5.12,479.1,100.0,1558.3
Ba(YTe2)2,1304.5,5.43,452.3,50.0,652.2
Ba(YTe2)2,1304.5,5.43,452.3,60.0,782.7
Ba(YTe2)2,1304.5,5.43,452.3,70.0,913.1
Ba(YTe2)2,1304.5,5.43,452.3,80.0,1043.6
Ba(YTe2)2,1304.5,5.43,452.3,90.0,1174.0
Ba(YTe2)2,1304.5,5.43,452.3,100.0,1354.5
Ba(ZnAs)2,802.9,5.94,413.7,50.0,401.5
Ba(ZnAs)2,802.9,5.94,413.7,60.0,481.8
Ba(ZnAs)2,802.9,5.94,413.7,70.0,562.1
Ba(ZnAs)2,802.9,5.94,413.7,80.0,642.4
Ba(ZnAs)2,802.9,5.94,413.7,90.0,722.7
Ba(ZnAs)2,802.9,5.94,413.7,100.0,852.9
Ba(ZnGe)2,674.0,6.32,389.4,50.0,337.0
Ba(ZnGe)2,674.0,6.32,389.4,60.0,404.4
Ba(ZnGe)2,674.0,6.32,389.4,70.0,471.8
Ba(ZnGe)2,674.0,6.32,389.4,80.0,539.2
Ba(ZnGe)2,674.0,6.32,389.4,90.0,606.6
Ba(ZnGe)2,674.0,6.32,389.4,100.0,724.0
Ba(ZnP)2,792.1,5.11,479.5,50.0,396.0
Ba(ZnP)2,792.1,5.11,479.5,60.0,475.3
Ba(ZnP)2,792.1,5.11,479.5,70.0,554.5
Ba(ZnP)2,792.1,5.11,479.5,80.0,633.7
Ba(ZnP)2,792.1,5.11,479.5,90.0,712.9
Ba(ZnP)2,792.1,5.11,479.5,100.0,842.1
Ba(ZnSb)2,774.0,6.06,405.9,50.0,387.0
Ba(ZnSb)2,774.0,6.06,405.9,60.0,464.4
Ba(ZnSb)2,774.0,6.06,405.9,70.0,541.8
Ba(ZnSb)2,774.0,6.06,405.9,80.0,619.2
Ba(ZnSb)2,774.0,6.06,405.9,90.0,696.6
Ba(ZnSb)2,774.0,6.06,405.9,100.0,824.0
Ba(ZnSi)2,621.1,5.24,468.6,50.0,310.6
Ba(ZnSi)2,621.1,5.24,468.6,60.0,372.7
Ba(ZnSi)2,621.1,5.24,468.6,70.0,434.8
Ba(ZnSi)2,621.1,5.24,468.6,80.0,496.9
Ba(ZnSi)2,621.1,5.24,468.6,90.0,559.0
Ba(ZnSi)2,621.1,5.24,468.6,100.0,671.1
Ba(ZnSn)2,687.1,6.51,378.1,50.0,343.6
Ba(ZnSn)2,687.1,6.51,378.1,60.0,412.3
Ba(ZnSn)2,687.1,6.51,378.1,70.0,481.0
Ba(ZnSn)2,687.1,6.51,378.1,80.0,549.7
Ba(ZnSn)2,687.1,6.51,378.1,90.0,618.4
Ba(ZnSn)2,687.1,6.51,378.1,100.0,737.1
Ba10Ce(Bi3O10)3,1566.5,7.43,331.9,50.0,783.3
Ba10Ce(Bi3O10)3,1566.5,7.43,331.9,60.0,939.9
Ba10Ce(Bi3O10)3,1566.5,7.43,331.9,70.0,1096.6
Ba10Ce(Bi3O10)3,1566.5,7.43,331.9,80.0,1253.2
Ba10Ce(Bi3O10)3,1566.5,7.43,331.9,90.0,1409.9
Ba10Ce(Bi3O10)3,1566.5,7.43,331.9,100.0,1616.5
Ba10IBr4N5,1115.0,5.08,482.3,50.0,557.5
Ba10IBr4N5,1115.0,5.08,482.3,60.0,669.0
Ba10IBr4N5,1115.0,5.08,482.3,70.0,780.5
Ba10IBr4N5,1115.0,5.08,482.3,80.0,892.0
Ba10IBr4N5,1115.0,5.08,482.3,90.0,1003.5
Ba10IBr4N5,1115.0,5.08,482.3,100.0,1165.0
Ba10Li2Bi4O21,1565.6,6.36,386.8,50.0,782.8
Ba10Li2Bi4O21,1565.6,6.36,386.8,60.0,939.4
Ba10Li2Bi4O21,1565.6,6.36,386.8,70.0,1095.9
Ba10Li2Bi4O21,1565.6,6.36,386.8,80.0,1252.5
Ba10Li2Bi4O21,1565.6,6.36,386.8,90.0,1409.1
Ba10Li2Bi4O21,1565.6,6.36,386.8,100.0,1615.6
Ba10Nd4Y(MoO6)5,1851.8,6.22,395.5,50.0,925.9
Ba10Nd4Y(MoO6)5,1851.8,6.22,395.5,60.0,1111.1
Ba10Nd4Y(MoO6)5,1851.8,6.22,395.5,70.0,1296.2
Ba10Nd4Y(MoO6)5,1851.8,6.22,395.5,80.0,1481.4
Ba10Nd4Y(MoO6)5,1851.8,6.22,395.5,90.0,1666.6
Ba10Nd4Y(MoO6)5,1851.8,6.22,395.5,100.0,1901.8
Ba10P6SO24,1967.2,4.52,541.3,50.0,983.6
Ba10P6SO24,1967.2,4.52,541.3,60.0,1180.3
Ba10P6SO24,1967.2,4.52,541.3,70.0,1377.0
Ba10P6SO24,1967.2,4.52,541.3,80.0,1573.7
Ba10P6SO24,1967.2,4.52,541.3,90.0,1770.4
Ba10P6SO24,1967.2,4.52,541.3,100.0,2017.2
Ba11(Cd4Bi7)2,788.1,7.12,346.0,50.0,394.0
Ba11(Cd4Bi7)2,788.1,7.12,346.0,60.0,472.8
Ba11(Cd4Bi7)2,788.1,7.12,346.0,70.0,551.7
Ba11(Cd4Bi7)2,788.1,7.12,346.0,80.0,630.5
Ba11(Cd4Bi7)2,788.1,7.12,346.0,90.0,709.3
Ba11(Cd4Bi7)2,788.1,7.12,346.0,100.0,838.1
Ba11(OsO6)4,1635.8,6.73,365.8,50.0,817.9
Ba11(OsO6)4,1635.8,6.73,365.8,60.0,981.5
Ba11(OsO6)4,1635.8,6.73,365.8,70.0,1145.1
Ba11(OsO6)4,1635.8,6.73,365.8,80.0,1308.6
Ba11(OsO6)4,1635.8,6.73,365.8,90.0,1472.2
Ba11(OsO6)4,1635.8,6.73,365.8,100.0,1685.8
Ba11B26P2(H3O29)2,1816.5,3.69,660.2,50.0,908.3
Ba11B26P2(H3O29)2,1816.5,3.69,660.2,60.0,1089.9
Ba11B26P2(H3O29)2,1816.5,3.69,660.2,70.0,1271.6
Ba11B26P2(H3O29)2,1816.5,3.69,660.2,80.0,1453.2
Ba11B26P2(H3O29)2,1816.5,3.69,660.2,90.0,1634.9
Ba11B26P2(H3O29)2,1816.5,3.69,660.2,100.0,1866.5
Ba11Bi10,900.7,6.68,368.6,50.0,450.3
Ba11Bi10,900.7,6.68,368.6,60.0,540.4
Ba11Bi10,900.7,6.68,368.6,70.0,630.5
Ba11Bi10,900.7,6.68,368.6,80.0,720.6
Ba11Bi10,900.7,6.68,368.6,90.0,810.6
Ba11Bi10,900.7,6.68,368.6,100.0,950.7
Ba11In6O3,1002.6,5.47,448.7,50.0,501.3
Ba11In6O3,1002.6,5.47,448.7,60.0,601.6
Ba11In6O3,1002.6,5.47,448.7,70.0,701.8
Ba11In6O3,1002.6,5.47,448.7,80.0,802.1
Ba11In6O3,1002.6,5.47,448.7,90.0,902.4
Ba11In6O3,1002.6,5.47,448.7,100.0,1052.6
Ba12Na15Li8N6,620.3,2.43,989.9,50.0,310.1
Ba12Na15Li8N6,620.3,2.43,989.9,60.0,372.2
Ba12Na15Li8N6,620.3,2.43,989.9,70.0,434.2
Ba12Na15Li8N6,620.3,2.43,989.9,80.0,496.2
Ba12Na15Li8N6,620.3,2.43,989.9,90.0,558.3
Ba12Na15Li8N6,620.3,2.43,989.9,100.0,670.3
Ba13Bi11O36,1516.4,7.41,332.9,50.0,758.2
Ba13Bi11O36,1516.4,7.41,332.9,60.0,909.8
Ba13Bi11O36,1516.4,7.41,332.9,70.0,1061.5
Ba13Bi11O36,1516.4,7.41,332.9,80.0,1213.1
Ba13Bi11O36,1516.4,7.41,332.9,90.0,1364.8
Ba13Bi11O36,1516.4,7.41,332.9,100.0,1566.4
Ba13Ca2Re9(ClO15)3,1751.5,5.88,418.0,50.0,875.8
Ba13Ca2Re9(ClO15)3,1751.5,5.88,418.0,60.0,1050.9
Ba13Ca2Re9(ClO15)3,1751.5,5.88,418.0,70.0,1226.1
Ba13Ca2Re9(ClO15)3,1751.5,5.88,418.0,80.0,1401.2
Ba13Ca2Re9(ClO15)3,1751.5,5.88,418.0,90.0,1576.4
Ba13Ca2Re9(ClO15)3,1751.5,5.88,418.0,100.0,1801.5
Ba13Dy8Zn4Pt4O37,1775.6,7.58,325.7,50.0,887.8
Ba13Dy8Zn4Pt4O37,1775.6,7.58,325.7,60.0,1065.4
Ba13Dy8Zn4Pt4O37,1775.6,7.58,325.7,70.0,1242.9
Ba13Dy8Zn4Pt4O37,1775.6,7.58,325.7,80.0,1420.5
Ba13Dy8Zn4Pt4O37,1775.6,7.58,325.7,90.0,1598.1
Ba13Dy8Zn4Pt4O37,1775.6,7.58,325.7,100.0,1825.6
Ba13Si6(Sn4As11)2,804.8,5.12,478.7,50.0,402.4
Ba13Si6(Sn4As11)2,804.8,5.12,478.7,60.0,482.9
Ba13Si6(Sn4As11)2,804.8,5.12,478.7,70.0,563.3
Ba13Si6(Sn4As11)2,804.8,5.12,478.7,80.0,643.8
Ba13Si6(Sn4As11)2,804.8,5.12,478.7,90.0,724.3
Ba13Si6(Sn4As11)2,804.8,5.12,478.7,100.0,854.8
Ba14AlSb11,1000.0,5.18,473.3,50.0,500.0
Ba14AlSb11,1000.0,5.18,473.3,60.0,600.0
Ba14AlSb11,1000.0,5.18,473.3,70.0,700.0
Ba14AlSb11,1000.0,5.18,473.3,80.0,800.0
Ba14AlSb11,1000.0,5.18,473.3,90.0,900.0
Ba14AlSb11,1000.0,5.18,473.3,100.0,1050.0
Ba14Ir8(PdO11)3,1452.3,7.67,321.9,50.0,726.2
Ba14Ir8(PdO11)3,1452.3,7.67,321.9,60.0,871.4
Ba14Ir8(PdO11)3,1452.3,7.67,321.9,70.0,1016.6
Ba14Ir8(PdO11)3,1452.3,7.67,321.9,80.0,1161.9
Ba14Ir8(PdO11)3,1452.3,7.67,321.9,90.0,1307.1
Ba14Ir8(PdO11)3,1452.3,7.67,321.9,100.0,1502.3
Ba14MnBi11,895.2,6.4,384.7,50.0,447.6
Ba14MnBi11,895.2,6.4,384.7,60.0,537.1
Ba14MnBi11,895.2,6.4,384.7,70.0,626.6
Ba14MnBi11,895.2,6.4,384.7,80.0,716.1
Ba14MnBi11,895.2,6.4,384.7,90.0,805.6
Ba14MnBi11,895.2,6.4,384.7,100.0,945.2
Ba14Na14CaN6,642.5,2.73,882.8,50.0,321.3
Ba14Na14CaN6,642.5,2.73,882.8,60.0,385.5
Ba14Na14CaN6,642.5,2.73,882.8,70.0,449.8
Ba14Na14CaN6,642.5,2.73,882.8,80.0,514.0
Ba14Na14CaN6,642.5,2.73,882.8,90.0,578.3
Ba14Na14CaN6,642.5,2.73,882.8,100.0,692.5
Ba14Na14LiN6,633.7,2.71,889.2,50.0,316.8
Ba14Na14LiN6,633.7,2.71,889.2,60.0,380.2
Ba14Na14LiN6,633.7,2.71,889.2,70.0,443.6
Ba14Na14LiN6,633.7,2.71,889.2,80.0,506.9
Ba14Na14LiN6,633.7,2.71,889.2,90.0,570.3
Ba14Na14LiN6,633.7,2.71,889.2,100.0,683.7
Ba14Na7CaN6,676.0,3.09,784.9,50.0,338.0
Ba14Na7CaN6,676.0,3.09,784.9,60.0,405.6
Ba14Na7CaN6,676.0,3.09,784.9,70.0,473.2
Ba14Na7CaN6,676.0,3.09,784.9,80.0,540.8
Ba14Na7CaN6,676.0,3.09,784.9,90.0,608.4
Ba14Na7CaN6,676.0,3.09,784.9,100.0,726.0
Ba15(ZrSe3)14,1373.7,5.21,470.7,50.0,686.9
Ba15(ZrSe3)14,1373.7,5.21,470.7,60.0,824.2
Ba15(ZrSe3)14,1373.7,5.21,470.7,70.0,961.6
Ba15(ZrSe3)14,1373.7,5.21,470.7,80.0,1099.0
Ba15(ZrSe3)14,1373.7,5.21,470.7,90.0,1236.4
Ba15(ZrSe3)14,1373.7,5.21,470.7,100.0,1423.7
Ba16Nb5N19,958.0,5.54,443.0,50.0,479.0
Ba16Nb5N19,958.0,5.54,443.0,60.0,574.8
Ba16Nb5N19,958.0,5.54,443.0,70.0,670.6
Ba16Nb5N19,958.0,5.54,443.0,80.0,766.4
Ba16Nb5N19,958.0,5.54,443.0,90.0,862.2
Ba16Nb5N19,958.0,5.54,443.0,100.0,1008.0
Ba16Re6O37,1756.5,6.51,378.3,50.0,878.3
Ba16Re6O37,1756.5,6.51,378.3,60.0,1053.9
Ba16Re6O37,1756.5,6.51,378.3,70.0,1229.6
Ba16Re6O37,1756.5,6.51,378.3,80.0,1405.2
Ba16Re6O37,1756.5,6.51,378.3,90.0,1580.9
Ba16Re6O37,1756.5,6.51,378.3,100.0,1806.5
Ba16Zn9Ge80Pd3,638.9,5.69,432.0,50.0,319.5
Ba16Zn9Ge80Pd3,638.9,5.69,432.0,60.0,383.4
Ba16Zn9Ge80Pd3,638.9,5.69,432.0,70.0,447.2
Ba16Zn9Ge80Pd3,638.9,5.69,432.0,80.0,511.1
Ba16Zn9Ge80Pd3,638.9,5.69,432.0,90.0,575.0
Ba16Zn9Ge80Pd3,638.9,5.69,432.0,100.0,688.9
Ba17Er16Zn8Pt4O57,1851.8,7.88,313.2,50.0,925.9
Ba17Er16Zn8Pt4O57,1851.8,7.88,313.2,60.0,1111.1
Ba17Er16Zn8Pt4O57,1851.8,7.88,313.2,70.0,1296.2
Ba17Er16Zn8Pt4O57,1851.8,7.88,313.2,80.0,1481.4
Ba17Er16Zn8Pt4O57,1851.8,7.88,313.2,90.0,1666.6
Ba17Er16Zn8Pt4O57,1851.8,7.88,313.2,100.0,1901.8
Ba17Ho16Zn8Pt4O57,1847.4,7.79,317.1,50.0,923.7
Ba17Ho16Zn8Pt4O57,1847.4,7.79,317.1,60.0,1108.5
Ba17Ho16Zn8Pt4O57,1847.4,7.79,317.1,70.0,1293.2
Ba17Ho16Zn8Pt4O57,1847.4,7.79,317.1,80.0,1478.0
Ba17Ho16Zn8Pt4O57,1847.4,7.79,317.1,90.0,1662.7
Ba17Ho16Zn8Pt4O57,1847.4,7.79,317.1,100.0,1897.4
Ba17SrSm12Cl68,1760.9,3.98,613.1,50.0,880.4
Ba17SrSm12Cl68,1760.9,3.98,613.1,60.0,1056.5
Ba17SrSm12Cl68,1760.9,3.98,613.1,70.0,1232.6
Ba17SrSm12Cl68,1760.9,3.98,613.1,80.0,1408.7
Ba17SrSm12Cl68,1760.9,3.98,613.1,90.0,1584.8
Ba17SrSm12Cl68,1760.9,3.98,613.1,100.0,1810.9
Ba17Tm16Zn8Pt4O57,1856.4,7.98,309.5,50.0,928.2
Ba17Tm16Zn8Pt4O57,1856.4,7.98,309.5,60.0,1113.8
Ba17Tm16Zn8Pt4O57,1856.4,7.98,309.5,70.0,1299.5
Ba17Tm16Zn8Pt4O57,1856.4,7.98,309.5,80.0,1485.1
Ba17Tm16Zn8Pt4O57,1856.4,7.98,309.5,90.0,1670.8
Ba17Tm16Zn8Pt4O57,1856.4,7.98,309.5,100.0,1906.4
Ba17Y16Zn8Pt4O57,1833.2,6.39,385.0,50.0,916.6
Ba17Y16Zn8Pt4O57,1833.2,6.39,385.0,60.0,1099.9
Ba17Y16Zn8Pt4O57,1833.2,6.39,385.0,70.0,1283.2
Ba17Y16Zn8Pt4O57,1833.2,6.39,385.0,80.0,1466.5
Ba17Y16Zn8Pt4O57,1833.2,6.39,385.0,90.0,1649.8
Ba17Y16Zn8Pt4O57,1833.2,6.39,385.0,100.0,1883.2
Ba2(AlAg)5,623.9,5.92,415.0,50.0,311.9
Ba2(AlAg)5,623.9,5.92,415.0,60.0,374.3
Ba2(AlAg)5,623.9,5.92,415.0,70.0,436.7
Ba2(AlAg)5,623.9,5.92,415.0,80.0,499.1
Ba2(AlAg)5,623.9,5.92,415.0,90.0,561.5
Ba2(AlAg)5,623.9,5.92,415.0,100.0,673.9
Ba2(CuO2)3,1304.5,5.17,474.0,50.0,652.2
Ba2(CuO2)3,1304.5,5.17,474.0,60.0,782.7
Ba2(CuO2)3,1304.5,5.17,474.0,70.0,913.1
Ba2(CuO2)3,1304.5,5.17,474.0,80.0,1043.6
Ba2(CuO2)3,1304.5,5.17,474.0,90.0,1174.0
Ba2(CuO2)3,1304.5,5.17,474.0,100.0,1354.5
Ba2(InAs)5,735.8,5.82,422.2,50.0,367.9
Ba2(InAs)5,735.8,5.82,422.2,60.0,441.5
Ba2(InAs)5,735.8,5.82,422.2,70.0,515.0
Ba2(InAs)5,735.8,5.82,422.2,80.0,588.6
Ba2(InAs)5,735.8,5.82,422.2,90.0,662.2
Ba2(InAs)5,735.8,5.82,422.2,100.0,785.8
Ba2(IrO3)3,1342.2,7.73,319.3,50.0,671.1
Ba2(IrO3)3,1342.2,7.73,319.3,60.0,805.3
Ba2(IrO3)3,1342.2,7.73,319.3,70.0,939.5
Ba2(IrO3)3,1342.2,7.73,319.3,80.0,1073.7
Ba2(IrO3)3,1342.2,7.73,319.3,90.0,1207.9
Ba2(IrO3)3,1342.2,7.73,319.3,100.0,1392.2
Ba2(Mo2S3)3,1090.4,5.24,467.8,50.0,545.2
Ba2(Mo2S3)3,1090.4,5.24,467.8,60.0,654.2
Ba2(Mo2S3)3,1090.4,5.24,467.8,70.0,763.3
Ba2(Mo2S3)3,1090.4,5.24,467.8,80.0,872.3
Ba2(Mo2S3)3,1090.4,5.24,467.8,90.0,981.3
Ba2(Mo2S3)3,1090.4,5.24,467.8,100.0,1140.4
Ba2(SnSb2)3,734.9,5.91,415.8,50.0,367.4
Ba2(SnSb2)3,734.9,5.91,415.8,60.0,440.9
Ba2(SnSb2)3,734.9,5.91,415.8,70.0,514.4
Ba2(SnSb2)3,734.9,5.91,415.8,80.0,587.9
Ba2(SnSb2)3,734.9,5.91,415.8,90.0,661.4
Ba2(SnSb2)3,734.9,5.91,415.8,100.0,784.9
Ba20As13,979.6,4.86,504.2,50.0,489.8
Ba20As13,979.6,4.86,504.2,60.0,587.8
Ba20As13,979.6,4.86,504.2,70.0,685.7
Ba20As13,979.6,4.86,504.2,80.0,783.7
Ba20As13,979.6,4.86,504.2,90.0,881.7
Ba20As13,979.6,4.86,504.2,100.0,1029.6
Ba20Ga5Ru7O44,1628.0,5.9,416.8,50.0,814.0
Ba20Ga5Ru7O44,1628.0,5.9,416.8,60.0,976.8
Ba20Ga5Ru7O44,1628.0,5.9,416.8,70.0,1139.6
Ba20Ga5Ru7O44,1628.0,5.9,416.8,80.0,1302.4
Ba20Ga5Ru7O44,1628.0,5.9,416.8,90.0,1465.2
Ba20Ga5Ru7O44,1628.0,5.9,416.8,100.0,1678.0
Ba20Ru11PtO48,1536.0,6.03,408.0,50.0,768.0
Ba20Ru11PtO48,1536.0,6.03,408.0,60.0,921.6
Ba20Ru11PtO48,1536.0,6.03,408.0,70.0,1075.2
Ba20Ru11PtO48,1536.0,6.03,408.0,80.0,1228.8
Ba20Ru11PtO48,1536.0,6.03,408.0,90.0,1382.4
Ba20Ru11PtO48,1536.0,6.03,408.0,100.0,1586.0
Ba21(Cd2Bi9)2,884.0,6.61,372.7,50.0,442.0
Ba21(Cd2Bi9)2,884.0,6.61,372.7,60.0,530.4
Ba21(Cd2Bi9)2,884.0,6.61,372.7,70.0,618.8
Ba21(Cd2Bi9)2,884.0,6.61,372.7,80.0,707.2
Ba21(Cd2Bi9)2,884.0,6.61,372.7,90.0,795.6
Ba21(Cd2Bi9)2,884.0,6.61,372.7,100.0,934.0
Ba21(Cd2Sb9)2,975.1,5.43,451.8,50.0,487.6
Ba21(Cd2Sb9)2,975.1,5.43,451.8,60.0,585.1
Ba21(Cd2Sb9)2,975.1,5.43,451.8,70.0,682.6
Ba21(Cd2Sb9)2,975.1,5.43,451.8,80.0,780.1
Ba21(Cd2Sb9)2,975.1,5.43,451.8,90.0,877.6
Ba21(Cd2Sb9)2,975.1,5.43,451.8,100.0,1025.1
Ba21Al40,609.5,3.87,629.0,50.0,304.7
Ba21Al40,609.5,3.87,629.0,60.0,365.7
Ba21Al40,609.5,3.87,629.0,70.0,426.6
Ba21Al40,609.5,3.87,629.0,80.0,487.6
Ba21Al40,609.5,3.87,629.0,90.0,548.5
Ba21Al40,609.5,3.87,629.0,100.0,659.5
Ba2AlCu2F11,1959.4,4.64,527.2,50.0,979.7
Ba2AlCu2F11,1959.4,4.64,527.2,60.0,1175.7
Ba2AlCu2F11,1959.4,4.64,527.2,70.0,1371.6
Ba2AlCu2F11,1959.4,4.64,527.2,80.0,1567.6
Ba2AlCu2F11,1959.4,4.64,527.2,90.0,1763.5
Ba2AlCu2F11,1959.4,4.64,527.2,100.0,2009.4
Ba2AlH7,738.6,3.59,677.2,50.0,369.3
Ba2AlH7,738.6,3.59,677.2,60.0,443.2
Ba2AlH7,738.6,3.59,677.2,70.0,517.0
Ba2AlH7,738.6,3.59,677.2,80.0,590.9
Ba2AlH7,738.6,3.59,677.2,90.0,664.7
Ba2AlH7,738.6,3.59,677.2,100.0,788.6
Ba2AlInO5,1792.8,5.41,453.4,50.0,896.4
Ba2AlInO5,1792.8,5.41,453.4,60.0,1075.7
Ba2AlInO5,1792.8,5.41,453.4,70.0,1255.0
Ba2AlInO5,1792.8,5.41,453.4,80.0,1434.3
Ba2AlInO5,1792.8,5.41,453.4,90.0,1613.6
Ba2AlInO5,1792.8,5.41,453.4,100.0,1842.8
Ba2As2O7,1627.9,4.82,507.7,50.0,814.0
Ba2As2O7,1627.9,4.82,507.7,60.0,976.8
Ba2As2O7,1627.9,4.82,507.7,70.0,1139.6
Ba2As2O7,1627.9,4.82,507.7,80.0,1302.4
Ba2As2O7,1627.9,4.82,507.7,90.0,1465.1
Ba2As2O7,1627.9,4.82,507.7,100.0,1677.9
Ba2As2S5,1116.0,3.92,622.2,50.0,558.0
Ba2As2S5,1116.0,3.92,622.2,60.0,669.6
Ba2As2S5,1116.0,3.92,622.2,70.0,781.2
Ba2As2S5,1116.0,3.92,622.2,80.0,892.8
Ba2As2S5,1116.0,3.92,622.2,90.0,1004.4
Ba2As2S5,1116.0,3.92,622.2,100.0,1166.0
Ba2As2Se5,1082.7,4.98,492.5,50.0,541.3
Ba2As2Se5,1082.7,4.98,492.5,60.0,649.6
Ba2As2Se5,1082.7,4.98,492.5,70.0,757.9
Ba2As2Se5,1082.7,4.98,492.5,80.0,866.2
Ba2As2Se5,1082.7,4.98,492.5,90.0,974.4
Ba2As2Se5,1082.7,4.98,492.5,100.0,1132.7
Ba2As6O11,1428.3,4.65,526.7,50.0,714.1
Ba2As6O11,1428.3,4.65,526.7,60.0,857.0
Ba2As6O11,1428.3,4.65,526.7,70.0,999.8
Ba2As6O11,1428.3,4.65,526.7,80.0,1142.6
Ba2As6O11,1428.3,4.65,526.7,90.0,1285.4
Ba2As6O11,1428.3,4.65,526.7,100.0,1478.3
Ba2AsAu,925.8,7.03,350.7,50.0,462.9
Ba2AsAu,925.8,7.03,350.7,60.0,555.5
Ba2AsAu,925.8,7.03,350.7,70.0,648.0
Ba2AsAu,925.8,7.03,350.7,80.0,740.6
Ba2AsAu,925.8,7.03,350.7,90.0,833.2
Ba2AsAu,925.8,7.03,350.7,100.0,975.8
Ba2B11H7O22,1656.8,2.77,869.6,50.0,828.4
Ba2B11H7O22,1656.8,2.77,869.6,60.0,994.1
Ba2B11H7O22,1656.8,2.77,869.6,70.0,1159.7
Ba2B11H7O22,1656.8,2.77,869.6,80.0,1325.4
Ba2B11H7O22,1656.8,2.77,869.6,90.0,1491.1
Ba2B11H7O22,1656.8,2.77,869.6,100.0,1706.8
Ba2B2AsH3F18,1856.2,3.12,776.7,50.0,928.1
Ba2B2AsH3F18,1856.2,3.12,776.7,60.0,1113.7
Ba2B2AsH3F18,1856.2,3.12,776.7,70.0,1299.4
Ba2B2AsH3F18,1856.2,3.12,776.7,80.0,1485.0
Ba2B2AsH3F18,1856.2,3.12,776.7,90.0,1670.6
Ba2B2AsH3F18,1856.2,3.12,776.7,100.0,1906.2
Ba2B2O5,1913.7,4.33,564.8,50.0,956.9
Ba2B2O5,1913.7,4.33,564.8,60.0,1148.2
Ba2B2O5,1913.7,4.33,564.8,70.0,1339.6
Ba2B2O5,1913.7,4.33,564.8,80.0,1531.0
Ba2B2O5,1913.7,4.33,564.8,90.0,1722.3
Ba2B2O5,1913.7,4.33,564.8,100.0,1963.7
Ba2B4Se13,894.4,4.61,531.3,50.0,447.2
Ba2B4Se13,894.4,4.61,531.3,60.0,536.6
Ba2B4Se13,894.4,4.61,531.3,70.0,626.1
Ba2B4Se13,894.4,4.61,531.3,80.0,715.5
Ba2B4Se13,894.4,4.61,531.3,90.0,804.9
Ba2B4Se13,894.4,4.61,531.3,100.0,944.4
Ba2B5BrO9,1853.6,3.82,638.0,50.0,926.8
Ba2B5BrO9,1853.6,3.82,638.0,60.0,1112.1
Ba2B5BrO9,1853.6,3.82,638.0,70.0,1297.5
Ba2B5BrO9,1853.6,3.82,638.0,80.0,1482.9
Ba2B5BrO9,1853.6,3.82,638.0,90.0,1668.2
Ba2B5BrO9,1853.6,3.82,638.0,100.0,1903.6
Ba2B5ClO9,1875.5,3.7,657.1,50.0,937.7
Ba2B5ClO9,1875.5,3.7,657.1,60.0,1125.3
Ba2B5ClO9,1875.5,3.7,657.1,70.0,1312.8
Ba2B5ClO9,1875.5,3.7,657.1,80.0,1500.4
Ba2B5ClO9,1875.5,3.7,657.1,90.0,1687.9
Ba2B5ClO9,1875.5,3.7,657.1,100.0,1925.5
Ba2B5HO10,1818.8,3.73,652.9,50.0,909.4
Ba2B5HO10,1818.8,3.73,652.9,60.0,1091.3
Ba2B5HO10,1818.8,3.73,652.9,70.0,1273.2
Ba2B5HO10,1818.8,3.73,652.9,80.0,1455.0
Ba2B5HO10,1818.8,3.73,652.9,90.0,1636.9
Ba2B5HO10,1818.8,3.73,652.9,100.0,1868.8
Ba2B6PbO12,1806.6,4.19,583.1,50.0,903.3
Ba2B6PbO12,1806.6,4.19,583.1,60.0,1083.9
Ba2B6PbO12,1806.6,4.19,583.1,70.0,1264.6
Ba2B6PbO12,1806.6,4.19,583.1,80.0,1445.3
Ba2B6PbO12,1806.6,4.19,583.1,90.0,1625.9
Ba2B6PbO12,1806.6,4.19,583.1,100.0,1856.6
Ba2BN2Cl,1236.0,4.22,578.8,50.0,618.0
Ba2BN2Cl,1236.0,4.22,578.8,60.0,741.6
Ba2BN2Cl,1236.0,4.22,578.8,70.0,865.2
Ba2BN2Cl,1236.0,4.22,578.8,80.0,988.8
Ba2BN2Cl,1236.0,4.22,578.8,90.0,1112.4
Ba2BN2Cl,1236.0,4.22,578.8,100.0,1286.0
Ba2Bi2O5,1529.8,7.52,328.0,50.0,764.9
Ba2Bi2O5,1529.8,7.52,328.0,60.0,917.9
Ba2Bi2O5,1529.8,7.52,328.0,70.0,1070.9
Ba2Bi2O5,1529.8,7.52,328.0,80.0,1223.8
Ba2Bi2O5,1529.8,7.52,328.0,90.0,1376.8
Ba2Bi2O5,1529.8,7.52,328.0,100.0,1579.8
Ba2Bi2Se3O2,1320.5,6.36,386.8,50.0,660.2
Ba2Bi2Se3O2,1320.5,6.36,386.8,60.0,792.3
Ba2Bi2Se3O2,1320.5,6.36,386.8,70.0,924.3
Ba2Bi2Se3O2,1320.5,6.36,386.8,80.0,1056.4
Ba2Bi2Se3O2,1320.5,6.36,386.8,90.0,1188.4
Ba2Bi2Se3O2,1320.5,6.36,386.8,100.0,1370.5
Ba2Bi3,844.8,7.54,327.3,50.0,422.4
Ba2Bi3,844.8,7.54,327.3,60.0,506.9
Ba2Bi3,844.8,7.54,327.3,70.0,591.3
Ba2Bi3,844.8,7.54,327.3,80.0,675.8
Ba2Bi3,844.8,7.54,327.3,90.0,760.3
Ba2Bi3,844.8,7.54,327.3,100.0,894.8
Ba2BiAu,889.4,7.65,322.6,50.0,444.7
Ba2BiAu,889.4,7.65,322.6,60.0,533.7
Ba2BiAu,889.4,7.65,322.6,70.0,622.6
Ba2BiAu,889.4,7.65,322.6,80.0,711.5
Ba2BiAu,889.4,7.65,322.6,90.0,800.5
Ba2BiAu,889.4,7.65,322.6,100.0,939.4
Ba2BiSbO6,1603.9,7.17,344.0,50.0,801.9
Ba2BiSbO6,1603.9,7.17,344.0,60.0,962.3
Ba2BiSbO6,1603.9,7.17,344.0,70.0,1122.7
Ba2BiSbO6,1603.9,7.17,344.0,80.0,1283.1
Ba2BiSbO6,1603.9,7.17,344.0,90.0,1443.5
Ba2BiSbO6,1603.9,7.17,344.0,100.0,1653.9
Ba2Br2O,1747.5,4.62,529.5,50.0,873.8
Ba2Br2O,1747.5,4.62,529.5,60.0,1048.5
Ba2Br2O,1747.5,4.62,529.5,70.0,1223.3
Ba2Br2O,1747.5,4.62,529.5,80.0,1398.0
Ba2Br2O,1747.5,4.62,529.5,90.0,1572.8
Ba2Br2O,1747.5,4.62,529.5,100.0,1797.5
Ba2BrN,1135.2,5.12,478.5,50.0,567.6
Ba2BrN,1135.2,5.12,478.5,60.0,681.1
Ba2BrN,1135.2,5.12,478.5,70.0,794.6
Ba2BrN,1135.2,5.12,478.5,80.0,908.1
Ba2BrN,1135.2,5.12,478.5,90.0,1021.7
Ba2BrN,1135.2,5.12,478.5,100.0,1185.2
Ba2Ca(BO2)6,1901.3,3.45,703.6,50.0,950.6
Ba2Ca(BO2)6,1901.3,3.45,703.6,60.0,1140.8
Ba2Ca(BO2)6,1901.3,3.45,703.6,70.0,1330.9
Ba2Ca(BO2)6,1901.3,3.45,703.6,80.0,1521.0
Ba2Ca(BO2)6,1901.3,3.45,703.6,90.0,1711.2
Ba2Ca(BO2)6,1901.3,3.45,703.6,100.0,1951.3
Ba2Ca(BO3)2,1951.1,4.67,524.2,50.0,975.6
Ba2Ca(BO3)2,1951.1,4.67,524.2,60.0,1170.7
Ba2Ca(BO3)2,1951.1,4.67,524.2,70.0,1365.8
Ba2Ca(BO3)2,1951.1,4.67,524.2,80.0,1560.9
Ba2Ca(BO3)2,1951.1,4.67,524.2,90.0,1756.0
Ba2Ca(BO3)2,1951.1,4.67,524.2,100.0,2001.1
Ba2Ca(PdO2)3,1408.6,6.16,399.2,50.0,704.3
Ba2Ca(PdO2)3,1408.6,6.16,399.2,60.0,845.1
Ba2Ca(PdO2)3,1408.6,6.16,399.2,70.0,986.0
Ba2Ca(PdO2)3,1408.6,6.16,399.2,80.0,1126.8
Ba2Ca(PdO2)3,1408.6,6.16,399.2,90.0,1267.7
Ba2Ca(PdO2)3,1408.6,6.16,399.2,100.0,1458.6
Ba2CaCo2CuF14,1862.1,4.48,545.9,50.0,931.0
Ba2CaCo2CuF14,1862.1,4.48,545.9,60.0,1117.2
Ba2CaCo2CuF14,1862.1,4.48,545.9,70.0,1303.4
Ba2CaCo2CuF14,1862.1,4.48,545.9,80.0,1489.7
Ba2CaCo2CuF14,1862.1,4.48,545.9,90.0,1675.9
Ba2CaCo2CuF14,1862.1,4.48,545.9,100.0,1912.1
Ba2CaCr2CuF14,2037.9,4.59,533.0,50.0,1018.9
Ba2CaCr2CuF14,2037.9,4.59,533.0,60.0,1222.7
Ba2CaCr2CuF14,2037.9,4.59,533.0,70.0,1426.5
Ba2CaCr2CuF14,2037.9,4.59,533.0,80.0,1630.3
Ba2CaCr2CuF14,2037.9,4.59,533.0,90.0,1834.1
Ba2CaCr2CuF14,2037.9,4.59,533.0,100.0,2087.9
Ba2CaCu3F14,1801.0,4.61,531.3,50.0,900.5
Ba2CaCu3F14,1801.0,4.61,531.3,60.0,1080.6
Ba2CaCu3F14,1801.0,4.61,531.3,70.0,1260.7
Ba2CaCu3F14,1801.0,4.61,531.3,80.0,1440.8
Ba2CaCu3F14,1801.0,4.61,531.3,90.0,1620.9
Ba2CaCu3F14,1801.0,4.61,531.3,100.0,1851.0
Ba2CaGa2CuF14,2020.4,4.82,508.1,50.0,1010.2
Ba2CaGa2CuF14,2020.4,4.82,508.1,60.0,1212.2
Ba2CaGa2CuF14,2020.4,4.82,508.1,70.0,1414.3
Ba2CaGa2CuF14,2020.4,4.82,508.1,80.0,1616.3
Ba2CaGa2CuF14,2020.4,4.82,508.1,90.0,1818.4
Ba2CaGa2CuF14,2020.4,4.82,508.1,100.0,2070.4
Ba2CaIrO6,1641.8,6.6,373.2,50.0,820.9
Ba2CaIrO6,1641.8,6.6,373.2,60.0,985.1
Ba2CaIrO6,1641.8,6.6,373.2,70.0,1149.3
Ba2CaIrO6,1641.8,6.6,373.2,80.0,1313.4
Ba2CaIrO6,1641.8,6.6,373.2,90.0,1477.6
Ba2CaIrO6,1641.8,6.6,373.2,100.0,1691.8
Ba2CaMgAl2F14,2318.8,4.05,601.8,50.0,1159.4
Ba2CaMgAl2F14,2318.8,4.05,601.8,60.0,1391.3
Ba2CaMgAl2F14,2318.8,4.05,601.8,70.0,1623.2
Ba2CaMgAl2F14,2318.8,4.05,601.8,80.0,1855.0
Ba2CaMgAl2F14,2318.8,4.05,601.8,90.0,2086.9
Ba2CaMgAl2F14,2318.8,4.05,601.8,100.0,2368.8
Ba2CaMn2CuF14,1985.9,4.38,558.6,50.0,993.0
Ba2CaMn2CuF14,1985.9,4.38,558.6,60.0,1191.6
Ba2CaMn2CuF14,1985.9,4.38,558.6,70.0,1390.2
Ba2CaMn2CuF14,1985.9,4.38,558.6,80.0,1588.8
Ba2CaMn2CuF14,1985.9,4.38,558.6,90.0,1787.4
Ba2CaMn2CuF14,1985.9,4.38,558.6,100.0,2035.9
Ba2CaMnV2F14,2137.5,4.41,554.7,50.0,1068.8
Ba2CaMnV2F14,2137.5,4.41,554.7,60.0,1282.5
Ba2CaMnV2F14,2137.5,4.41,554.7,70.0,1496.3
Ba2CaMnV2F14,2137.5,4.41,554.7,80.0,1710.0
Ba2CaMnV2F14,2137.5,4.41,554.7,90.0,1923.8
Ba2CaMnV2F14,2137.5,4.41,554.7,100.0,2187.5
Ba2CaMoN4,995.1,4.92,498.1,50.0,497.6
Ba2CaMoN4,995.1,4.92,498.1,60.0,597.1
Ba2CaMoN4,995.1,4.92,498.1,70.0,696.6
Ba2CaMoN4,995.1,4.92,498.1,80.0,796.1
Ba2CaMoN4,995.1,4.92,498.1,90.0,895.6
Ba2CaMoN4,995.1,4.92,498.1,100.0,1045.1
Ba2CaMoO6,1806.0,5.48,448.1,50.0,903.0
Ba2CaMoO6,1806.0,5.48,448.1,60.0,1083.6
Ba2CaMoO6,1806.0,5.48,448.1,70.0,1264.2
Ba2CaMoO6,1806.0,5.48,448.1,80.0,1444.8
Ba2CaMoO6,1806.0,5.48,448.1,90.0,1625.4
Ba2CaMoO6,1806.0,5.48,448.1,100.0,1856.0
Ba2CaOsO6,1706.6,6.61,372.4,50.0,853.3
Ba2CaOsO6,1706.6,6.61,372.4,60.0,1024.0
Ba2CaOsO6,1706.6,6.61,372.4,70.0,1194.6
Ba2CaOsO6,1706.6,6.61,372.4,80.0,1365.3
Ba2CaOsO6,1706.6,6.61,372.4,90.0,1536.0
Ba2CaOsO6,1706.6,6.61,372.4,100.0,1756.6
Ba2CaP4(H3O8)2,1652.8,3.42,710.0,50.0,826.4
Ba2CaP4(H3O8)2,1652.8,3.42,710.0,60.0,991.7
Ba2CaP4(H3O8)2,1652.8,3.42,710.0,70.0,1157.0
Ba2CaP4(H3O8)2,1652.8,3.42,710.0,80.0,1322.3
Ba2CaP4(H3O8)2,1652.8,3.42,710.0,90.0,1487.5
Ba2CaP4(H3O8)2,1652.8,3.42,710.0,100.0,1702.8
Ba2CaReO6,1812.1,6.67,369.5,50.0,906.0
Ba2CaReO6,1812.1,6.67,369.5,60.0,1087.2
Ba2CaReO6,1812.1,6.67,369.5,70.0,1268.5
Ba2CaReO6,1812.1,6.67,369.5,80.0,1449.7
Ba2CaReO6,1812.1,6.67,369.5,90.0,1630.9
Ba2CaReO6,1812.1,6.67,369.5,100.0,1862.1
Ba2CaSeO6,1647.4,5.66,433.8,50.0,823.7
Ba2CaSeO6,1647.4,5.66,433.8,60.0,988.4
Ba2CaSeO6,1647.4,5.66,433.8,70.0,1153.2
Ba2CaSeO6,1647.4,5.66,433.8,80.0,1317.9
Ba2CaSeO6,1647.4,5.66,433.8,90.0,1482.7
Ba2CaSeO6,1647.4,5.66,433.8,100.0,1697.4
Ba2CaSi4(BO7)2,1990.6,3.51,692.2,50.0,995.3
Ba2CaSi4(BO7)2,1990.6,3.51,692.2,60.0,1194.4
Ba2CaSi4(BO7)2,1990.6,3.51,692.2,70.0,1393.4
Ba2CaSi4(BO7)2,1990.6,3.51,692.2,80.0,1592.5
Ba2CaSi4(BO7)2,1990.6,3.51,692.2,90.0,1791.5
Ba2CaSi4(BO7)2,1990.6,3.51,692.2,100.0,2040.6
Ba2CaTeO6,1754.1,5.8,423.4,50.0,877.1
Ba2CaTeO6,1754.1,5.8,423.4,60.0,1052.5
Ba2CaTeO6,1754.1,5.8,423.4,70.0,1227.9
Ba2CaTeO6,1754.1,5.8,423.4,80.0,1403.3
Ba2CaTeO6,1754.1,5.8,423.4,90.0,1578.7
Ba2CaTeO6,1754.1,5.8,423.4,100.0,1804.1
Ba2CaUO6,2097.7,6.39,385.2,50.0,1048.8
Ba2CaUO6,2097.7,6.39,385.2,60.0,1258.6
Ba2CaUO6,2097.7,6.39,385.2,70.0,1468.4
Ba2CaUO6,2097.7,6.39,385.2,80.0,1678.2
Ba2CaUO6,2097.7,6.39,385.2,90.0,1887.9
Ba2CaUO6,2097.7,6.39,385.2,100.0,2147.7
Ba2CaV2CoF14,2093.0,4.27,571.9,50.0,1046.5
Ba2CaV2CoF14,2093.0,4.27,571.9,60.0,1255.8
Ba2CaV2CoF14,2093.0,4.27,571.9,70.0,1465.1
Ba2CaV2CoF14,2093.0,4.27,571.9,80.0,1674.4
Ba2CaV2CoF14,2093.0,4.27,571.9,90.0,1883.7
Ba2CaV2CoF14,2093.0,4.27,571.9,100.0,2143.0
Ba2CaV2CuF14,2065.4,4.24,575.9,50.0,1032.7
Ba2CaV2CuF14,2065.4,4.24,575.9,60.0,1239.2
Ba2CaV2CuF14,2065.4,4.24,575.9,70.0,1445.8
Ba2CaV2CuF14,2065.4,4.24,575.9,80.0,1652.3
Ba2CaV2CuF14,2065.4,4.24,575.9,90.0,1858.9
Ba2CaV2CuF14,2065.4,4.24,575.9,100.0,2115.4
Ba2CaV2FeF14,2112.4,4.24,576.6,50.0,1056.2
Ba2CaV2FeF14,2112.4,4.24,576.6,60.0,1267.5
Ba2CaV2FeF14,2112.4,4.24,576.6,70.0,1478.7
Ba2CaV2FeF14,2112.4,4.24,576.6,80.0,1689.9
Ba2CaV2FeF14,2112.4,4.24,576.6,90.0,1901.2
Ba2CaV2FeF14,2112.4,4.24,576.6,100.0,2162.4
Ba2CaWO6,1864.7,6.38,385.9,50.0,932.4
Ba2CaWO6,1864.7,6.38,385.9,60.0,1118.8
Ba2CaWO6,1864.7,6.38,385.9,70.0,1305.3
Ba2CaWO6,1864.7,6.38,385.9,80.0,1491.8
Ba2CaWO6,1864.7,6.38,385.9,90.0,1678.3
Ba2CaWO6,1864.7,6.38,385.9,100.0,1914.7
Ba2Cd,601.4,4.52,541.0,50.0,300.7
Ba2Cd,601.4,4.52,541.0,60.0,360.9
Ba2Cd,601.4,4.52,541.0,70.0,421.0
Ba2Cd,601.4,4.52,541.0,80.0,481.1
Ba2Cd,601.4,4.52,541.0,90.0,541.3
Ba2Cd,601.4,4.52,541.0,100.0,651.4
Ba2Cd(BO2)6,1803.0,3.98,613.2,50.0,901.5
Ba2Cd(BO2)6,1803.0,3.98,613.2,60.0,1081.8
Ba2Cd(BO2)6,1803.0,3.98,613.2,70.0,1262.1
Ba2Cd(BO2)6,1803.0,3.98,613.2,80.0,1442.4
Ba2Cd(BO2)6,1803.0,3.98,613.2,90.0,1622.7
Ba2Cd(BO2)6,1803.0,3.98,613.2,100.0,1853.0
Ba2Cd(BO3)2,1767.0,5.29,463.7,50.0,883.5
Ba2Cd(BO3)2,1767.0,5.29,463.7,60.0,1060.2
Ba2Cd(BO3)2,1767.0,5.29,463.7,70.0,1236.9
Ba2Cd(BO3)2,1767.0,5.29,463.7,80.0,1413.6
Ba2Cd(BO3)2,1767.0,5.29,463.7,90.0,1590.3
Ba2Cd(BO3)2,1767.0,5.29,463.7,100.0,1817.0
Ba2Cd2Sb3,842.6,5.9,416.6,50.0,421.3
Ba2Cd2Sb3,842.6,5.9,416.6,60.0,505.6
Ba2Cd2Sb3,842.6,5.9,416.6,70.0,589.8
Ba2Cd2Sb3,842.6,5.9,416.6,80.0,674.1
Ba2Cd2Sb3,842.6,5.9,416.6,90.0,758.3
Ba2Cd2Sb3,842.6,5.9,416.6,100.0,892.6
Ba2CdAs2,918.8,5.36,457.5,50.0,459.4
Ba2CdAs2,918.8,5.36,457.5,60.0,551.3
Ba2CdAs2,918.8,5.36,457.5,70.0,643.2
Ba2CdAs2,918.8,5.36,457.5,80.0,735.1
Ba2CdAs2,918.8,5.36,457.5,90.0,826.9
Ba2CdAs2,918.8,5.36,457.5,100.0,968.8
Ba2CdGe2O7,1627.1,5.1,481.0,50.0,813.5
Ba2CdGe2O7,1627.1,5.1,481.0,60.0,976.3
Ba2CdGe2O7,1627.1,5.1,481.0,70.0,1139.0
Ba2CdGe2O7,1627.1,5.1,481.0,80.0,1301.7
Ba2CdGe2O7,1627.1,5.1,481.0,90.0,1464.4
Ba2CdGe2O7,1627.1,5.1,481.0,100.0,1677.1
Ba2CdMoO6,1611.2,6.32,389.5,50.0,805.6
Ba2CdMoO6,1611.2,6.32,389.5,60.0,966.7
Ba2CdMoO6,1611.2,6.32,389.5,70.0,1127.8
Ba2CdMoO6,1611.2,6.32,389.5,80.0,1289.0
Ba2CdMoO6,1611.2,6.32,389.5,90.0,1450.1
Ba2CdMoO6,1611.2,6.32,389.5,100.0,1661.2
Ba2CdOsO6,1500.4,7.42,332.3,50.0,750.2
Ba2CdOsO6,1500.4,7.42,332.3,60.0,900.2
Ba2CdOsO6,1500.4,7.42,332.3,70.0,1050.3
Ba2CdOsO6,1500.4,7.42,332.3,80.0,1200.3
Ba2CdOsO6,1500.4,7.42,332.3,90.0,1350.4
Ba2CdOsO6,1500.4,7.42,332.3,100.0,1550.4
Ba2CdP4(H3O8)2,1577.3,3.67,662.9,50.0,788.7
Ba2CdP4(H3O8)2,1577.3,3.67,662.9,60.0,946.4
Ba2CdP4(H3O8)2,1577.3,3.67,662.9,70.0,1104.1
Ba2CdP4(H3O8)2,1577.3,3.67,662.9,80.0,1261.8
Ba2CdP4(H3O8)2,1577.3,3.67,662.9,90.0,1419.6
Ba2CdP4(H3O8)2,1577.3,3.67,662.9,100.0,1627.3
Ba2CdPb,715.3,6.29,391.1,50.0,357.6
Ba2CdPb,715.3,6.29,391.1,60.0,429.2
Ba2CdPb,715.3,6.29,391.1,70.0,500.7
Ba2CdPb,715.3,6.29,391.1,80.0,572.2
Ba2CdPb,715.3,6.29,391.1,90.0,643.8
Ba2CdPb,715.3,6.29,391.1,100.0,765.3
Ba2CdS3,1332.3,4.65,526.3,50.0,666.2
Ba2CdS3,1332.3,4.65,526.3,60.0,799.4
Ba2CdS3,1332.3,4.65,526.3,70.0,932.6
Ba2CdS3,1332.3,4.65,526.3,80.0,1065.9
Ba2CdS3,1332.3,4.65,526.3,90.0,1199.1
Ba2CdS3,1332.3,4.65,526.3,100.0,1382.3
Ba2Ce3Si3O12F,2077.5,5.27,465.3,50.0,1038.7
Ba2Ce3Si3O12F,2077.5,5.27,465.3,60.0,1246.5
Ba2Ce3Si3O12F,2077.5,5.27,465.3,70.0,1454.2
Ba2Ce3Si3O12F,2077.5,5.27,465.3,80.0,1662.0
Ba2Ce3Si3O12F,2077.5,5.27,465.3,90.0,1869.7
Ba2Ce3Si3O12F,2077.5,5.27,465.3,100.0,2127.5
Ba2Ce3Si3O12F,2122.9,5.16,475.5,50.0,1061.5
Ba2Ce3Si3O12F,2122.9,5.16,475.5,60.0,1273.8
Ba2Ce3Si3O12F,2122.9,5.16,475.5,70.0,1486.1
Ba2Ce3Si3O12F,2122.9,5.16,475.5,80.0,1698.3
Ba2Ce3Si3O12F,2122.9,5.16,475.5,90.0,1910.6
Ba2Ce3Si3O12F,2122.9,5.16,475.5,100.0,2172.9
Ba2CeC3O9F,1768.4,4.54,538.4,50.0,884.2
Ba2CeC3O9F,1768.4,4.54,538.4,60.0,1061.0
Ba2CeC3O9F,1768.4,4.54,538.4,70.0,1237.9
Ba2CeC3O9F,1768.4,4.54,538.4,80.0,1414.7
Ba2CeC3O9F,1768.4,4.54,538.4,90.0,1591.6
Ba2CeC3O9F,1768.4,4.54,538.4,100.0,1818.4
Ba2CePaO6,2138.2,6.66,369.6,50.0,1069.1
Ba2CePaO6,2138.2,6.66,369.6,60.0,1282.9
Ba2CePaO6,2138.2,6.66,369.6,70.0,1496.7
Ba2CePaO6,2138.2,6.66,369.6,80.0,1710.5
Ba2CePaO6,2138.2,6.66,369.6,90.0,1924.4
Ba2CePaO6,2138.2,6.66,369.6,100.0,2188.2
Ba2CePbO6,1793.2,6.98,353.0,50.0,896.6
Ba2CePbO6,1793.2,6.98,353.0,60.0,1075.9
Ba2CePbO6,1793.2,6.98,353.0,70.0,1255.3
Ba2CePbO6,1793.2,6.98,353.0,80.0,1434.6
Ba2CePbO6,1793.2,6.98,353.0,90.0,1613.9
Ba2CePbO6,1793.2,6.98,353.0,100.0,1843.2
Ba2CePtO6,1760.2,7.6,324.8,50.0,880.1
Ba2CePtO6,1760.2,7.6,324.8,60.0,1056.1
Ba2CePtO6,1760.2,7.6,324.8,70.0,1232.2
Ba2CePtO6,1760.2,7.6,324.8,80.0,1408.2
Ba2CePtO6,1760.2,7.6,324.8,90.0,1584.2
Ba2CePtO6,1760.2,7.6,324.8,100.0,1810.2
Ba2CeSnO6,1902.1,6.44,382.3,50.0,951.0
Ba2CeSnO6,1902.1,6.44,382.3,60.0,1141.2
Ba2CeSnO6,1902.1,6.44,382.3,70.0,1331.4
Ba2CeSnO6,1902.1,6.44,382.3,80.0,1521.6
Ba2CeSnO6,1902.1,6.44,382.3,90.0,1711.9
Ba2CeSnO6,1902.1,6.44,382.3,100.0,1952.1
Ba2CeTaO6,2067.8,7.06,349.0,50.0,1033.9
Ba2CeTaO6,2067.8,7.06,349.0,60.0,1240.7
Ba2CeTaO6,2067.8,7.06,349.0,70.0,1447.5
Ba2CeTaO6,2067.8,7.06,349.0,80.0,1654.3
Ba2CeTaO6,2067.8,7.06,349.0,90.0,1861.1
Ba2CeTaO6,2067.8,7.06,349.0,100.0,2117.8
Ba2CoGe2O7,1621.2,4.82,508.1,50.0,810.6
Ba2CoGe2O7,1621.2,4.82,508.1,60.0,972.7
Ba2CoGe2O7,1621.2,4.82,508.1,70.0,1134.8
Ba2CoGe2O7,1621.2,4.82,508.1,80.0,1297.0
Ba2CoGe2O7,1621.2,4.82,508.1,90.0,1459.1
Ba2CoGe2O7,1621.2,4.82,508.1,100.0,1671.2
Ba2CoMoO6,1608.5,6.31,390.3,50.0,804.2
Ba2CoMoO6,1608.5,6.31,390.3,60.0,965.1
Ba2CoMoO6,1608.5,6.31,390.3,70.0,1125.9
Ba2CoMoO6,1608.5,6.31,390.3,80.0,1286.8
Ba2CoMoO6,1608.5,6.31,390.3,90.0,1447.6
Ba2CoMoO6,1608.5,6.31,390.3,100.0,1658.5
Ba2CoO4,1548.0,5.51,445.5,50.0,774.0
Ba2CoO4,1548.0,5.51,445.5,60.0,928.8
Ba2CoO4,1548.0,5.51,445.5,70.0,1083.6
Ba2CoO4,1548.0,5.51,445.5,80.0,1238.4
Ba2CoO4,1548.0,5.51,445.5,90.0,1393.2
Ba2CoO4,1548.0,5.51,445.5,100.0,1598.0
Ba2CoSe2(ClO3)2,1441.8,4.79,511.7,50.0,720.9
Ba2CoSe2(ClO3)2,1441.8,4.79,511.7,60.0,865.1
Ba2CoSe2(ClO3)2,1441.8,4.79,511.7,70.0,1009.2
Ba2CoSe2(ClO3)2,1441.8,4.79,511.7,80.0,1153.4
Ba2CoSe2(ClO3)2,1441.8,4.79,511.7,90.0,1297.6
Ba2CoSe2(ClO3)2,1441.8,4.79,511.7,100.0,1491.8
Ba2CoSi2O7,1876.7,4.39,556.9,50.0,938.4
Ba2CoSi2O7,1876.7,4.39,556.9,60.0,1126.0
Ba2CoSi2O7,1876.7,4.39,556.9,70.0,1313.7
Ba2CoSi2O7,1876.7,4.39,556.9,80.0,1501.4
Ba2CoSi2O7,1876.7,4.39,556.9,90.0,1689.1
Ba2CoSi2O7,1876.7,4.39,556.9,100.0,1926.7
Ba2CoWO6,1659.3,7.3,338.1,50.0,829.6
Ba2CoWO6,1659.3,7.3,338.1,60.0,995.6
Ba2CoWO6,1659.3,7.3,338.1,70.0,1161.5
Ba2CoWO6,1659.3,7.3,338.1,80.0,1327.4
Ba2CoWO6,1659.3,7.3,338.1,90.0,1493.3
Ba2CoWO6,1659.3,7.3,338.1,100.0,1709.3
Ba2CrMoO6,1697.1,6.37,386.2,50.0,848.5
Ba2CrMoO6,1697.1,6.37,386.2,60.0,1018.3
Ba2CrMoO6,1697.1,6.37,386.2,70.0,1188.0
Ba2CrMoO6,1697.1,6.37,386.2,80.0,1357.7
Ba2CrMoO6,1697.1,6.37,386.2,90.0,1527.4
Ba2CrMoO6,1697.1,6.37,386.2,100.0,1747.1
Ba2CrN3,943.1,5.53,444.2,50.0,471.5
Ba2CrN3,943.1,5.53,444.2,60.0,565.8
Ba2CrN3,943.1,5.53,444.2,70.0,660.1
Ba2CrN3,943.1,5.53,444.2,80.0,754.5
Ba2CrN3,943.1,5.53,444.2,90.0,848.8
Ba2CrN3,943.1,5.53,444.2,100.0,993.1
Ba2CrO4,1729.4,5.41,453.6,50.0,864.7
Ba2CrO4,1729.4,5.41,453.6,60.0,1037.6
Ba2CrO4,1729.4,5.41,453.6,70.0,1210.5
Ba2CrO4,1729.4,5.41,453.6,80.0,1383.5
Ba2CrO4,1729.4,5.41,453.6,90.0,1556.4
Ba2CrO4,1729.4,5.41,453.6,100.0,1779.4
Ba2Cu(PO3)6,1732.7,3.48,698.1,50.0,866.3
Ba2Cu(PO3)6,1732.7,3.48,698.1,60.0,1039.6
Ba2Cu(PO3)6,1732.7,3.48,698.1,70.0,1212.9
Ba2Cu(PO3)6,1732.7,3.48,698.1,80.0,1386.2
Ba2Cu(PO3)6,1732.7,3.48,698.1,90.0,1559.4
Ba2Cu(PO3)6,1732.7,3.48,698.1,100.0,1782.7
Ba2Cu(PO4)2,1793.6,4.19,583.2,50.0,896.8
Ba2Cu(PO4)2,1793.6,4.19,583.2,60.0,1076.2
Ba2Cu(PO4)2,1793.6,4.19,583.2,70.0,1255.5
Ba2Cu(PO4)2,1793.6,4.19,583.2,80.0,1434.9
Ba2Cu(PO4)2,1793.6,4.19,583.2,90.0,1614.3
Ba2Cu(PO4)2,1793.6,4.19,583.2,100.0,1843.6
Ba2Cu2O5,1366.8,5.17,474.3,50.0,683.4
Ba2Cu2O5,1366.8,5.17,474.3,60.0,820.1
Ba2Cu2O5,1366.8,5.17,474.3,70.0,956.8
Ba2Cu2O5,1366.8,5.17,474.3,80.0,1093.4
Ba2Cu2O5,1366.8,5.17,474.3,90.0,1230.1
Ba2Cu2O5,1366.8,5.17,474.3,100.0,1416.8
Ba2Cu2Te4Br2O11,1302.1,5.54,443.5,50.0,651.0
Ba2Cu2Te4Br2O11,1302.1,5.54,443.5,60.0,781.2
Ba2Cu2Te4Br2O11,1302.1,5.54,443.5,70.0,911.4
Ba2Cu2Te4Br2O11,1302.1,5.54,443.5,80.0,1041.6
Ba2Cu2Te4Br2O11,1302.1,5.54,443.5,90.0,1171.9
Ba2Cu2Te4Br2O11,1302.1,5.54,443.5,100.0,1352.1
Ba2Cu3(BrO2)2,1305.8,4.87,503.5,50.0,652.9
Ba2Cu3(BrO2)2,1305.8,4.87,503.5,60.0,783.5
Ba2Cu3(BrO2)2,1305.8,4.87,503.5,70.0,914.0
Ba2Cu3(BrO2)2,1305.8,4.87,503.5,80.0,1044.6
Ba2Cu3(BrO2)2,1305.8,4.87,503.5,90.0,1175.2
Ba2Cu3(BrO2)2,1305.8,4.87,503.5,100.0,1355.8
Ba2Cu3(ClO2)2,1351.4,4.47,546.5,50.0,675.7
Ba2Cu3(ClO2)2,1351.4,4.47,546.5,60.0,810.8
Ba2Cu3(ClO2)2,1351.4,4.47,546.5,70.0,946.0
Ba2Cu3(ClO2)2,1351.4,4.47,546.5,80.0,1081.1
Ba2Cu3(ClO2)2,1351.4,4.47,546.5,90.0,1216.3
Ba2Cu3(ClO2)2,1351.4,4.47,546.5,100.0,1401.4
Ba2Cu3P4,766.5,5.43,452.1,50.0,383.2
Ba2Cu3P4,766.5,5.43,452.1,60.0,459.9
Ba2Cu3P4,766.5,5.43,452.1,70.0,536.5
Ba2Cu3P4,766.5,5.43,452.1,80.0,613.2
Ba2Cu3P4,766.5,5.43,452.1,90.0,689.8
Ba2Cu3P4,766.5,5.43,452.1,100.0,816.5
Ba2CuBrO2,1564.6,4.63,528.1,50.0,782.3
Ba2CuBrO2,1564.6,4.63,528.1,60.0,938.8
Ba2CuBrO2,1564.6,4.63,528.1,70.0,1095.3
Ba2CuBrO2,1564.6,4.63,528.1,80.0,1251.7
Ba2CuBrO2,1564.6,4.63,528.1,90.0,1408.2
Ba2CuBrO2,1564.6,4.63,528.1,100.0,1614.6
Ba2CuClO2,1602.4,4.32,566.0,50.0,801.2
Ba2CuClO2,1602.4,4.32,566.0,60.0,961.4
Ba2CuClO2,1602.4,4.32,566.0,70.0,1121.7
Ba2CuClO2,1602.4,4.32,566.0,80.0,1281.9
Ba2CuClO2,1602.4,4.32,566.0,90.0,1442.2
Ba2CuClO2,1602.4,4.32,566.0,100.0,1652.4
Ba2CuF6,2026.3,5.47,448.4,50.0,1013.1
Ba2CuF6,2026.3,5.47,448.4,60.0,1215.8
Ba2CuF6,2026.3,5.47,448.4,70.0,1418.4
Ba2CuF6,2026.3,5.47,448.4,80.0,1621.0
Ba2CuF6,2026.3,5.47,448.4,90.0,1823.6
Ba2CuF6,2026.3,5.47,448.4,100.0,2076.3
Ba2CuIO2,1503.9,4.75,516.0,50.0,752.0
Ba2CuIO2,1503.9,4.75,516.0,60.0,902.4
Ba2CuIO2,1503.9,4.75,516.0,70.0,1052.8
Ba2CuIO2,1503.9,4.75,516.0,80.0,1203.1
Ba2CuIO2,1503.9,4.75,516.0,90.0,1353.5
Ba2CuIO2,1503.9,4.75,516.0,100.0,1553.9
Ba2CuMo2F14,1878.5,4.26,574.0,50.0,939.3
Ba2CuMo2F14,1878.5,4.26,574.0,60.0,1127.1
Ba2CuMo2F14,1878.5,4.26,574.0,70.0,1315.0
Ba2CuMo2F14,1878.5,4.26,574.0,80.0,1502.8
Ba2CuMo2F14,1878.5,4.26,574.0,90.0,1690.7
Ba2CuMo2F14,1878.5,4.26,574.0,100.0,1928.5
Ba2CuO3,1528.8,6.18,397.8,50.0,764.4
Ba2CuO3,1528.8,6.18,397.8,60.0,917.3
Ba2CuO3,1528.8,6.18,397.8,70.0,1070.2
Ba2CuO3,1528.8,6.18,397.8,80.0,1223.0
Ba2CuO3,1528.8,6.18,397.8,90.0,1375.9
Ba2CuO3,1528.8,6.18,397.8,100.0,1578.8
Ba2CuOsO6,1450.3,7.16,344.1,50.0,725.2
Ba2CuOsO6,1450.3,7.16,344.1,60.0,870.2
Ba2CuOsO6,1450.3,7.16,344.1,70.0,1015.2
Ba2CuOsO6,1450.3,7.16,344.1,80.0,1160.3
Ba2CuOsO6,1450.3,7.16,344.1,90.0,1305.3
Ba2CuOsO6,1450.3,7.16,344.1,100.0,1500.3
Ba2CuTeO6,1479.9,6.57,375.1,50.0,740.0
Ba2CuTeO6,1479.9,6.57,375.1,60.0,887.9
Ba2CuTeO6,1479.9,6.57,375.1,70.0,1035.9
Ba2CuTeO6,1479.9,6.57,375.1,80.0,1183.9
Ba2CuTeO6,1479.9,6.57,375.1,90.0,1331.9
Ba2CuTeO6,1479.9,6.57,375.1,100.0,1529.9
Ba2Dy(CuO2)4,1427.1,6.54,376.7,50.0,713.5
Ba2Dy(CuO2)4,1427.1,6.54,376.7,60.0,856.2
Ba2Dy(CuO2)4,1427.1,6.54,376.7,70.0,999.0
Ba2Dy(CuO2)4,1427.1,6.54,376.7,80.0,1141.7
Ba2Dy(CuO2)4,1427.1,6.54,376.7,90.0,1284.4
Ba2Dy(CuO2)4,1427.1,6.54,376.7,100.0,1477.1
Ba2DyBiO6,1772.5,7.47,330.2,50.0,886.3
Ba2DyBiO6,1772.5,7.47,330.2,60.0,1063.5
Ba2DyBiO6,1772.5,7.47,330.2,70.0,1240.8
Ba2DyBiO6,1772.5,7.47,330.2,80.0,1418.0
Ba2DyBiO6,1772.5,7.47,330.2,90.0,1595.3
Ba2DyBiO6,1772.5,7.47,330.2,100.0,1822.5
Ba2DyCl7,1791.7,4.01,608.3,50.0,895.8
Ba2DyCl7,1791.7,4.01,608.3,60.0,1075.0
Ba2DyCl7,1791.7,4.01,608.3,70.0,1254.2
Ba2DyCl7,1791.7,4.01,608.3,80.0,1433.3
Ba2DyCl7,1791.7,4.01,608.3,90.0,1612.5
Ba2DyCl7,1791.7,4.01,608.3,100.0,1841.7
Ba2DyMoO6,1866.5,6.79,362.8,50.0,933.2
Ba2DyMoO6,1866.5,6.79,362.8,60.0,1119.9
Ba2DyMoO6,1866.5,6.79,362.8,70.0,1306.5
Ba2DyMoO6,1866.5,6.79,362.8,80.0,1493.2
Ba2DyMoO6,1866.5,6.79,362.8,90.0,1679.8
Ba2DyMoO6,1866.5,6.79,362.8,100.0,1916.5
Ba2DyNbO6,2056.4,6.63,371.5,50.0,1028.2
Ba2DyNbO6,2056.4,6.63,371.5,60.0,1233.8
Ba2DyNbO6,2056.4,6.63,371.5,70.0,1439.5
Ba2DyNbO6,2056.4,6.63,371.5,80.0,1645.1
Ba2DyNbO6,2056.4,6.63,371.5,90.0,1850.7
Ba2DyNbO6,2056.4,6.63,371.5,100.0,2106.4
Ba2DyPaO6,2183.8,7.28,338.7,50.0,1091.9
Ba2DyPaO6,2183.8,7.28,338.7,60.0,1310.3
Ba2DyPaO6,2183.8,7.28,338.7,70.0,1528.7
Ba2DyPaO6,2183.8,7.28,338.7,80.0,1747.1
Ba2DyPaO6,2183.8,7.28,338.7,90.0,1965.4
Ba2DyPaO6,2183.8,7.28,338.7,100.0,2233.8
Ba2DySbO6,1891.5,7.02,350.9,50.0,945.8
Ba2DySbO6,1891.5,7.02,350.9,60.0,1134.9
Ba2DySbO6,1891.5,7.02,350.9,70.0,1324.1
Ba2DySbO6,1891.5,7.02,350.9,80.0,1513.2
Ba2DySbO6,1891.5,7.02,350.9,90.0,1702.4
Ba2DySbO6,1891.5,7.02,350.9,100.0,1941.5
Ba2DyTaO6,2110.8,7.64,323.1,50.0,1055.4
Ba2DyTaO6,2110.8,7.64,323.1,60.0,1266.5
Ba2DyTaO6,2110.8,7.64,323.1,70.0,1477.6
Ba2DyTaO6,2110.8,7.64,323.1,80.0,1688.7
Ba2DyTaO6,2110.8,7.64,323.1,90.0,1899.7
Ba2DyTaO6,2110.8,7.64,323.1,100.0,2160.8
Ba2DyUO6,2145.3,7.65,322.7,50.0,1072.6
Ba2DyUO6,2145.3,7.65,322.7,60.0,1287.2
Ba2DyUO6,2145.3,7.65,322.7,70.0,1501.7
Ba2DyUO6,2145.3,7.65,322.7,80.0,1716.2
Ba2DyUO6,2145.3,7.65,322.7,90.0,1930.8
Ba2DyUO6,2145.3,7.65,322.7,100.0,2195.3
Ba2Er(CuO2)4,1428.7,6.61,372.5,50.0,714.3
Ba2Er(CuO2)4,1428.7,6.61,372.5,60.0,857.2
Ba2Er(CuO2)4,1428.7,6.61,372.5,70.0,1000.1
Ba2Er(CuO2)4,1428.7,6.61,372.5,80.0,1142.9
Ba2Er(CuO2)4,1428.7,6.61,372.5,90.0,1285.8
Ba2Er(CuO2)4,1428.7,6.61,372.5,100.0,1478.7
Ba2ErCl7,1789.4,4.07,600.0,50.0,894.7
Ba2ErCl7,1789.4,4.07,600.0,60.0,1073.7
Ba2ErCl7,1789.4,4.07,600.0,70.0,1252.6
Ba2ErCl7,1789.4,4.07,600.0,80.0,1431.5
Ba2ErCl7,1789.4,4.07,600.0,90.0,1610.5
Ba2ErCl7,1789.4,4.07,600.0,100.0,1839.4
Ba2ErMoO6,1875.4,6.95,354.7,50.0,937.7
Ba2ErMoO6,1875.4,6.95,354.7,60.0,1125.3
Ba2ErMoO6,1875.4,6.95,354.7,70.0,1312.8
Ba2ErMoO6,1875.4,6.95,354.7,80.0,1500.3
Ba2ErMoO6,1875.4,6.95,354.7,90.0,1687.9
Ba2ErMoO6,1875.4,6.95,354.7,100.0,1925.4
Ba2ErNbO6,2066.0,6.77,363.8,50.0,1033.0
Ba2ErNbO6,2066.0,6.77,363.8,60.0,1239.6
Ba2ErNbO6,2066.0,6.77,363.8,70.0,1446.2
Ba2ErNbO6,2066.0,6.77,363.8,80.0,1652.8
Ba2ErNbO6,2066.0,6.77,363.8,90.0,1859.4
Ba2ErNbO6,2066.0,6.77,363.8,100.0,2116.0
Ba2ErPaO6,2193.4,7.43,332.2,50.0,1096.7
Ba2ErPaO6,2193.4,7.43,332.2,60.0,1316.1
Ba2ErPaO6,2193.4,7.43,332.2,70.0,1535.4
Ba2ErPaO6,2193.4,7.43,332.2,80.0,1754.8
Ba2ErPaO6,2193.4,7.43,332.2,90.0,1974.1
Ba2ErPaO6,2193.4,7.43,332.2,100.0,2243.4
Ba2ErRuO6,1789.5,7.14,345.5,50.0,894.8
Ba2ErRuO6,1789.5,7.14,345.5,60.0,1073.7
Ba2ErRuO6,1789.5,7.14,345.5,70.0,1252.7
Ba2ErRuO6,1789.5,7.14,345.5,80.0,1431.6
Ba2ErRuO6,1789.5,7.14,345.5,90.0,1610.6
Ba2ErRuO6,1789.5,7.14,345.5,100.0,1839.5
Ba2ErSbO6,1898.9,7.17,343.8,50.0,949.5
Ba2ErSbO6,1898.9,7.17,343.8,60.0,1139.4
Ba2ErSbO6,1898.9,7.17,343.8,70.0,1329.2
Ba2ErSbO6,1898.9,7.17,343.8,80.0,1519.1
Ba2ErSbO6,1898.9,7.17,343.8,90.0,1709.0
Ba2ErSbO6,1898.9,7.17,343.8,100.0,1948.9
Ba2ErTaO6,2120.3,7.77,317.5,50.0,1060.1
Ba2ErTaO6,2120.3,7.77,317.5,60.0,1272.2
Ba2ErTaO6,2120.3,7.77,317.5,70.0,1484.2
Ba2ErTaO6,2120.3,7.77,317.5,80.0,1696.2
Ba2ErTaO6,2120.3,7.77,317.5,90.0,1908.2
Ba2ErTaO6,2120.3,7.77,317.5,100.0,2170.3
Ba2ErUO6,2154.8,7.66,322.3,50.0,1077.4
Ba2ErUO6,2154.8,7.66,322.3,60.0,1292.9
Ba2ErUO6,2154.8,7.66,322.3,70.0,1508.3
Ba2ErUO6,2154.8,7.66,322.3,80.0,1723.8
Ba2ErUO6,2154.8,7.66,322.3,90.0,1939.3
Ba2ErUO6,2154.8,7.66,322.3,100.0,2204.8
Ba2Eu3Si7,707.9,5.02,488.2,50.0,353.9
Ba2Eu3Si7,707.9,5.02,488.2,60.0,424.7
Ba2Eu3Si7,707.9,5.02,488.2,70.0,495.5
Ba2Eu3Si7,707.9,5.02,488.2,80.0,566.3
Ba2Eu3Si7,707.9,5.02,488.2,90.0,637.1
Ba2Eu3Si7,707.9,5.02,488.2,100.0,757.9
Ba2EuBiO6,1668.8,7.13,345.8,50.0,834.4
Ba2EuBiO6,1668.8,7.13,345.8,60.0,1001.3
Ba2EuBiO6,1668.8,7.13,345.8,70.0,1168.2
Ba2EuBiO6,1668.8,7.13,345.8,80.0,1335.0
Ba2EuBiO6,1668.8,7.13,345.8,90.0,1501.9
Ba2EuBiO6,1668.8,7.13,345.8,100.0,1718.8
Ba2EuMoO6,1790.9,6.59,373.7,50.0,895.4
Ba2EuMoO6,1790.9,6.59,373.7,60.0,1074.5
Ba2EuMoO6,1790.9,6.59,373.7,70.0,1253.6
Ba2EuMoO6,1790.9,6.59,373.7,80.0,1432.7
Ba2EuMoO6,1790.9,6.59,373.7,90.0,1611.8
Ba2EuMoO6,1790.9,6.59,373.7,100.0,1840.9
Ba2EuReO6,1800.3,7.43,331.8,50.0,900.1
Ba2EuReO6,1800.3,7.43,331.8,60.0,1080.2
Ba2EuReO6,1800.3,7.43,331.8,70.0,1260.2
Ba2EuReO6,1800.3,7.43,331.8,80.0,1440.2
Ba2EuReO6,1800.3,7.43,331.8,90.0,1620.3
Ba2EuReO6,1800.3,7.43,331.8,100.0,1850.3
Ba2EuSbO6,1783.3,6.68,368.8,50.0,891.6
Ba2EuSbO6,1783.3,6.68,368.8,60.0,1070.0
Ba2EuSbO6,1783.3,6.68,368.8,70.0,1248.3
Ba2EuSbO6,1783.3,6.68,368.8,80.0,1426.6
Ba2EuSbO6,1783.3,6.68,368.8,90.0,1605.0
Ba2EuSbO6,1783.3,6.68,368.8,100.0,1833.3
Ba2Fe2CuF14,1760.7,4.02,606.3,50.0,880.4
Ba2Fe2CuF14,1760.7,4.02,606.3,60.0,1056.4
Ba2Fe2CuF14,1760.7,4.02,606.3,70.0,1232.5
Ba2Fe2CuF14,1760.7,4.02,606.3,80.0,1408.6
Ba2Fe2CuF14,1760.7,4.02,606.3,90.0,1584.7
Ba2Fe2CuF14,1760.7,4.02,606.3,100.0,1810.7
Ba2Fe2O5,1534.7,5.44,451.3,50.0,767.3
Ba2Fe2O5,1534.7,5.44,451.3,60.0,920.8
Ba2Fe2O5,1534.7,5.44,451.3,70.0,1074.3
Ba2Fe2O5,1534.7,5.44,451.3,80.0,1227.8
Ba2Fe2O5,1534.7,5.44,451.3,90.0,1381.2
Ba2Fe2O5,1534.7,5.44,451.3,100.0,1584.7
Ba2Fe3P6HO22,1683.0,3.63,670.7,50.0,841.5
Ba2Fe3P6HO22,1683.0,3.63,670.7,60.0,1009.8
Ba2Fe3P6HO22,1683.0,3.63,670.7,70.0,1178.1
Ba2Fe3P6HO22,1683.0,3.63,670.7,80.0,1346.4
Ba2Fe3P6HO22,1683.0,3.63,670.7,90.0,1514.7
Ba2Fe3P6HO22,1683.0,3.63,670.7,100.0,1733.0
Ba2FeGe2O7,1639.9,4.88,502.5,50.0,820.0
Ba2FeGe2O7,1639.9,4.88,502.5,60.0,984.0
Ba2FeGe2O7,1639.9,4.88,502.5,70.0,1148.0
Ba2FeGe2O7,1639.9,4.88,502.5,80.0,1312.0
Ba2FeGe2O7,1639.9,4.88,502.5,90.0,1475.9
Ba2FeGe2O7,1639.9,4.88,502.5,100.0,1689.9
Ba2FeMoO6,1625.5,6.3,390.9,50.0,812.7
Ba2FeMoO6,1625.5,6.3,390.9,60.0,975.3
Ba2FeMoO6,1625.5,6.3,390.9,70.0,1137.8
Ba2FeMoO6,1625.5,6.3,390.9,80.0,1300.4
Ba2FeMoO6,1625.5,6.3,390.9,90.0,1462.9
Ba2FeMoO6,1625.5,6.3,390.9,100.0,1675.5
Ba2FeO4,1576.7,5.49,447.3,50.0,788.3
Ba2FeO4,1576.7,5.49,447.3,60.0,946.0
Ba2FeO4,1576.7,5.49,447.3,70.0,1103.7
Ba2FeO4,1576.7,5.49,447.3,80.0,1261.3
Ba2FeO4,1576.7,5.49,447.3,90.0,1419.0
Ba2FeO4,1576.7,5.49,447.3,100.0,1626.7
Ba2FeWO6,1688.1,7.11,346.7,50.0,844.0
Ba2FeWO6,1688.1,7.11,346.7,60.0,1012.8
Ba2FeWO6,1688.1,7.11,346.7,70.0,1181.7
Ba2FeWO6,1688.1,7.11,346.7,80.0,1350.5
Ba2FeWO6,1688.1,7.11,346.7,90.0,1519.3
Ba2FeWO6,1688.1,7.11,346.7,100.0,1738.1
Ba2Ga2S5,1250.6,3.98,612.7,50.0,625.3
Ba2Ga2S5,1250.6,3.98,612.7,60.0,750.4
Ba2Ga2S5,1250.6,3.98,612.7,70.0,875.4
Ba2Ga2S5,1250.6,3.98,612.7,80.0,1000.5
Ba2Ga2S5,1250.6,3.98,612.7,90.0,1125.6
Ba2Ga2S5,1250.6,3.98,612.7,100.0,1300.6
Ba2GaAsSe5,1147.5,4.92,498.0,50.0,573.8
Ba2GaAsSe5,1147.5,4.92,498.0,60.0,688.5
Ba2GaAsSe5,1147.5,4.92,498.0,70.0,803.3
Ba2GaAsSe5,1147.5,4.92,498.0,80.0,918.0
Ba2GaAsSe5,1147.5,4.92,498.0,90.0,1032.8
Ba2GaAsSe5,1147.5,4.92,498.0,100.0,1197.5
Ba2GaBiS5,1207.8,4.68,522.8,50.0,603.9
Ba2GaBiS5,1207.8,4.68,522.8,60.0,724.7
Ba2GaBiS5,1207.8,4.68,522.8,70.0,845.4
Ba2GaBiS5,1207.8,4.68,522.8,80.0,966.2
Ba2GaBiS5,1207.8,4.68,522.8,90.0,1087.0
Ba2GaBiS5,1207.8,4.68,522.8,100.0,1257.8
Ba2GaBiSe5,1172.1,5.59,439.7,50.0,586.0
Ba2GaBiSe5,1172.1,5.59,439.7,60.0,703.2
Ba2GaBiSe5,1172.1,5.59,439.7,70.0,820.4
Ba2GaBiSe5,1172.1,5.59,439.7,80.0,937.6
Ba2GaBiSe5,1172.1,5.59,439.7,90.0,1054.8
Ba2GaBiSe5,1172.1,5.59,439.7,100.0,1222.1
Ba2GaGeN,795.4,5.17,474.5,50.0,397.7
Ba2GaGeN,795.4,5.17,474.5,60.0,477.2
Ba2GaGeN,795.4,5.17,474.5,70.0,556.7
Ba2GaGeN,795.4,5.17,474.5,80.0,636.3
Ba2GaGeN,795.4,5.17,474.5,90.0,715.8
Ba2GaGeN,795.4,5.17,474.5,100.0,845.4
Ba2GaS4,1309.3,4.02,607.2,50.0,654.6
Ba2GaS4,1309.3,4.02,607.2,60.0,785.6
Ba2GaS4,1309.3,4.02,607.2,70.0,916.5
Ba2GaS4,1309.3,4.02,607.2,80.0,1047.4
Ba2GaS4,1309.3,4.02,607.2,90.0,1178.4
Ba2GaS4,1309.3,4.02,607.2,100.0,1359.3
Ba2GaSbS5,1202.6,4.12,593.0,50.0,601.3
Ba2GaSbS5,1202.6,4.12,593.0,60.0,721.6
Ba2GaSbS5,1202.6,4.12,593.0,70.0,841.8
Ba2GaSbS5,1202.6,4.12,593.0,80.0,962.1
Ba2GaSbS5,1202.6,4.12,593.0,90.0,1082.3
Ba2GaSbS5,1202.6,4.12,593.0,100.0,1252.6
Ba2GaSbSe5,1164.7,5.09,481.6,50.0,582.3
Ba2GaSbSe5,1164.7,5.09,481.6,60.0,698.8
Ba2GaSbSe5,1164.7,5.09,481.6,70.0,815.3
Ba2GaSbSe5,1164.7,5.09,481.6,80.0,931.8
Ba2GaSbSe5,1164.7,5.09,481.6,90.0,1048.2
Ba2GaSbSe5,1164.7,5.09,481.6,100.0,1214.7
Ba2Gd(CuO2)4,1420.1,6.46,380.9,50.0,710.0
Ba2Gd(CuO2)4,1420.1,6.46,380.9,60.0,852.0
Ba2Gd(CuO2)4,1420.1,6.46,380.9,70.0,994.0
Ba2Gd(CuO2)4,1420.1,6.46,380.9,80.0,1136.1
Ba2Gd(CuO2)4,1420.1,6.46,380.9,90.0,1278.1
Ba2Gd(CuO2)4,1420.1,6.46,380.9,100.0,1470.1
Ba2Gd2Si4O13,2089.0,5.1,480.8,50.0,1044.5
Ba2Gd2Si4O13,2089.0,5.1,480.8,60.0,1253.4
Ba2Gd2Si4O13,2089.0,5.1,480.8,70.0,1462.3
Ba2Gd2Si4O13,2089.0,5.1,480.8,80.0,1671.2
Ba2Gd2Si4O13,2089.0,5.1,480.8,90.0,1880.1
Ba2Gd2Si4O13,2089.0,5.1,480.8,100.0,2139.0
Ba2GdB2ClO6,1985.9,4.93,497.3,50.0,993.0
Ba2GdB2ClO6,1985.9,4.93,497.3,60.0,1191.5
Ba2GdB2ClO6,1985.9,4.93,497.3,70.0,1390.1
Ba2GdB2ClO6,1985.9,4.93,497.3,80.0,1588.7
Ba2GdB2ClO6,1985.9,4.93,497.3,90.0,1787.3
Ba2GdB2ClO6,1985.9,4.93,497.3,100.0,2035.9
Ba2GdBiO6,1758.6,7.26,339.4,50.0,879.3
Ba2GdBiO6,1758.6,7.26,339.4,60.0,1055.2
Ba2GdBiO6,1758.6,7.26,339.4,70.0,1231.0
Ba2GdBiO6,1758.6,7.26,339.4,80.0,1406.9
Ba2GdBiO6,1758.6,7.26,339.4,90.0,1582.8
Ba2GdBiO6,1758.6,7.26,339.4,100.0,1808.6
Ba2GdC2(O2F)3,1935.2,4.93,496.9,50.0,967.6
Ba2GdC2(O2F)3,1935.2,4.93,496.9,60.0,1161.1
Ba2GdC2(O2F)3,1935.2,4.93,496.9,70.0,1354.7
Ba2GdC2(O2F)3,1935.2,4.93,496.9,80.0,1548.2
Ba2GdC2(O2F)3,1935.2,4.93,496.9,90.0,1741.7
Ba2GdC2(O2F)3,1935.2,4.93,496.9,100.0,1985.2
Ba2GdCl7,1792.7,3.93,620.0,50.0,896.3
Ba2GdCl7,1792.7,3.93,620.0,60.0,1075.6
Ba2GdCl7,1792.7,3.93,620.0,70.0,1254.9
Ba2GdCl7,1792.7,3.93,620.0,80.0,1434.1
Ba2GdCl7,1792.7,3.93,620.0,90.0,1613.4
Ba2GdCl7,1792.7,3.93,620.0,100.0,1842.7
Ba2GdMoO6,1868.3,6.56,375.6,50.0,934.1
Ba2GdMoO6,1868.3,6.56,375.6,60.0,1121.0
Ba2GdMoO6,1868.3,6.56,375.6,70.0,1307.8
Ba2GdMoO6,1868.3,6.56,375.6,80.0,1494.6
Ba2GdMoO6,1868.3,6.56,375.6,90.0,1681.4
Ba2GdMoO6,1868.3,6.56,375.6,100.0,1918.3
Ba2GdNbO6,2040.8,6.5,378.7,50.0,1020.4
Ba2GdNbO6,2040.8,6.5,378.7,60.0,1224.5
Ba2GdNbO6,2040.8,6.5,378.7,70.0,1428.5
Ba2GdNbO6,2040.8,6.5,378.7,80.0,1632.6
Ba2GdNbO6,2040.8,6.5,378.7,90.0,1836.7
Ba2GdNbO6,2040.8,6.5,378.7,100.0,2090.8
Ba2GdPaO6,2166.4,7.22,341.6,50.0,1083.2
Ba2GdPaO6,2166.4,7.22,341.6,60.0,1299.8
Ba2GdPaO6,2166.4,7.22,341.6,70.0,1516.5
Ba2GdPaO6,2166.4,7.22,341.6,80.0,1733.1
Ba2GdPaO6,2166.4,7.22,341.6,90.0,1949.8
Ba2GdPaO6,2166.4,7.22,341.6,100.0,2216.4
Ba2GdReO6,1853.9,7.68,321.5,50.0,926.9
Ba2GdReO6,1853.9,7.68,321.5,60.0,1112.3
Ba2GdReO6,1853.9,7.68,321.5,70.0,1297.7
Ba2GdReO6,1853.9,7.68,321.5,80.0,1483.1
Ba2GdReO6,1853.9,7.68,321.5,90.0,1668.5
Ba2GdReO6,1853.9,7.68,321.5,100.0,1903.9
Ba2GdRuO6,1768.2,6.82,361.1,50.0,884.1
Ba2GdRuO6,1768.2,6.82,361.1,60.0,1060.9
Ba2GdRuO6,1768.2,6.82,361.1,70.0,1237.7
Ba2GdRuO6,1768.2,6.82,361.1,80.0,1414.5
Ba2GdRuO6,1768.2,6.82,361.1,90.0,1591.3
Ba2GdRuO6,1768.2,6.82,361.1,100.0,1818.2
Ba2GdSbO6,1875.6,7.0,351.9,50.0,937.8
Ba2GdSbO6,1875.6,7.0,351.9,60.0,1125.3
Ba2GdSbO6,1875.6,7.0,351.9,70.0,1312.9
Ba2GdSbO6,1875.6,7.0,351.9,80.0,1500.5
Ba2GdSbO6,1875.6,7.0,351.9,90.0,1688.0
Ba2GdSbO6,1875.6,7.0,351.9,100.0,1925.6
Ba2GdTaO6,2094.7,7.44,331.4,50.0,1047.4
Ba2GdTaO6,2094.7,7.44,331.4,60.0,1256.8
Ba2GdTaO6,2094.7,7.44,331.4,70.0,1466.3
Ba2GdTaO6,2094.7,7.44,331.4,80.0,1675.8
Ba2GdTaO6,2094.7,7.44,331.4,90.0,1885.3
Ba2GdTaO6,2094.7,7.44,331.4,100.0,2144.7
Ba2GdUO6,2128.4,7.29,338.1,50.0,1064.2
Ba2GdUO6,2128.4,7.29,338.1,60.0,1277.0
Ba2GdUO6,2128.4,7.29,338.1,70.0,1489.9
Ba2GdUO6,2128.4,7.29,338.1,80.0,1702.7
Ba2GdUO6,2128.4,7.29,338.1,90.0,1915.5
Ba2GdUO6,2128.4,7.29,338.1,100.0,2178.4
Ba2Ge,721.5,4.85,504.6,50.0,360.7
Ba2Ge,721.5,4.85,504.6,60.0,432.9
Ba2Ge,721.5,4.85,504.6,70.0,505.0
Ba2Ge,721.5,4.85,504.6,80.0,577.2
Ba2Ge,721.5,4.85,504.6,90.0,649.3
Ba2Ge,721.5,4.85,504.6,100.0,771.5
Ba2Ge(TeSe)2,1162.1,5.09,481.9,50.0,581.1
Ba2Ge(TeSe)2,1162.1,5.09,481.9,60.0,697.3
Ba2Ge(TeSe)2,1162.1,5.09,481.9,70.0,813.5
Ba2Ge(TeSe)2,1162.1,5.09,481.9,80.0,929.7
Ba2Ge(TeSe)2,1162.1,5.09,481.9,90.0,1045.9
Ba2Ge(TeSe)2,1162.1,5.09,481.9,100.0,1212.1
Ba2Ge2Se5,1124.0,4.91,499.0,50.0,562.0
Ba2Ge2Se5,1124.0,4.91,499.0,60.0,674.4
Ba2Ge2Se5,1124.0,4.91,499.0,70.0,786.8
Ba2Ge2Se5,1124.0,4.91,499.0,80.0,899.2
Ba2Ge2Se5,1124.0,4.91,499.0,90.0,1011.6
Ba2Ge2Se5,1124.0,4.91,499.0,100.0,1174.0
Ba2Ge2Te5,989.1,5.48,447.7,50.0,494.6
Ba2Ge2Te5,989.1,5.48,447.7,60.0,593.5
Ba2Ge2Te5,989.1,5.48,447.7,70.0,692.4
Ba2Ge2Te5,989.1,5.48,447.7,80.0,791.3
Ba2Ge2Te5,989.1,5.48,447.7,90.0,890.2
Ba2Ge2Te5,989.1,5.48,447.7,100.0,1039.1
Ba2Ge4Pd5,804.8,7.66,322.2,50.0,402.4
Ba2Ge4Pd5,804.8,7.66,322.2,60.0,482.9
Ba2Ge4Pd5,804.8,7.66,322.2,70.0,563.4
Ba2Ge4Pd5,804.8,7.66,322.2,80.0,643.8
Ba2Ge4Pd5,804.8,7.66,322.2,90.0,724.3
Ba2Ge4Pd5,804.8,7.66,322.2,100.0,854.8
Ba2Ge5Ir4,756.1,10.1,245.1,50.0,378.1
Ba2Ge5Ir4,756.1,10.1,245.1,60.0,453.7
Ba2Ge5Ir4,756.1,10.1,245.1,70.0,529.3
Ba2Ge5Ir4,756.1,10.1,245.1,80.0,604.9
Ba2Ge5Ir4,756.1,10.1,245.1,90.0,680.5
Ba2Ge5Ir4,756.1,10.1,245.1,100.0,806.1
Ba2GeAs2,900.2,5.13,478.3,50.0,450.1
Ba2GeAs2,900.2,5.13,478.3,60.0,540.1
Ba2GeAs2,900.2,5.13,478.3,70.0,630.1
Ba2GeAs2,900.2,5.13,478.3,80.0,720.2
Ba2GeAs2,900.2,5.13,478.3,90.0,810.2
Ba2GeAs2,900.2,5.13,478.3,100.0,950.2
Ba2GeO4,1785.5,5.45,450.4,50.0,892.7
Ba2GeO4,1785.5,5.45,450.4,60.0,1071.3
Ba2GeO4,1785.5,5.45,450.4,70.0,1249.8
Ba2GeO4,1785.5,5.45,450.4,80.0,1428.4
Ba2GeO4,1785.5,5.45,450.4,90.0,1606.9
Ba2GeO4,1785.5,5.45,450.4,100.0,1835.5
Ba2GeP2,882.8,4.48,545.8,50.0,441.4
Ba2GeP2,882.8,4.48,545.8,60.0,529.7
Ba2GeP2,882.8,4.48,545.8,70.0,618.0
Ba2GeP2,882.8,4.48,545.8,80.0,706.3
Ba2GeP2,882.8,4.48,545.8,90.0,794.5
Ba2GeP2,882.8,4.48,545.8,100.0,932.8
Ba2GeS4,1273.5,4.06,600.9,50.0,636.7
Ba2GeS4,1273.5,4.06,600.9,60.0,764.1
Ba2GeS4,1273.5,4.06,600.9,70.0,891.4
Ba2GeS4,1273.5,4.06,600.9,80.0,1018.8
Ba2GeS4,1273.5,4.06,600.9,90.0,1146.1
Ba2GeS4,1273.5,4.06,600.9,100.0,1323.5
Ba2GeSe4,1230.5,4.95,495.3,50.0,615.2
Ba2GeSe4,1230.5,4.95,495.3,60.0,738.3
Ba2GeSe4,1230.5,4.95,495.3,70.0,861.3
Ba2GeSe4,1230.5,4.95,495.3,80.0,984.4
Ba2GeSe4,1230.5,4.95,495.3,90.0,1107.4
Ba2GeSe4,1230.5,4.95,495.3,100.0,1280.5
Ba2H2Pd(S5O17)2,1339.4,2.87,840.4,50.0,669.7
Ba2H2Pd(S5O17)2,1339.4,2.87,840.4,60.0,803.7
Ba2H2Pd(S5O17)2,1339.4,2.87,840.4,70.0,937.6
Ba2H2Pd(S5O17)2,1339.4,2.87,840.4,80.0,1071.5
Ba2H2Pd(S5O17)2,1339.4,2.87,840.4,90.0,1205.5
Ba2H2Pd(S5O17)2,1339.4,2.87,840.4,100.0,1389.4
Ba2H3I,956.3,4.64,527.1,50.0,478.1
Ba2H3I,956.3,4.64,527.1,60.0,573.8
Ba2H3I,956.3,4.64,527.1,70.0,669.4
Ba2H3I,956.3,4.64,527.1,80.0,765.0
Ba2H3I,956.3,4.64,527.1,90.0,860.7
Ba2H3I,956.3,4.64,527.1,100.0,1006.3
Ba2H6Os,733.1,5.9,416.5,50.0,366.5
Ba2H6Os,733.1,5.9,416.5,60.0,439.8
Ba2H6Os,733.1,5.9,416.5,70.0,513.2
Ba2H6Os,733.1,5.9,416.5,80.0,586.5
Ba2H6Os,733.1,5.9,416.5,90.0,659.8
Ba2H6Os,733.1,5.9,416.5,100.0,783.1
Ba2H6Pt,796.2,5.97,411.9,50.0,398.1
Ba2H6Pt,796.2,5.97,411.9,60.0,477.7
Ba2H6Pt,796.2,5.97,411.9,70.0,557.3
Ba2H6Pt,796.2,5.97,411.9,80.0,636.9
Ba2H6Pt,796.2,5.97,411.9,90.0,716.6
Ba2H6Pt,796.2,5.97,411.9,100.0,846.2
Ba2H6Ru,793.2,4.83,507.1,50.0,396.6
Ba2H6Ru,793.2,4.83,507.1,60.0,475.9
Ba2H6Ru,793.2,4.83,507.1,70.0,555.2
Ba2H6Ru,793.2,4.83,507.1,80.0,634.5
Ba2H6Ru,793.2,4.83,507.1,90.0,713.8
Ba2H6Ru,793.2,4.83,507.1,100.0,843.2
Ba2H8PtO8,1254.6,4.95,495.4,50.0,627.3
Ba2H8PtO8,1254.6,4.95,495.4,60.0,752.8
Ba2H8PtO8,1254.6,4.95,495.4,70.0,878.2
Ba2H8PtO8,1254.6,4.95,495.4,80.0,1003.7
Ba2H8PtO8,1254.6,4.95,495.4,90.0,1129.2
Ba2H8PtO8,1254.6,4.95,495.4,100.0,1304.6
Ba2HRu3O10,1359.5,5.51,445.5,50.0,679.7
Ba2HRu3O10,1359.5,5.51,445.5,60.0,815.7
Ba2HRu3O10,1359.5,5.51,445.5,70.0,951.6
Ba2HRu3O10,1359.5,5.51,445.5,80.0,1087.6
Ba2HRu3O10,1359.5,5.51,445.5,90.0,1223.5
Ba2HRu3O10,1359.5,5.51,445.5,100.0,1409.5
Ba2HfO4,2091.4,7.32,337.0,50.0,1045.7
Ba2HfO4,2091.4,7.32,337.0,60.0,1254.8
Ba2HfO4,2091.4,7.32,337.0,70.0,1464.0
Ba2HfO4,2091.4,7.32,337.0,80.0,1673.1
Ba2HfO4,2091.4,7.32,337.0,90.0,1882.2
Ba2HfO4,2091.4,7.32,337.0,100.0,2141.4
Ba2HfS4,1493.7,4.98,492.5,50.0,746.9
Ba2HfS4,1493.7,4.98,492.5,60.0,896.2
Ba2HfS4,1493.7,4.98,492.5,70.0,1045.6
Ba2HfS4,1493.7,4.98,492.5,80.0,1195.0
Ba2HfS4,1493.7,4.98,492.5,90.0,1344.4
Ba2HfS4,1493.7,4.98,492.5,100.0,1543.7
Ba2Hg,671.9,5.75,427.5,50.0,335.9
Ba2Hg,671.9,5.75,427.5,60.0,403.1
Ba2Hg,671.9,5.75,427.5,70.0,470.3
Ba2Hg,671.9,5.75,427.5,80.0,537.5
Ba2Hg,671.9,5.75,427.5,90.0,604.7
Ba2Hg,671.9,5.75,427.5,100.0,721.9
Ba2Hg3(PdO2)7,1038.8,8.01,308.4,50.0,519.4
Ba2Hg3(PdO2)7,1038.8,8.01,308.4,60.0,623.3
Ba2Hg3(PdO2)7,1038.8,8.01,308.4,70.0,727.2
Ba2Hg3(PdO2)7,1038.8,8.01,308.4,80.0,831.0
Ba2Hg3(PdO2)7,1038.8,8.01,308.4,90.0,934.9
Ba2Hg3(PdO2)7,1038.8,8.01,308.4,100.0,1088.8
Ba2HgPb,765.9,7.33,336.6,50.0,382.9
Ba2HgPb,765.9,7.33,336.6,60.0,459.5
Ba2HgPb,765.9,7.33,336.6,70.0,536.1
Ba2HgPb,765.9,7.33,336.6,80.0,612.7
Ba2HgPb,765.9,7.33,336.6,90.0,689.3
Ba2HgPb,765.9,7.33,336.6,100.0,815.9
Ba2HgS5,1151.1,4.64,527.9,50.0,575.5
Ba2HgS5,1151.1,4.64,527.9,60.0,690.7
Ba2HgS5,1151.1,4.64,527.9,70.0,805.8
Ba2HgS5,1151.1,4.64,527.9,80.0,920.9
Ba2HgS5,1151.1,4.64,527.9,90.0,1036.0
Ba2HgS5,1151.1,4.64,527.9,100.0,1201.1
Ba2Ho(CuO2)4,1427.6,6.58,374.5,50.0,713.8
Ba2Ho(CuO2)4,1427.6,6.58,374.5,60.0,856.6
Ba2Ho(CuO2)4,1427.6,6.58,374.5,70.0,999.3
Ba2Ho(CuO2)4,1427.6,6.58,374.5,80.0,1142.1
Ba2Ho(CuO2)4,1427.6,6.58,374.5,90.0,1284.9
Ba2Ho(CuO2)4,1427.6,6.58,374.5,100.0,1477.6
Ba2HoB2ClO6,1998.5,4.99,490.8,50.0,999.2
Ba2HoB2ClO6,1998.5,4.99,490.8,60.0,1199.1
Ba2HoB2ClO6,1998.5,4.99,490.8,70.0,1398.9
Ba2HoB2ClO6,1998.5,4.99,490.8,80.0,1598.8
Ba2HoB2ClO6,1998.5,4.99,490.8,90.0,1798.6
Ba2HoB2ClO6,1998.5,4.99,490.8,100.0,2048.5
Ba2HoCl7,1790.2,4.04,604.1,50.0,895.1
Ba2HoCl7,1790.2,4.04,604.1,60.0,1074.1
Ba2HoCl7,1790.2,4.04,604.1,70.0,1253.1
Ba2HoCl7,1790.2,4.04,604.1,80.0,1432.1
Ba2HoCl7,1790.2,4.04,604.1,90.0,1611.2
Ba2HoCl7,1790.2,4.04,604.1,100.0,1840.2
Ba2HoMoO6,1870.7,6.86,359.2,50.0,935.4
Ba2HoMoO6,1870.7,6.86,359.2,60.0,1122.4
Ba2HoMoO6,1870.7,6.86,359.2,70.0,1309.5
Ba2HoMoO6,1870.7,6.86,359.2,80.0,1496.6
Ba2HoMoO6,1870.7,6.86,359.2,90.0,1683.6
Ba2HoMoO6,1870.7,6.86,359.2,100.0,1920.7
Ba2HoNbO6,2060.9,6.7,367.4,50.0,1030.5
Ba2HoNbO6,2060.9,6.7,367.4,60.0,1236.6
Ba2HoNbO6,2060.9,6.7,367.4,70.0,1442.7
Ba2HoNbO6,2060.9,6.7,367.4,80.0,1648.8
Ba2HoNbO6,2060.9,6.7,367.4,90.0,1854.8
Ba2HoNbO6,2060.9,6.7,367.4,100.0,2110.9
Ba2HoPaO6,2188.4,7.51,328.6,50.0,1094.2
Ba2HoPaO6,2188.4,7.51,328.6,60.0,1313.0
Ba2HoPaO6,2188.4,7.51,328.6,70.0,1531.9
Ba2HoPaO6,2188.4,7.51,328.6,80.0,1750.7
Ba2HoPaO6,2188.4,7.51,328.6,90.0,1969.5
Ba2HoPaO6,2188.4,7.51,328.6,100.0,2238.4
Ba2HoReO6,1872.7,7.95,310.5,50.0,936.3
Ba2HoReO6,1872.7,7.95,310.5,60.0,1123.6
Ba2HoReO6,1872.7,7.95,310.5,70.0,1310.9
Ba2HoReO6,1872.7,7.95,310.5,80.0,1498.1
Ba2HoReO6,1872.7,7.95,310.5,90.0,1685.4
Ba2HoReO6,1872.7,7.95,310.5,100.0,1922.7
Ba2HoRuO6,1785.2,7.07,348.8,50.0,892.6
Ba2HoRuO6,1785.2,7.07,348.8,60.0,1071.1
Ba2HoRuO6,1785.2,7.07,348.8,70.0,1249.6
Ba2HoRuO6,1785.2,7.07,348.8,80.0,1428.2
Ba2HoRuO6,1785.2,7.07,348.8,90.0,1606.7
Ba2HoRuO6,1785.2,7.07,348.8,100.0,1835.2
Ba2HoSbO6,1894.9,7.1,347.3,50.0,947.5
Ba2HoSbO6,1894.9,7.1,347.3,60.0,1137.0
Ba2HoSbO6,1894.9,7.1,347.3,70.0,1326.5
Ba2HoSbO6,1894.9,7.1,347.3,80.0,1516.0
Ba2HoSbO6,1894.9,7.1,347.3,90.0,1705.5
Ba2HoSbO6,1894.9,7.1,347.3,100.0,1944.9
Ba2HoTaO6,2115.7,7.71,320.0,50.0,1057.8
Ba2HoTaO6,2115.7,7.71,320.0,60.0,1269.4
Ba2HoTaO6,2115.7,7.71,320.0,70.0,1481.0
Ba2HoTaO6,2115.7,7.71,320.0,80.0,1692.5
Ba2HoTaO6,2115.7,7.71,320.0,90.0,1904.1
Ba2HoTaO6,2115.7,7.71,320.0,100.0,2165.7
Ba2HoUO6,2149.8,7.56,326.2,50.0,1074.9
Ba2HoUO6,2149.8,7.56,326.2,60.0,1289.9
Ba2HoUO6,2149.8,7.56,326.2,70.0,1504.9
Ba2HoUO6,2149.8,7.56,326.2,80.0,1719.8
Ba2HoUO6,2149.8,7.56,326.2,90.0,1934.8
Ba2HoUO6,2149.8,7.56,326.2,100.0,2199.8
Ba2I2O,1614.6,4.88,501.7,50.0,807.3
Ba2I2O,1614.6,4.88,501.7,60.0,968.7
Ba2I2O,1614.6,4.88,501.7,70.0,1130.2
Ba2I2O,1614.6,4.88,501.7,80.0,1291.7
Ba2I2O,1614.6,4.88,501.7,90.0,1453.1
Ba2I2O,1614.6,4.88,501.7,100.0,1664.6
Ba2In13Ir4,634.4,9.04,273.6,50.0,317.2
Ba2In13Ir4,634.4,9.04,273.6,60.0,380.7
Ba2In13Ir4,634.4,9.04,273.6,70.0,444.1
Ba2In13Ir4,634.4,9.04,273.6,80.0,507.5
Ba2In13Ir4,634.4,9.04,273.6,90.0,571.0
Ba2In13Ir4,634.4,9.04,273.6,100.0,684.4
Ba2In2O5,1590.1,6.26,393.2,50.0,795.0
Ba2In2O5,1590.1,6.26,393.2,60.0,954.0
Ba2In2O5,1590.1,6.26,393.2,70.0,1113.1
Ba2In2O5,1590.1,6.26,393.2,80.0,1272.1
Ba2In2O5,1590.1,6.26,393.2,90.0,1431.1
Ba2In2O5,1590.1,6.26,393.2,100.0,1640.1
Ba2In2S5,1212.1,4.32,565.1,50.0,606.0
Ba2In2S5,1212.1,4.32,565.1,60.0,727.2
Ba2In2S5,1212.1,4.32,565.1,70.0,848.5
Ba2In2S5,1212.1,4.32,565.1,80.0,969.7
Ba2In2S5,1212.1,4.32,565.1,90.0,1090.9
Ba2In2S5,1212.1,4.32,565.1,100.0,1262.1
Ba2In2Si3SO10,1799.8,4.62,529.6,50.0,899.9
Ba2In2Si3SO10,1799.8,4.62,529.6,60.0,1079.9
Ba2In2Si3SO10,1799.8,4.62,529.6,70.0,1259.9
Ba2In2Si3SO10,1799.8,4.62,529.6,80.0,1439.8
Ba2In2Si3SO10,1799.8,4.62,529.6,90.0,1619.8
Ba2In2Si3SO10,1799.8,4.62,529.6,100.0,1849.8
Ba2InBiO6,1528.4,7.21,342.1,50.0,764.2
Ba2InBiO6,1528.4,7.21,342.1,60.0,917.1
Ba2InBiO6,1528.4,7.21,342.1,70.0,1069.9
Ba2InBiO6,1528.4,7.21,342.1,80.0,1222.7
Ba2InBiO6,1528.4,7.21,342.1,90.0,1375.6
Ba2InBiO6,1528.4,7.21,342.1,100.0,1578.4
Ba2InBiS5,1184.1,4.95,494.8,50.0,592.1
Ba2InBiS5,1184.1,4.95,494.8,60.0,710.5
Ba2InBiS5,1184.1,4.95,494.8,70.0,828.9
Ba2InBiS5,1184.1,4.95,494.8,80.0,947.3
Ba2InBiS5,1184.1,4.95,494.8,90.0,1065.7
Ba2InBiS5,1184.1,4.95,494.8,100.0,1234.1
Ba2InBiSe5,1161.6,5.77,426.1,50.0,580.8
Ba2InBiSe5,1161.6,5.77,426.1,60.0,696.9
Ba2InBiSe5,1161.6,5.77,426.1,70.0,813.1
Ba2InBiSe5,1161.6,5.77,426.1,80.0,929.2
Ba2InBiSe5,1161.6,5.77,426.1,90.0,1045.4
Ba2InBiSe5,1161.6,5.77,426.1,100.0,1211.6
Ba2InBrO3,1652.6,5.87,418.9,50.0,826.3
Ba2InBrO3,1652.6,5.87,418.9,60.0,991.6
Ba2InBrO3,1652.6,5.87,418.9,70.0,1156.8
Ba2InBrO3,1652.6,5.87,418.9,80.0,1322.1
Ba2InBrO3,1652.6,5.87,418.9,90.0,1487.3
Ba2InBrO3,1652.6,5.87,418.9,100.0,1702.6
Ba2InClO3,1690.8,5.59,439.1,50.0,845.4
Ba2InClO3,1690.8,5.59,439.1,60.0,1014.5
Ba2InClO3,1690.8,5.59,439.1,70.0,1183.5
Ba2InClO3,1690.8,5.59,439.1,80.0,1352.6
Ba2InClO3,1690.8,5.59,439.1,90.0,1521.7
Ba2InClO3,1690.8,5.59,439.1,100.0,1740.8
Ba2InCuO4,1501.4,5.83,421.7,50.0,750.7
Ba2InCuO4,1501.4,5.83,421.7,60.0,900.8
Ba2InCuO4,1501.4,5.83,421.7,70.0,1051.0
Ba2InCuO4,1501.4,5.83,421.7,80.0,1201.1
Ba2InCuO4,1501.4,5.83,421.7,90.0,1351.2
Ba2InCuO4,1501.4,5.83,421.7,100.0,1551.4
Ba2InGaO5,1656.8,6.08,404.8,50.0,828.4
Ba2InGaO5,1656.8,6.08,404.8,60.0,994.1
Ba2InGaO5,1656.8,6.08,404.8,70.0,1159.8
Ba2InGaO5,1656.8,6.08,404.8,80.0,1325.5
Ba2InGaO5,1656.8,6.08,404.8,90.0,1491.1
Ba2InGaO5,1656.8,6.08,404.8,100.0,1706.8
Ba2InIrO6,1484.5,7.46,330.8,50.0,742.3
Ba2InIrO6,1484.5,7.46,330.8,60.0,890.7
Ba2InIrO6,1484.5,7.46,330.8,70.0,1039.2
Ba2InIrO6,1484.5,7.46,330.8,80.0,1187.6
Ba2InIrO6,1484.5,7.46,330.8,90.0,1336.1
Ba2InIrO6,1484.5,7.46,330.8,100.0,1534.5
Ba2InO3F,1789.7,5.98,411.3,50.0,894.9
Ba2InO3F,1789.7,5.98,411.3,60.0,1073.8
Ba2InO3F,1789.7,5.98,411.3,70.0,1252.8
Ba2InO3F,1789.7,5.98,411.3,80.0,1431.8
Ba2InO3F,1789.7,5.98,411.3,90.0,1610.8
Ba2InO3F,1789.7,5.98,411.3,100.0,1839.7
Ba2InOsO6,1543.9,7.74,319.0,50.0,771.9
Ba2InOsO6,1543.9,7.74,319.0,60.0,926.3
Ba2InOsO6,1543.9,7.74,319.0,70.0,1080.7
Ba2InOsO6,1543.9,7.74,319.0,80.0,1235.1
Ba2InOsO6,1543.9,7.74,319.0,90.0,1389.5
Ba2InOsO6,1543.9,7.74,319.0,100.0,1593.9
Ba2InRuO6,1527.4,6.71,367.3,50.0,763.7
Ba2InRuO6,1527.4,6.71,367.3,60.0,916.4
Ba2InRuO6,1527.4,6.71,367.3,70.0,1069.2
Ba2InRuO6,1527.4,6.71,367.3,80.0,1221.9
Ba2InRuO6,1527.4,6.71,367.3,90.0,1374.6
Ba2InRuO6,1527.4,6.71,367.3,100.0,1577.4
Ba2InSbO6,1641.1,6.82,361.4,50.0,820.5
Ba2InSbO6,1641.1,6.82,361.4,60.0,984.6
Ba2InSbO6,1641.1,6.82,361.4,70.0,1148.8
Ba2InSbO6,1641.1,6.82,361.4,80.0,1312.9
Ba2InSbO6,1641.1,6.82,361.4,90.0,1477.0
Ba2InSbO6,1641.1,6.82,361.4,100.0,1691.1
Ba2InSbSe5,1143.8,5.34,460.0,50.0,571.9
Ba2InSbSe5,1143.8,5.34,460.0,60.0,686.3
Ba2InSbSe5,1143.8,5.34,460.0,70.0,800.6
Ba2InSbSe5,1143.8,5.34,460.0,80.0,915.0
Ba2InSbSe5,1143.8,5.34,460.0,90.0,1029.4
Ba2InSbSe5,1143.8,5.34,460.0,100.0,1193.8
Ba2La3Si3O12F,2153.8,5.05,485.7,50.0,1076.9
Ba2La3Si3O12F,2153.8,5.05,485.7,60.0,1292.3
Ba2La3Si3O12F,2153.8,5.05,485.7,70.0,1507.6
Ba2La3Si3O12F,2153.8,5.05,485.7,80.0,1723.0
Ba2La3Si3O12F,2153.8,5.05,485.7,90.0,1938.4
Ba2La3Si3O12F,2153.8,5.05,485.7,100.0,2203.8
Ba2LaAg5S6,1071.8,5.55,442.7,50.0,535.9
Ba2LaAg5S6,1071.8,5.55,442.7,60.0,643.1
Ba2LaAg5S6,1071.8,5.55,442.7,70.0,750.2
Ba2LaAg5S6,1071.8,5.55,442.7,80.0,857.4
Ba2LaAg5S6,1071.8,5.55,442.7,90.0,964.6
Ba2LaAg5S6,1071.8,5.55,442.7,100.0,1121.8
Ba2LaBiO6,1754.7,6.76,364.7,50.0,877.3
Ba2LaBiO6,1754.7,6.76,364.7,60.0,1052.8
Ba2LaBiO6,1754.7,6.76,364.7,70.0,1228.3
Ba2LaBiO6,1754.7,6.76,364.7,80.0,1403.7
Ba2LaBiO6,1754.7,6.76,364.7,90.0,1579.2
Ba2LaBiO6,1754.7,6.76,364.7,100.0,1804.7
Ba2LaC3O9F,1786.2,4.64,527.6,50.0,893.1
Ba2LaC3O9F,1786.2,4.64,527.6,60.0,1071.7
Ba2LaC3O9F,1786.2,4.64,527.6,70.0,1250.3
Ba2LaC3O9F,1786.2,4.64,527.6,80.0,1429.0
Ba2LaC3O9F,1786.2,4.64,527.6,90.0,1607.6
Ba2LaC3O9F,1786.2,4.64,527.6,100.0,1836.2
Ba2LaIrO6,1720.3,7.21,341.9,50.0,860.2
Ba2LaIrO6,1720.3,7.21,341.9,60.0,1032.2
Ba2LaIrO6,1720.3,7.21,341.9,70.0,1204.2
Ba2LaIrO6,1720.3,7.21,341.9,80.0,1376.3
Ba2LaIrO6,1720.3,7.21,341.9,90.0,1548.3
Ba2LaIrO6,1720.3,7.21,341.9,100.0,1770.3
Ba2LaNbO6,2024.6,6.01,409.5,50.0,1012.3
Ba2LaNbO6,2024.6,6.01,409.5,60.0,1214.8
Ba2LaNbO6,2024.6,6.01,409.5,70.0,1417.2
Ba2LaNbO6,2024.6,6.01,409.5,80.0,1619.7
Ba2LaNbO6,2024.6,6.01,409.5,90.0,1822.1
Ba2LaNbO6,2024.6,6.01,409.5,100.0,2074.6
Ba2LaPaO6,2143.2,6.53,376.9,50.0,1071.6
Ba2LaPaO6,2143.2,6.53,376.9,60.0,1285.9
Ba2LaPaO6,2143.2,6.53,376.9,70.0,1500.2
Ba2LaPaO6,2143.2,6.53,376.9,80.0,1714.5
Ba2LaPaO6,2143.2,6.53,376.9,90.0,1928.8
Ba2LaPaO6,2143.2,6.53,376.9,100.0,2193.2
Ba2LaPuO6,2009.0,6.91,356.7,50.0,1004.5
Ba2LaPuO6,2009.0,6.91,356.7,60.0,1205.4
Ba2LaPuO6,2009.0,6.91,356.7,70.0,1406.3
Ba2LaPuO6,2009.0,6.91,356.7,80.0,1607.2
Ba2LaPuO6,2009.0,6.91,356.7,90.0,1808.1
Ba2LaPuO6,2009.0,6.91,356.7,100.0,2059.0
Ba2LaRuO6,1751.2,6.28,391.6,50.0,875.6
Ba2LaRuO6,1751.2,6.28,391.6,60.0,1050.7
Ba2LaRuO6,1751.2,6.28,391.6,70.0,1225.8
Ba2LaRuO6,1751.2,6.28,391.6,80.0,1401.0
Ba2LaRuO6,1751.2,6.28,391.6,90.0,1576.1
Ba2LaRuO6,1751.2,6.28,391.6,100.0,1801.2
Ba2LaSbO6,1864.4,6.48,380.0,50.0,932.2
Ba2LaSbO6,1864.4,6.48,380.0,60.0,1118.6
Ba2LaSbO6,1864.4,6.48,380.0,70.0,1305.1
Ba2LaSbO6,1864.4,6.48,380.0,80.0,1491.5
Ba2LaSbO6,1864.4,6.48,380.0,90.0,1677.9
Ba2LaSbO6,1864.4,6.48,380.0,100.0,1914.4
Ba2LaTa(CuO4)2,1749.7,7.21,342.0,50.0,874.8
Ba2LaTa(CuO4)2,1749.7,7.21,342.0,60.0,1049.8
Ba2LaTa(CuO4)2,1749.7,7.21,342.0,70.0,1224.8
Ba2LaTa(CuO4)2,1749.7,7.21,342.0,80.0,1399.7
Ba2LaTa(CuO4)2,1749.7,7.21,342.0,90.0,1574.7
Ba2LaTa(CuO4)2,1749.7,7.21,342.0,100.0,1799.7
Ba2LaTaO6,2078.0,7.08,348.3,50.0,1039.0
Ba2LaTaO6,2078.0,7.08,348.3,60.0,1246.8
Ba2LaTaO6,2078.0,7.08,348.3,70.0,1454.6
Ba2LaTaO6,2078.0,7.08,348.3,80.0,1662.4
Ba2LaTaO6,2078.0,7.08,348.3,90.0,1870.2
Ba2LaTaO6,2078.0,7.08,348.3,100.0,2128.0
Ba2Li(BO2)5,1864.6,3.77,645.9,50.0,932.3
Ba2Li(BO2)5,1864.6,3.77,645.9,60.0,1118.7
Ba2Li(BO2)5,1864.6,3.77,645.9,70.0,1305.2
Ba2Li(BO2)5,1864.6,3.77,645.9,80.0,1491.7
Ba2Li(BO2)5,1864.6,3.77,645.9,90.0,1678.1
Ba2Li(BO2)5,1864.6,3.77,645.9,100.0,1914.6
Ba2Li3TaN4,944.0,5.58,440.1,50.0,472.0
Ba2Li3TaN4,944.0,5.58,440.1,60.0,566.4
Ba2Li3TaN4,944.0,5.58,440.1,70.0,660.8
Ba2Li3TaN4,944.0,5.58,440.1,80.0,755.2
Ba2Li3TaN4,944.0,5.58,440.1,90.0,849.6
Ba2Li3TaN4,944.0,5.58,440.1,100.0,994.0
Ba2LiAl(CN2)4,891.6,3.09,783.2,50.0,445.8
Ba2LiAl(CN2)4,891.6,3.09,783.2,60.0,535.0
Ba2LiAl(CN2)4,891.6,3.09,783.2,70.0,624.1
Ba2LiAl(CN2)4,891.6,3.09,783.2,80.0,713.3
Ba2LiAl(CN2)4,891.6,3.09,783.2,90.0,802.4
Ba2LiAl(CN2)4,891.6,3.09,783.2,100.0,941.6
Ba2LiGe3,754.0,4.9,499.7,50.0,377.0
Ba2LiGe3,754.0,4.9,499.7,60.0,452.4
Ba2LiGe3,754.0,4.9,499.7,70.0,527.8
Ba2LiGe3,754.0,4.9,499.7,80.0,603.2
Ba2LiGe3,754.0,4.9,499.7,90.0,678.6
Ba2LiGe3,754.0,4.9,499.7,100.0,804.0
Ba2LiIO6,1505.8,5.84,420.6,50.0,752.9
Ba2LiIO6,1505.8,5.84,420.6,60.0,903.5
Ba2LiIO6,1505.8,5.84,420.6,70.0,1054.1
Ba2LiIO6,1505.8,5.84,420.6,80.0,1204.7
Ba2LiIO6,1505.8,5.84,420.6,90.0,1355.2
Ba2LiIO6,1505.8,5.84,420.6,100.0,1555.8
Ba2LiOsO6,1598.9,6.82,361.4,50.0,799.5
Ba2LiOsO6,1598.9,6.82,361.4,60.0,959.3
Ba2LiOsO6,1598.9,6.82,361.4,70.0,1119.2
Ba2LiOsO6,1598.9,6.82,361.4,80.0,1279.1
Ba2LiOsO6,1598.9,6.82,361.4,90.0,1439.0
Ba2LiOsO6,1598.9,6.82,361.4,100.0,1648.9
Ba2LiReN4,933.5,6.1,403.5,50.0,466.8
Ba2LiReN4,933.5,6.1,403.5,60.0,560.1
Ba2LiReN4,933.5,6.1,403.5,70.0,653.5
Ba2LiReN4,933.5,6.1,403.5,80.0,746.8
Ba2LiReN4,933.5,6.1,403.5,90.0,840.2
Ba2LiReN4,933.5,6.1,403.5,100.0,983.5
Ba2LiReO6,1733.7,6.71,367.4,50.0,866.9
Ba2LiReO6,1733.7,6.71,367.4,60.0,1040.2
Ba2LiReO6,1733.7,6.71,367.4,70.0,1213.6
Ba2LiReO6,1733.7,6.71,367.4,80.0,1387.0
Ba2LiReO6,1733.7,6.71,367.4,90.0,1560.4
Ba2LiReO6,1733.7,6.71,367.4,100.0,1783.7
Ba2LiSi3,677.4,3.73,653.3,50.0,338.7
Ba2LiSi3,677.4,3.73,653.3,60.0,406.4
Ba2LiSi3,677.4,3.73,653.3,70.0,474.2
Ba2LiSi3,677.4,3.73,653.3,80.0,541.9
Ba2LiSi3,677.4,3.73,653.3,90.0,609.7
Ba2LiSi3,677.4,3.73,653.3,100.0,727.4
Ba2LiTeO6,1572.3,5.79,424.3,50.0,786.1
Ba2LiTeO6,1572.3,5.79,424.3,60.0,943.4
Ba2LiTeO6,1572.3,5.79,424.3,70.0,1100.6
Ba2LiTeO6,1572.3,5.79,424.3,80.0,1257.8
Ba2LiTeO6,1572.3,5.79,424.3,90.0,1415.0
Ba2LiTeO6,1572.3,5.79,424.3,100.0,1622.3
Ba2LuB2ClO6,2002.4,5.18,473.4,50.0,1001.2
Ba2LuB2ClO6,2002.4,5.18,473.4,60.0,1201.4
Ba2LuB2ClO6,2002.4,5.18,473.4,70.0,1401.6
Ba2LuB2ClO6,2002.4,5.18,473.4,80.0,1601.9
Ba2LuB2ClO6,2002.4,5.18,473.4,90.0,1802.1
Ba2LuB2ClO6,2002.4,5.18,473.4,100.0,2052.4
Ba2LuBiO6,1788.9,7.84,315.0,50.0,894.5
Ba2LuBiO6,1788.9,7.84,315.0,60.0,1073.4
Ba2LuBiO6,1788.9,7.84,315.0,70.0,1252.3
Ba2LuBiO6,1788.9,7.84,315.0,80.0,1431.2
Ba2LuBiO6,1788.9,7.84,315.0,90.0,1610.1
Ba2LuBiO6,1788.9,7.84,315.0,100.0,1838.9
Ba2LuIrO6,1767.5,8.41,293.6,50.0,883.8
Ba2LuIrO6,1767.5,8.41,293.6,60.0,1060.5
Ba2LuIrO6,1767.5,8.41,293.6,70.0,1237.3
Ba2LuIrO6,1767.5,8.41,293.6,80.0,1414.0
Ba2LuIrO6,1767.5,8.41,293.6,90.0,1590.8
Ba2LuIrO6,1767.5,8.41,293.6,100.0,1817.5
Ba2LuMoO6,1886.5,7.16,344.6,50.0,943.3
Ba2LuMoO6,1886.5,7.16,344.6,60.0,1131.9
Ba2LuMoO6,1886.5,7.16,344.6,70.0,1320.6
Ba2LuMoO6,1886.5,7.16,344.6,80.0,1509.2
Ba2LuMoO6,1886.5,7.16,344.6,90.0,1697.9
Ba2LuMoO6,1886.5,7.16,344.6,100.0,1936.5
Ba2LuNbO6,2077.8,7.15,344.8,50.0,1038.9
Ba2LuNbO6,2077.8,7.15,344.8,60.0,1246.7
Ba2LuNbO6,2077.8,7.15,344.8,70.0,1454.5
Ba2LuNbO6,2077.8,7.15,344.8,80.0,1662.3
Ba2LuNbO6,2077.8,7.15,344.8,90.0,1870.0
Ba2LuNbO6,2077.8,7.15,344.8,100.0,2127.8
Ba2LuReO6,1887.3,8.27,298.9,50.0,943.7
Ba2LuReO6,1887.3,8.27,298.9,60.0,1132.4
Ba2LuReO6,1887.3,8.27,298.9,70.0,1321.1
Ba2LuReO6,1887.3,8.27,298.9,80.0,1509.8
Ba2LuReO6,1887.3,8.27,298.9,90.0,1698.6
Ba2LuReO6,1887.3,8.27,298.9,100.0,1937.3
Ba2LuRuO6,1799.5,7.36,335.0,50.0,899.7
Ba2LuRuO6,1799.5,7.36,335.0,60.0,1079.7
Ba2LuRuO6,1799.5,7.36,335.0,70.0,1259.6
Ba2LuRuO6,1799.5,7.36,335.0,80.0,1439.6
Ba2LuRuO6,1799.5,7.36,335.0,90.0,1619.5
Ba2LuRuO6,1799.5,7.36,335.0,100.0,1849.5
Ba2LuSbO6,1907.8,7.41,333.0,50.0,953.9
Ba2LuSbO6,1907.8,7.41,333.0,60.0,1144.7
Ba2LuSbO6,1907.8,7.41,333.0,70.0,1335.5
Ba2LuSbO6,1907.8,7.41,333.0,80.0,1526.3
Ba2LuSbO6,1907.8,7.41,333.0,90.0,1717.1
Ba2LuSbO6,1907.8,7.41,333.0,100.0,1957.8
Ba2LuTaO6,2131.9,8.21,300.7,50.0,1065.9
Ba2LuTaO6,2131.9,8.21,300.7,60.0,1279.1
Ba2LuTaO6,2131.9,8.21,300.7,70.0,1492.3
Ba2LuTaO6,2131.9,8.21,300.7,80.0,1705.5
Ba2LuTaO6,2131.9,8.21,300.7,90.0,1918.7
Ba2LuTaO6,2131.9,8.21,300.7,100.0,2181.9
Ba2LuUO6,2164.7,8.05,306.8,50.0,1082.3
Ba2LuUO6,2164.7,8.05,306.8,60.0,1298.8
Ba2LuUO6,2164.7,8.05,306.8,70.0,1515.3
Ba2LuUO6,2164.7,8.05,306.8,80.0,1731.7
Ba2LuUO6,2164.7,8.05,306.8,90.0,1948.2
Ba2LuUO6,2164.7,8.05,306.8,100.0,2214.7
Ba2Mg(BO3)2,1907.2,5.01,489.4,50.0,953.6
Ba2Mg(BO3)2,1907.2,5.01,489.4,60.0,1144.3
Ba2Mg(BO3)2,1907.2,5.01,489.4,70.0,1335.0
Ba2Mg(BO3)2,1907.2,5.01,489.4,80.0,1525.7
Ba2Mg(BO3)2,1907.2,5.01,489.4,90.0,1716.5
Ba2Mg(BO3)2,1907.2,5.01,489.4,100.0,1957.2
Ba2Mg(GeIr)4,770.6,9.55,259.1,50.0,385.3
Ba2Mg(GeIr)4,770.6,9.55,259.1,60.0,462.4
Ba2Mg(GeIr)4,770.6,9.55,259.1,70.0,539.4
Ba2Mg(GeIr)4,770.6,9.55,259.1,80.0,616.5
Ba2Mg(GeIr)4,770.6,9.55,259.1,90.0,693.5
Ba2Mg(GeIr)4,770.6,9.55,259.1,100.0,820.6
Ba2Mg(PO4)2,1953.8,4.25,575.4,50.0,976.9
Ba2Mg(PO4)2,1953.8,4.25,575.4,60.0,1172.3
Ba2Mg(PO4)2,1953.8,4.25,575.4,70.0,1367.7
Ba2Mg(PO4)2,1953.8,4.25,575.4,80.0,1563.1
Ba2Mg(PO4)2,1953.8,4.25,575.4,90.0,1758.4
Ba2Mg(PO4)2,1953.8,4.25,575.4,100.0,2003.8
Ba2Mg17,513.3,2.27,1055.0,50.0,256.7
Ba2Mg17,513.3,2.27,1055.0,60.0,308.0
Ba2Mg17,513.3,2.27,1055.0,70.0,359.3
Ba2Mg17,513.3,2.27,1055.0,80.0,410.7
Ba2Mg17,513.3,2.27,1055.0,90.0,462.0
Ba2Mg17,513.3,2.27,1055.0,100.0,563.3
Ba2Mg3H10,707.9,3.1,781.9,50.0,353.9
Ba2Mg3H10,707.9,3.1,781.9,60.0,424.7
Ba2Mg3H10,707.9,3.1,781.9,70.0,495.5
Ba2Mg3H10,707.9,3.1,781.9,80.0,566.3
Ba2Mg3H10,707.9,3.1,781.9,90.0,637.1
Ba2Mg3H10,707.9,3.1,781.9,100.0,757.9
Ba2Mg3Si4,639.1,3.48,697.9,50.0,319.5
Ba2Mg3Si4,639.1,3.48,697.9,60.0,383.4
Ba2Mg3Si4,639.1,3.48,697.9,70.0,447.3
Ba2Mg3Si4,639.1,3.48,697.9,80.0,511.3
Ba2Mg3Si4,639.1,3.48,697.9,90.0,575.2
Ba2Mg3Si4,639.1,3.48,697.9,100.0,689.1
Ba2MgCu3F14,1758.5,4.73,517.8,50.0,879.2
Ba2MgCu3F14,1758.5,4.73,517.8,60.0,1055.1
Ba2MgCu3F14,1758.5,4.73,517.8,70.0,1230.9
Ba2MgCu3F14,1758.5,4.73,517.8,80.0,1406.8
Ba2MgCu3F14,1758.5,4.73,517.8,90.0,1582.6
Ba2MgCu3F14,1758.5,4.73,517.8,100.0,1808.5
Ba2MgGe2O7,1755.8,4.68,523.0,50.0,877.9
Ba2MgGe2O7,1755.8,4.68,523.0,60.0,1053.5
Ba2MgGe2O7,1755.8,4.68,523.0,70.0,1229.0
Ba2MgGe2O7,1755.8,4.68,523.0,80.0,1404.6
Ba2MgGe2O7,1755.8,4.68,523.0,90.0,1580.2
Ba2MgGe2O7,1755.8,4.68,523.0,100.0,1805.8
Ba2MgH6,745.6,3.94,618.6,50.0,372.8
Ba2MgH6,745.6,3.94,618.6,60.0,447.4
Ba2MgH6,745.6,3.94,618.6,70.0,521.9
Ba2MgH6,745.6,3.94,618.6,80.0,596.5
Ba2MgH6,745.6,3.94,618.6,90.0,671.1
Ba2MgH6,745.6,3.94,618.6,100.0,795.6
Ba2MgMoO6,1774.7,5.89,417.6,50.0,887.3
Ba2MgMoO6,1774.7,5.89,417.6,60.0,1064.8
Ba2MgMoO6,1774.7,5.89,417.6,70.0,1242.3
Ba2MgMoO6,1774.7,5.89,417.6,80.0,1419.8
Ba2MgMoO6,1774.7,5.89,417.6,90.0,1597.2
Ba2MgMoO6,1774.7,5.89,417.6,100.0,1824.7
Ba2MgOsO6,1669.9,7.11,346.5,50.0,835.0
Ba2MgOsO6,1669.9,7.11,346.5,60.0,1002.0
Ba2MgOsO6,1669.9,7.11,346.5,70.0,1169.0
Ba2MgOsO6,1669.9,7.11,346.5,80.0,1336.0
Ba2MgOsO6,1669.9,7.11,346.5,90.0,1502.9
Ba2MgOsO6,1669.9,7.11,346.5,100.0,1719.9
Ba2MgReO6,1776.5,7.04,349.9,50.0,888.3
Ba2MgReO6,1776.5,7.04,349.9,60.0,1065.9
Ba2MgReO6,1776.5,7.04,349.9,70.0,1243.6
Ba2MgReO6,1776.5,7.04,349.9,80.0,1421.2
Ba2MgReO6,1776.5,7.04,349.9,90.0,1598.9
Ba2MgReO6,1776.5,7.04,349.9,100.0,1826.5
Ba2MgSi2O7,2013.6,4.23,576.9,50.0,1006.8
Ba2MgSi2O7,2013.6,4.23,576.9,60.0,1208.2
Ba2MgSi2O7,2013.6,4.23,576.9,70.0,1409.5
Ba2MgSi2O7,2013.6,4.23,576.9,80.0,1610.9
Ba2MgSi2O7,2013.6,4.23,576.9,90.0,1812.3
Ba2MgSi2O7,2013.6,4.23,576.9,100.0,2063.6
Ba2MgTl,606.4,5.23,468.7,50.0,303.2
Ba2MgTl,606.4,5.23,468.7,60.0,363.8
Ba2MgTl,606.4,5.23,468.7,70.0,424.5
Ba2MgTl,606.4,5.23,468.7,80.0,485.1
Ba2MgTl,606.4,5.23,468.7,90.0,545.8
Ba2MgTl,606.4,5.23,468.7,100.0,656.4
Ba2MgUO6,2055.8,6.9,357.2,50.0,1027.9
Ba2MgUO6,2055.8,6.9,357.2,60.0,1233.5
Ba2MgUO6,2055.8,6.9,357.2,70.0,1439.0
Ba2MgUO6,2055.8,6.9,357.2,80.0,1644.6
Ba2MgUO6,2055.8,6.9,357.2,90.0,1850.2
Ba2MgUO6,2055.8,6.9,357.2,100.0,2105.8
Ba2MgWO6,1829.0,6.88,358.1,50.0,914.5
Ba2MgWO6,1829.0,6.88,358.1,60.0,1097.4
Ba2MgWO6,1829.0,6.88,358.1,70.0,1280.3
Ba2MgWO6,1829.0,6.88,358.1,80.0,1463.2
Ba2MgWO6,1829.0,6.88,358.1,90.0,1646.1
Ba2MgWO6,1829.0,6.88,358.1,100.0,1879.0
Ba2Mn(AsO4)2,1605.9,4.56,537.1,50.0,802.9
Ba2Mn(AsO4)2,1605.9,4.56,537.1,60.0,963.5
Ba2Mn(AsO4)2,1605.9,4.56,537.1,70.0,1124.1
Ba2Mn(AsO4)2,1605.9,4.56,537.1,80.0,1284.7
Ba2Mn(AsO4)2,1605.9,4.56,537.1,90.0,1445.3
Ba2Mn(AsO4)2,1605.9,4.56,537.1,100.0,1655.9
Ba2Mn(BO2)6,1829.3,3.74,650.2,50.0,914.7
Ba2Mn(BO2)6,1829.3,3.74,650.2,60.0,1097.6
Ba2Mn(BO2)6,1829.3,3.74,650.2,70.0,1280.5
Ba2Mn(BO2)6,1829.3,3.74,650.2,80.0,1463.5
Ba2Mn(BO2)6,1829.3,3.74,650.2,90.0,1646.4
Ba2Mn(BO2)6,1829.3,3.74,650.2,100.0,1879.3
Ba2Mn(PO4)2,1879.2,4.25,574.5,50.0,939.6
Ba2Mn(PO4)2,1879.2,4.25,574.5,60.0,1127.5
Ba2Mn(PO4)2,1879.2,4.25,574.5,70.0,1315.5
Ba2Mn(PO4)2,1879.2,4.25,574.5,80.0,1503.4
Ba2Mn(PO4)2,1879.2,4.25,574.5,90.0,1691.3
Ba2Mn(PO4)2,1879.2,4.25,574.5,100.0,1929.2
Ba2Mn2CuF14,1834.3,4.12,592.0,50.0,917.1
Ba2Mn2CuF14,1834.3,4.12,592.0,60.0,1100.6
Ba2Mn2CuF14,1834.3,4.12,592.0,70.0,1284.0
Ba2Mn2CuF14,1834.3,4.12,592.0,80.0,1467.4
Ba2Mn2CuF14,1834.3,4.12,592.0,90.0,1650.8
Ba2Mn2CuF14,1834.3,4.12,592.0,100.0,1884.3
Ba2Mn2Sb2O,1050.5,5.28,464.6,50.0,525.3
Ba2Mn2Sb2O,1050.5,5.28,464.6,60.0,630.3
Ba2Mn2Sb2O,1050.5,5.28,464.6,70.0,735.4
Ba2Mn2Sb2O,1050.5,5.28,464.6,80.0,840.4
Ba2Mn2Sb2O,1050.5,5.28,464.6,90.0,945.5
Ba2Mn2Sb2O,1050.5,5.28,464.6,100.0,1100.5
Ba2Mn2Se2OF2,1646.0,5.3,462.9,50.0,823.0
Ba2Mn2Se2OF2,1646.0,5.3,462.9,60.0,987.6
Ba2Mn2Se2OF2,1646.0,5.3,462.9,70.0,1152.2
Ba2Mn2Se2OF2,1646.0,5.3,462.9,80.0,1316.8
Ba2Mn2Se2OF2,1646.0,5.3,462.9,90.0,1481.4
Ba2Mn2Se2OF2,1646.0,5.3,462.9,100.0,1696.0
Ba2Mn2Si2O9,1823.6,4.38,558.2,50.0,911.8
Ba2Mn2Si2O9,1823.6,4.38,558.2,60.0,1094.1
Ba2Mn2Si2O9,1823.6,4.38,558.2,70.0,1276.5
Ba2Mn2Si2O9,1823.6,4.38,558.2,80.0,1458.9
Ba2Mn2Si2O9,1823.6,4.38,558.2,90.0,1641.2
Ba2Mn2Si2O9,1823.6,4.38,558.2,100.0,1873.6
Ba2Mn3(SeO3)6,1327.8,4.28,571.4,50.0,663.9
Ba2Mn3(SeO3)6,1327.8,4.28,571.4,60.0,796.7
Ba2Mn3(SeO3)6,1327.8,4.28,571.4,70.0,929.5
Ba2Mn3(SeO3)6,1327.8,4.28,571.4,80.0,1062.3
Ba2Mn3(SeO3)6,1327.8,4.28,571.4,90.0,1195.1
Ba2Mn3(SeO3)6,1327.8,4.28,571.4,100.0,1377.8
Ba2MnGe2O7,1677.2,4.67,524.4,50.0,838.6
Ba2MnGe2O7,1677.2,4.67,524.4,60.0,1006.3
Ba2MnGe2O7,1677.2,4.67,524.4,70.0,1174.0
Ba2MnGe2O7,1677.2,4.67,524.4,80.0,1341.8
Ba2MnGe2O7,1677.2,4.67,524.4,90.0,1509.5
Ba2MnGe2O7,1677.2,4.67,524.4,100.0,1727.2
Ba2MnMoO6,1683.3,6.02,408.5,50.0,841.7
Ba2MnMoO6,1683.3,6.02,408.5,60.0,1010.0
Ba2MnMoO6,1683.3,6.02,408.5,70.0,1178.3
Ba2MnMoO6,1683.3,6.02,408.5,80.0,1346.7
Ba2MnMoO6,1683.3,6.02,408.5,90.0,1515.0
Ba2MnMoO6,1683.3,6.02,408.5,100.0,1733.3
Ba2MnO3,1653.0,5.75,427.4,50.0,826.5
Ba2MnO3,1653.0,5.75,427.4,60.0,991.8
Ba2MnO3,1653.0,5.75,427.4,70.0,1157.1
Ba2MnO3,1653.0,5.75,427.4,80.0,1322.4
Ba2MnO3,1653.0,5.75,427.4,90.0,1487.7
Ba2MnO3,1653.0,5.75,427.4,100.0,1703.0
Ba2MnReO6,1687.0,7.14,345.5,50.0,843.5
Ba2MnReO6,1687.0,7.14,345.5,60.0,1012.2
Ba2MnReO6,1687.0,7.14,345.5,70.0,1180.9
Ba2MnReO6,1687.0,7.14,345.5,80.0,1349.6
Ba2MnReO6,1687.0,7.14,345.5,90.0,1518.3
Ba2MnReO6,1687.0,7.14,345.5,100.0,1737.0
Ba2MnS3,1338.5,4.24,575.7,50.0,669.2
Ba2MnS3,1338.5,4.24,575.7,60.0,803.1
Ba2MnS3,1338.5,4.24,575.7,70.0,936.9
Ba2MnS3,1338.5,4.24,575.7,80.0,1070.8
Ba2MnS3,1338.5,4.24,575.7,90.0,1204.6
Ba2MnS3,1338.5,4.24,575.7,100.0,1388.5
Ba2MnSe3,1297.7,5.05,485.8,50.0,648.8
Ba2MnSe3,1297.7,5.05,485.8,60.0,778.6
Ba2MnSe3,1297.7,5.05,485.8,70.0,908.4
Ba2MnSe3,1297.7,5.05,485.8,80.0,1038.1
Ba2MnSe3,1297.7,5.05,485.8,90.0,1167.9
Ba2MnSe3,1297.7,5.05,485.8,100.0,1347.7
Ba2MnSi2ClO7,1884.0,4.33,564.4,50.0,942.0
Ba2MnSi2ClO7,1884.0,4.33,564.4,60.0,1130.4
Ba2MnSi2ClO7,1884.0,4.33,564.4,70.0,1318.8
Ba2MnSi2ClO7,1884.0,4.33,564.4,80.0,1507.2
Ba2MnSi2ClO7,1884.0,4.33,564.4,90.0,1695.6
Ba2MnSi2ClO7,1884.0,4.33,564.4,100.0,1934.0
Ba2MnTe3,1157.2,5.24,468.5,50.0,578.6
Ba2MnTe3,1157.2,5.24,468.5,60.0,694.3
Ba2MnTe3,1157.2,5.24,468.5,70.0,810.0
Ba2MnTe3,1157.2,5.24,468.5,80.0,925.7
Ba2MnTe3,1157.2,5.24,468.5,90.0,1041.4
Ba2MnTe3,1157.2,5.24,468.5,100.0,1207.2
Ba2MnTeO6,1616.2,6.34,388.5,50.0,808.1
Ba2MnTeO6,1616.2,6.34,388.5,60.0,969.7
Ba2MnTeO6,1616.2,6.34,388.5,70.0,1131.4
Ba2MnTeO6,1616.2,6.34,388.5,80.0,1293.0
Ba2MnTeO6,1616.2,6.34,388.5,90.0,1454.6
Ba2MnTeO6,1616.2,6.34,388.5,100.0,1666.2
Ba2MnTeSe2,1253.7,5.12,478.7,50.0,626.9
Ba2MnTeSe2,1253.7,5.12,478.7,60.0,752.2
Ba2MnTeSe2,1253.7,5.12,478.7,70.0,877.6
Ba2MnTeSe2,1253.7,5.12,478.7,80.0,1003.0
Ba2MnTeSe2,1253.7,5.12,478.7,90.0,1128.3
Ba2MnTeSe2,1253.7,5.12,478.7,100.0,1303.7
Ba2MnV2HO9,1677.8,4.45,549.9,50.0,838.9
Ba2MnV2HO9,1677.8,4.45,549.9,60.0,1006.7
Ba2MnV2HO9,1677.8,4.45,549.9,70.0,1174.4
Ba2MnV2HO9,1677.8,4.45,549.9,80.0,1342.2
Ba2MnV2HO9,1677.8,4.45,549.9,90.0,1510.0
Ba2MnV2HO9,1677.8,4.45,549.9,100.0,1727.8
Ba2MnWO6,1736.1,6.96,353.9,50.0,868.1
Ba2MnWO6,1736.1,6.96,353.9,60.0,1041.7
Ba2MnWO6,1736.1,6.96,353.9,70.0,1215.3
Ba2MnWO6,1736.1,6.96,353.9,80.0,1388.9
Ba2MnWO6,1736.1,6.96,353.9,90.0,1562.5
Ba2MnWO6,1736.1,6.96,353.9,100.0,1786.1
Ba2MnZn2(AsO)2,1164.3,5.87,419.0,50.0,582.1
Ba2MnZn2(AsO)2,1164.3,5.87,419.0,60.0,698.6
Ba2MnZn2(AsO)2,1164.3,5.87,419.0,70.0,815.0
Ba2MnZn2(AsO)2,1164.3,5.87,419.0,80.0,931.4
Ba2MnZn2(AsO)2,1164.3,5.87,419.0,90.0,1047.9
Ba2MnZn2(AsO)2,1164.3,5.87,419.0,100.0,1214.3
Ba2N,736.2,4.41,554.8,50.0,368.1
Ba2N,736.2,4.41,554.8,60.0,441.7
Ba2N,736.2,4.41,554.8,70.0,515.3
Ba2N,736.2,4.41,554.8,80.0,589.0
Ba2N,736.2,4.41,554.8,90.0,662.6
Ba2N,736.2,4.41,554.8,100.0,786.2
Ba2NCl,1194.8,4.76,514.5,50.0,597.4
Ba2NCl,1194.8,4.76,514.5,60.0,716.9
Ba2NCl,1194.8,4.76,514.5,70.0,836.4
Ba2NCl,1194.8,4.76,514.5,80.0,955.8
Ba2NCl,1194.8,4.76,514.5,90.0,1075.3
Ba2NCl,1194.8,4.76,514.5,100.0,1244.8
Ba2Na(CuO2)3,1304.9,5.42,452.9,50.0,652.4
Ba2Na(CuO2)3,1304.9,5.42,452.9,60.0,782.9
Ba2Na(CuO2)3,1304.9,5.42,452.9,70.0,913.4
Ba2Na(CuO2)3,1304.9,5.42,452.9,80.0,1043.9
Ba2Na(CuO2)3,1304.9,5.42,452.9,90.0,1174.4
Ba2Na(CuO2)3,1304.9,5.42,452.9,100.0,1354.9
Ba2Na(SnAs)6,704.0,5.5,446.5,50.0,352.0
Ba2Na(SnAs)6,704.0,5.5,446.5,60.0,422.4
Ba2Na(SnAs)6,704.0,5.5,446.5,70.0,492.8
Ba2Na(SnAs)6,704.0,5.5,446.5,80.0,563.2
Ba2Na(SnAs)6,704.0,5.5,446.5,90.0,633.6
Ba2Na(SnAs)6,704.0,5.5,446.5,100.0,754.0
Ba2Na2SrAl4F20,2249.7,3.78,644.5,50.0,1124.8
Ba2Na2SrAl4F20,2249.7,3.78,644.5,60.0,1349.8
Ba2Na2SrAl4F20,2249.7,3.78,644.5,70.0,1574.8
Ba2Na2SrAl4F20,2249.7,3.78,644.5,80.0,1799.8
Ba2Na2SrAl4F20,2249.7,3.78,644.5,90.0,2024.7
Ba2Na2SrAl4F20,2249.7,3.78,644.5,100.0,2299.7
Ba2Na2U(S2O)2,1563.5,4.52,541.4,50.0,781.8
Ba2Na2U(S2O)2,1563.5,4.52,541.4,60.0,938.1
Ba2Na2U(S2O)2,1563.5,4.52,541.4,70.0,1094.5
Ba2Na2U(S2O)2,1563.5,4.52,541.4,80.0,1250.8
Ba2Na2U(S2O)2,1563.5,4.52,541.4,90.0,1407.2
Ba2Na2U(S2O)2,1563.5,4.52,541.4,100.0,1613.5
Ba2NaIO6,1493.6,5.7,431.2,50.0,746.8
Ba2NaIO6,1493.6,5.7,431.2,60.0,896.2
Ba2NaIO6,1493.6,5.7,431.2,70.0,1045.5
Ba2NaIO6,1493.6,5.7,431.2,80.0,1194.9
Ba2NaIO6,1493.6,5.7,431.2,90.0,1344.2
Ba2NaIO6,1493.6,5.7,431.2,100.0,1543.6
Ba2NaO,1152.0,2.86,845.9,50.0,576.0
Ba2NaO,1152.0,2.86,845.9,60.0,691.2
Ba2NaO,1152.0,2.86,845.9,70.0,806.4
Ba2NaO,1152.0,2.86,845.9,80.0,921.6
Ba2NaO,1152.0,2.86,845.9,90.0,1036.8
Ba2NaO,1152.0,2.86,845.9,100.0,1202.0
Ba2NaOsO6,1573.8,6.55,376.0,50.0,786.9
Ba2NaOsO6,1573.8,6.55,376.0,60.0,944.3
Ba2NaOsO6,1573.8,6.55,376.0,70.0,1101.6
Ba2NaOsO6,1573.8,6.55,376.0,80.0,1259.0
Ba2NaOsO6,1573.8,6.55,376.0,90.0,1416.4
Ba2NaOsO6,1573.8,6.55,376.0,100.0,1623.8
Ba2NaReO6,1709.7,6.45,381.7,50.0,854.8
Ba2NaReO6,1709.7,6.45,381.7,60.0,1025.8
Ba2NaReO6,1709.7,6.45,381.7,70.0,1196.8
Ba2NaReO6,1709.7,6.45,381.7,80.0,1367.7
Ba2NaReO6,1709.7,6.45,381.7,90.0,1538.7
Ba2NaReO6,1709.7,6.45,381.7,100.0,1759.7
Ba2NaUO6,1884.5,6.34,388.4,50.0,942.3
Ba2NaUO6,1884.5,6.34,388.4,60.0,1130.7
Ba2NaUO6,1884.5,6.34,388.4,70.0,1319.2
Ba2NaUO6,1884.5,6.34,388.4,80.0,1507.6
Ba2NaUO6,1884.5,6.34,388.4,90.0,1696.1
Ba2NaUO6,1884.5,6.34,388.4,100.0,1934.5
Ba2Nb15O32,1845.5,5.65,434.5,50.0,922.8
Ba2Nb15O32,1845.5,5.65,434.5,60.0,1107.3
Ba2Nb15O32,1845.5,5.65,434.5,70.0,1291.9
Ba2Nb15O32,1845.5,5.65,434.5,80.0,1476.4
Ba2Nb15O32,1845.5,5.65,434.5,90.0,1661.0
Ba2Nb15O32,1845.5,5.65,434.5,100.0,1895.5
Ba2Nb2TeO10,1786.6,5.27,466.0,50.0,893.3
Ba2Nb2TeO10,1786.6,5.27,466.0,60.0,1071.9
Ba2Nb2TeO10,1786.6,5.27,466.0,70.0,1250.6
Ba2Nb2TeO10,1786.6,5.27,466.0,80.0,1429.2
Ba2Nb2TeO10,1786.6,5.27,466.0,90.0,1607.9
Ba2Nb2TeO10,1786.6,5.27,466.0,100.0,1836.6
Ba2Nb5O9,1794.2,6.7,367.5,50.0,897.1
Ba2Nb5O9,1794.2,6.7,367.5,60.0,1076.5
Ba2Nb5O9,1794.2,6.7,367.5,70.0,1256.0
Ba2Nb5O9,1794.2,6.7,367.5,80.0,1435.4
Ba2Nb5O9,1794.2,6.7,367.5,90.0,1614.8
Ba2Nb5O9,1794.2,6.7,367.5,100.0,1844.2
Ba2Nb6Te2O21,1783.1,4.93,496.5,50.0,891.6
Ba2Nb6Te2O21,1783.1,4.93,496.5,60.0,1069.9
Ba2Nb6Te2O21,1783.1,4.93,496.5,70.0,1248.2
Ba2Nb6Te2O21,1783.1,4.93,496.5,80.0,1426.5
Ba2Nb6Te2O21,1783.1,4.93,496.5,90.0,1604.8
Ba2Nb6Te2O21,1783.1,4.93,496.5,100.0,1833.1
Ba2NbCrO6,1875.3,6.23,394.7,50.0,937.6
Ba2NbCrO6,1875.3,6.23,394.7,60.0,1125.2
Ba2NbCrO6,1875.3,6.23,394.7,70.0,1312.7
Ba2NbCrO6,1875.3,6.23,394.7,80.0,1500.2
Ba2NbCrO6,1875.3,6.23,394.7,90.0,1687.8
Ba2NbCrO6,1875.3,6.23,394.7,100.0,1925.3
Ba2NbFeO6,1803.0,6.22,395.5,50.0,901.5
Ba2NbFeO6,1803.0,6.22,395.5,60.0,1081.8
Ba2NbFeO6,1803.0,6.22,395.5,70.0,1262.1
Ba2NbFeO6,1803.0,6.22,395.5,80.0,1442.4
Ba2NbFeO6,1803.0,6.22,395.5,90.0,1622.7
Ba2NbFeO6,1803.0,6.22,395.5,100.0,1853.0
Ba2NbInO6,1831.8,6.43,382.6,50.0,915.9
Ba2NbInO6,1831.8,6.43,382.6,60.0,1099.1
Ba2NbInO6,1831.8,6.43,382.6,70.0,1282.3
Ba2NbInO6,1831.8,6.43,382.6,80.0,1465.5
Ba2NbInO6,1831.8,6.43,382.6,90.0,1648.6
Ba2NbInO6,1831.8,6.43,382.6,100.0,1881.8
Ba2NbN3,1021.0,5.5,446.0,50.0,510.5
Ba2NbN3,1021.0,5.5,446.0,60.0,612.6
Ba2NbN3,1021.0,5.5,446.0,70.0,714.7
Ba2NbN3,1021.0,5.5,446.0,80.0,816.8
Ba2NbN3,1021.0,5.5,446.0,90.0,918.9
Ba2NbN3,1021.0,5.5,446.0,100.0,1071.0
Ba2NbP2O9F,1955.3,4.1,595.4,50.0,977.7
Ba2NbP2O9F,1955.3,4.1,595.4,60.0,1173.2
Ba2NbP2O9F,1955.3,4.1,595.4,70.0,1368.7
Ba2NbP2O9F,1955.3,4.1,595.4,80.0,1564.3
Ba2NbP2O9F,1955.3,4.1,595.4,90.0,1759.8
Ba2NbP2O9F,1955.3,4.1,595.4,100.0,2005.3
Ba2NbRhO6,1730.0,6.79,363.0,50.0,865.0
Ba2NbRhO6,1730.0,6.79,363.0,60.0,1038.0
Ba2NbRhO6,1730.0,6.79,363.0,70.0,1211.0
Ba2NbRhO6,1730.0,6.79,363.0,80.0,1384.0
Ba2NbRhO6,1730.0,6.79,363.0,90.0,1557.0
Ba2NbRhO6,1730.0,6.79,363.0,100.0,1780.0
Ba2NbVO6,1903.7,6.15,400.2,50.0,951.9
Ba2NbVO6,1903.7,6.15,400.2,60.0,1142.2
Ba2NbVO6,1903.7,6.15,400.2,70.0,1332.6
Ba2NbVO6,1903.7,6.15,400.2,80.0,1523.0
Ba2NbVO6,1903.7,6.15,400.2,90.0,1713.4
Ba2NbVO6,1903.7,6.15,400.2,100.0,1953.7
Ba2Nd(CuO2)3,1495.0,6.26,392.9,50.0,747.5
Ba2Nd(CuO2)3,1495.0,6.26,392.9,60.0,897.0
Ba2Nd(CuO2)3,1495.0,6.26,392.9,70.0,1046.5
Ba2Nd(CuO2)3,1495.0,6.26,392.9,80.0,1196.0
Ba2Nd(CuO2)3,1495.0,6.26,392.9,90.0,1345.5
Ba2Nd(CuO2)3,1495.0,6.26,392.9,100.0,1545.0
Ba2Nd2Fe4O11,1652.7,6.3,390.5,50.0,826.3
Ba2Nd2Fe4O11,1652.7,6.3,390.5,60.0,991.6
Ba2Nd2Fe4O11,1652.7,6.3,390.5,70.0,1156.9
Ba2Nd2Fe4O11,1652.7,6.3,390.5,80.0,1322.1
Ba2Nd2Fe4O11,1652.7,6.3,390.5,90.0,1487.4
Ba2Nd2Fe4O11,1652.7,6.3,390.5,100.0,1702.7
Ba2Nd2Si4O13,2080.7,4.94,496.2,50.0,1040.3
Ba2Nd2Si4O13,2080.7,4.94,496.2,60.0,1248.4
Ba2Nd2Si4O13,2080.7,4.94,496.2,70.0,1456.5
Ba2Nd2Si4O13,2080.7,4.94,496.2,80.0,1664.5
Ba2Nd2Si4O13,2080.7,4.94,496.2,90.0,1872.6
Ba2Nd2Si4O13,2080.7,4.94,496.2,100.0,2130.7
Ba2NdBiO6,1743.8,6.96,354.3,50.0,871.9
Ba2NdBiO6,1743.8,6.96,354.3,60.0,1046.3
Ba2NdBiO6,1743.8,6.96,354.3,70.0,1220.6
Ba2NdBiO6,1743.8,6.96,354.3,80.0,1395.0
Ba2NdBiO6,1743.8,6.96,354.3,90.0,1569.4
Ba2NdBiO6,1743.8,6.96,354.3,100.0,1793.8
Ba2NdIrO6,1712.1,7.4,333.2,50.0,856.0
Ba2NdIrO6,1712.1,7.4,333.2,60.0,1027.2
Ba2NdIrO6,1712.1,7.4,333.2,70.0,1198.5
Ba2NdIrO6,1712.1,7.4,333.2,80.0,1369.7
Ba2NdIrO6,1712.1,7.4,333.2,90.0,1540.9
Ba2NdIrO6,1712.1,7.4,333.2,100.0,1762.1
Ba2NdMoO6,1842.2,6.27,392.6,50.0,921.1
Ba2NdMoO6,1842.2,6.27,392.6,60.0,1105.3
Ba2NdMoO6,1842.2,6.27,392.6,70.0,1289.6
Ba2NdMoO6,1842.2,6.27,392.6,80.0,1473.8
Ba2NdMoO6,1842.2,6.27,392.6,90.0,1658.0
Ba2NdMoO6,1842.2,6.27,392.6,100.0,1892.2
Ba2NdNbO6,2018.5,6.16,399.2,50.0,1009.2
Ba2NdNbO6,2018.5,6.16,399.2,60.0,1211.1
Ba2NdNbO6,2018.5,6.16,399.2,70.0,1412.9
Ba2NdNbO6,2018.5,6.16,399.2,80.0,1614.8
Ba2NdNbO6,2018.5,6.16,399.2,90.0,1816.6
Ba2NdNbO6,2018.5,6.16,399.2,100.0,2068.5
Ba2NdPaO6,2139.7,6.71,367.0,50.0,1069.8
Ba2NdPaO6,2139.7,6.71,367.0,60.0,1283.8
Ba2NdPaO6,2139.7,6.71,367.0,70.0,1497.8
Ba2NdPaO6,2139.7,6.71,367.0,80.0,1711.7
Ba2NdPaO6,2139.7,6.71,367.0,90.0,1925.7
Ba2NdPaO6,2139.7,6.71,367.0,100.0,2189.7
Ba2NdPuO6,2003.9,7.09,347.7,50.0,1002.0
Ba2NdPuO6,2003.9,7.09,347.7,60.0,1202.4
Ba2NdPuO6,2003.9,7.09,347.7,70.0,1402.8
Ba2NdPuO6,2003.9,7.09,347.7,80.0,1603.1
Ba2NdPuO6,2003.9,7.09,347.7,90.0,1803.5
Ba2NdPuO6,2003.9,7.09,347.7,100.0,2053.9
Ba2NdRuO6,1742.8,6.46,381.2,50.0,871.4
Ba2NdRuO6,1742.8,6.46,381.2,60.0,1045.7
Ba2NdRuO6,1742.8,6.46,381.2,70.0,1219.9
Ba2NdRuO6,1742.8,6.46,381.2,80.0,1394.2
Ba2NdRuO6,1742.8,6.46,381.2,90.0,1568.5
Ba2NdRuO6,1742.8,6.46,381.2,100.0,1792.8
Ba2NdSbO6,1856.0,6.5,379.0,50.0,928.0
Ba2NdSbO6,1856.0,6.5,379.0,60.0,1113.6
Ba2NdSbO6,1856.0,6.5,379.0,70.0,1299.2
Ba2NdSbO6,1856.0,6.5,379.0,80.0,1484.8
Ba2NdSbO6,1856.0,6.5,379.0,90.0,1670.4
Ba2NdSbO6,1856.0,6.5,379.0,100.0,1906.0
Ba2NdTaO6,2072.1,7.12,346.5,50.0,1036.1
Ba2NdTaO6,2072.1,7.12,346.5,60.0,1243.3
Ba2NdTaO6,2072.1,7.12,346.5,70.0,1450.5
Ba2NdTaO6,2072.1,7.12,346.5,80.0,1657.7
Ba2NdTaO6,2072.1,7.12,346.5,90.0,1864.9
Ba2NdTaO6,2072.1,7.12,346.5,100.0,2122.1
Ba2NdTlCu2O7,1481.2,7.17,344.1,50.0,740.6
Ba2NdTlCu2O7,1481.2,7.17,344.1,60.0,888.7
Ba2NdTlCu2O7,1481.2,7.17,344.1,70.0,1036.8
Ba2NdTlCu2O7,1481.2,7.17,344.1,80.0,1185.0
Ba2NdTlCu2O7,1481.2,7.17,344.1,90.0,1333.1
Ba2NdTlCu2O7,1481.2,7.17,344.1,100.0,1531.2
Ba2NdUO6,2101.5,6.91,356.8,50.0,1050.8
Ba2NdUO6,2101.5,6.91,356.8,60.0,1260.9
Ba2NdUO6,2101.5,6.91,356.8,70.0,1471.1
Ba2NdUO6,2101.5,6.91,356.8,80.0,1681.2
Ba2NdUO6,2101.5,6.91,356.8,90.0,1891.4
Ba2NdUO6,2101.5,6.91,356.8,100.0,2151.5
Ba2NdWO6,1873.6,7.11,346.9,50.0,936.8
Ba2NdWO6,1873.6,7.11,346.9,60.0,1124.1
Ba2NdWO6,1873.6,7.11,346.9,70.0,1311.5
Ba2NdWO6,1873.6,7.11,346.9,80.0,1498.9
Ba2NdWO6,1873.6,7.11,346.9,90.0,1686.2
Ba2NdWO6,1873.6,7.11,346.9,100.0,1923.6
Ba2Ni(PO4)2,1813.1,4.44,550.8,50.0,906.5
Ba2Ni(PO4)2,1813.1,4.44,550.8,60.0,1087.8
Ba2Ni(PO4)2,1813.1,4.44,550.8,70.0,1269.2
Ba2Ni(PO4)2,1813.1,4.44,550.8,80.0,1450.5
Ba2Ni(PO4)2,1813.1,4.44,550.8,90.0,1631.8
Ba2Ni(PO4)2,1813.1,4.44,550.8,100.0,1863.1
Ba2Ni3N2,729.5,5.81,423.2,50.0,364.8
Ba2Ni3N2,729.5,5.81,423.2,60.0,437.7
Ba2Ni3N2,729.5,5.81,423.2,70.0,510.7
Ba2Ni3N2,729.5,5.81,423.2,80.0,583.6
Ba2Ni3N2,729.5,5.81,423.2,90.0,656.6
Ba2Ni3N2,729.5,5.81,423.2,100.0,779.5
Ba2Ni5Ge4,702.4,6.75,365.1,50.0,351.2
Ba2Ni5Ge4,702.4,6.75,365.1,60.0,421.5
Ba2Ni5Ge4,702.4,6.75,365.1,70.0,491.7
Ba2Ni5Ge4,702.4,6.75,365.1,80.0,561.9
Ba2Ni5Ge4,702.4,6.75,365.1,90.0,632.2
Ba2Ni5Ge4,702.4,6.75,365.1,100.0,752.4
Ba2NiMoO6,1602.2,6.36,386.8,50.0,801.1
Ba2NiMoO6,1602.2,6.36,386.8,60.0,961.3
Ba2NiMoO6,1602.2,6.36,386.8,70.0,1121.5
Ba2NiMoO6,1602.2,6.36,386.8,80.0,1281.7
Ba2NiMoO6,1602.2,6.36,386.8,90.0,1441.9
Ba2NiMoO6,1602.2,6.36,386.8,100.0,1652.2
Ba2NiOsO6,1490.1,7.4,333.4,50.0,745.0
Ba2NiOsO6,1490.1,7.4,333.4,60.0,894.1
Ba2NiOsO6,1490.1,7.4,333.4,70.0,1043.1
Ba2NiOsO6,1490.1,7.4,333.4,80.0,1192.1
Ba2NiOsO6,1490.1,7.4,333.4,90.0,1341.1
Ba2NiOsO6,1490.1,7.4,333.4,100.0,1540.1
Ba2NiTeO6,1524.7,6.39,385.0,50.0,762.4
Ba2NiTeO6,1524.7,6.39,385.0,60.0,914.8
Ba2NiTeO6,1524.7,6.39,385.0,70.0,1067.3
Ba2NiTeO6,1524.7,6.39,385.0,80.0,1219.8
Ba2NiTeO6,1524.7,6.39,385.0,90.0,1372.3
Ba2NiTeO6,1524.7,6.39,385.0,100.0,1574.7
Ba2NiWO6,1653.6,7.37,334.7,50.0,826.8
Ba2NiWO6,1653.6,7.37,334.7,60.0,992.2
Ba2NiWO6,1653.6,7.37,334.7,70.0,1157.6
Ba2NiWO6,1653.6,7.37,334.7,80.0,1322.9
Ba2NiWO6,1653.6,7.37,334.7,90.0,1488.3
Ba2NiWO6,1653.6,7.37,334.7,100.0,1703.6
Ba2P2O7,1950.4,3.96,616.1,50.0,975.2
Ba2P2O7,1950.4,3.96,616.1,60.0,1170.2
Ba2P2O7,1950.4,3.96,616.1,70.0,1365.3
Ba2P2O7,1950.4,3.96,616.1,80.0,1560.3
Ba2P2O7,1950.4,3.96,616.1,90.0,1755.4
Ba2P2O7,1950.4,3.96,616.1,100.0,2000.4
Ba2P3Pd,910.6,5.15,476.4,50.0,455.3
Ba2P3Pd,910.6,5.15,476.4,60.0,546.4
Ba2P3Pd,910.6,5.15,476.4,70.0,637.4
Ba2P3Pd,910.6,5.15,476.4,80.0,728.5
Ba2P3Pd,910.6,5.15,476.4,90.0,819.6
Ba2P3Pd,910.6,5.15,476.4,100.0,960.6
Ba2P7Br,874.2,3.59,678.1,50.0,437.1
Ba2P7Br,874.2,3.59,678.1,60.0,524.5
Ba2P7Br,874.2,3.59,678.1,70.0,611.9
Ba2P7Br,874.2,3.59,678.1,80.0,699.3
Ba2P7Br,874.2,3.59,678.1,90.0,786.7
Ba2P7Br,874.2,3.59,678.1,100.0,924.2
Ba2P7I,839.9,3.74,651.4,50.0,420.0
Ba2P7I,839.9,3.74,651.4,60.0,504.0
Ba2P7I,839.9,3.74,651.4,70.0,588.0
Ba2P7I,839.9,3.74,651.4,80.0,672.0
Ba2P7I,839.9,3.74,651.4,90.0,755.9
Ba2P7I,839.9,3.74,651.4,100.0,889.9
Ba2PCl,1317.8,3.94,618.9,50.0,658.9
Ba2PCl,1317.8,3.94,618.9,60.0,790.7
Ba2PCl,1317.8,3.94,618.9,70.0,922.5
Ba2PCl,1317.8,3.94,618.9,80.0,1054.3
Ba2PCl,1317.8,3.94,618.9,90.0,1186.1
Ba2PCl,1317.8,3.94,618.9,100.0,1367.8
Ba2PIO4,1898.1,4.51,542.7,50.0,949.0
Ba2PIO4,1898.1,4.51,542.7,60.0,1138.8
Ba2PIO4,1898.1,4.51,542.7,70.0,1328.6
Ba2PIO4,1898.1,4.51,542.7,80.0,1518.4
Ba2PIO4,1898.1,4.51,542.7,90.0,1708.3
Ba2PIO4,1898.1,4.51,542.7,100.0,1948.1
Ba2Pb,743.6,5.82,422.6,50.0,371.8
Ba2Pb,743.6,5.82,422.6,60.0,446.1
Ba2Pb,743.6,5.82,422.6,70.0,520.5
Ba2Pb,743.6,5.82,422.6,80.0,594.9
Ba2Pb,743.6,5.82,422.6,90.0,669.2
Ba2Pb,743.6,5.82,422.6,100.0,793.6
Ba2PbO4,1566.1,7.2,342.3,50.0,783.0
Ba2PbO4,1566.1,7.2,342.3,60.0,939.6
Ba2PbO4,1566.1,7.2,342.3,70.0,1096.2
Ba2PbO4,1566.1,7.2,342.3,80.0,1252.9
Ba2PbO4,1566.1,7.2,342.3,90.0,1409.5
Ba2PbO4,1566.1,7.2,342.3,100.0,1616.1
Ba2PdF6,1981.8,4.96,493.8,50.0,990.9
Ba2PdF6,1981.8,4.96,493.8,60.0,1189.1
Ba2PdF6,1981.8,4.96,493.8,70.0,1387.3
Ba2PdF6,1981.8,4.96,493.8,80.0,1585.5
Ba2PdF6,1981.8,4.96,493.8,90.0,1783.7
Ba2PdF6,1981.8,4.96,493.8,100.0,2031.8
Ba2PdO3,1526.9,6.68,369.0,50.0,763.4
Ba2PdO3,1526.9,6.68,369.0,60.0,916.1
Ba2PdO3,1526.9,6.68,369.0,70.0,1068.8
Ba2PdO3,1526.9,6.68,369.0,80.0,1221.5
Ba2PdO3,1526.9,6.68,369.0,90.0,1374.2
Ba2PdO3,1526.9,6.68,369.0,100.0,1576.9
Ba2Pr(CuO2)3,1489.5,6.18,398.4,50.0,744.8
Ba2Pr(CuO2)3,1489.5,6.18,398.4,60.0,893.7
Ba2Pr(CuO2)3,1489.5,6.18,398.4,70.0,1042.7
Ba2Pr(CuO2)3,1489.5,6.18,398.4,80.0,1191.6
Ba2Pr(CuO2)3,1489.5,6.18,398.4,90.0,1340.6
Ba2Pr(CuO2)3,1489.5,6.18,398.4,100.0,1539.5
Ba2Pr(CuO2)4,1410.9,6.18,398.2,50.0,705.4
Ba2Pr(CuO2)4,1410.9,6.18,398.2,60.0,846.5
Ba2Pr(CuO2)4,1410.9,6.18,398.2,70.0,987.6
Ba2Pr(CuO2)4,1410.9,6.18,398.2,80.0,1128.7
Ba2Pr(CuO2)4,1410.9,6.18,398.2,90.0,1269.8
Ba2Pr(CuO2)4,1410.9,6.18,398.2,100.0,1460.9
Ba2PrBiO6,1735.7,6.83,360.6,50.0,867.9
Ba2PrBiO6,1735.7,6.83,360.6,60.0,1041.4
Ba2PrBiO6,1735.7,6.83,360.6,70.0,1215.0
Ba2PrBiO6,1735.7,6.83,360.6,80.0,1388.6
Ba2PrBiO6,1735.7,6.83,360.6,90.0,1562.1
Ba2PrBiO6,1735.7,6.83,360.6,100.0,1785.7
Ba2PrIrO6,1702.4,7.41,332.7,50.0,851.2
Ba2PrIrO6,1702.4,7.41,332.7,60.0,1021.5
Ba2PrIrO6,1702.4,7.41,332.7,70.0,1191.7
Ba2PrIrO6,1702.4,7.41,332.7,80.0,1361.9
Ba2PrIrO6,1702.4,7.41,332.7,90.0,1532.2
Ba2PrIrO6,1702.4,7.41,332.7,100.0,1752.4
Ba2PrNb(CuO4)2,1708.2,6.48,380.2,50.0,854.1
Ba2PrNb(CuO4)2,1708.2,6.48,380.2,60.0,1024.9
Ba2PrNb(CuO4)2,1708.2,6.48,380.2,70.0,1195.7
Ba2PrNb(CuO4)2,1708.2,6.48,380.2,80.0,1366.5
Ba2PrNb(CuO4)2,1708.2,6.48,380.2,90.0,1537.4
Ba2PrNb(CuO4)2,1708.2,6.48,380.2,100.0,1758.2
Ba2PrNbO6,2009.5,6.07,405.2,50.0,1004.7
Ba2PrNbO6,2009.5,6.07,405.2,60.0,1205.7
Ba2PrNbO6,2009.5,6.07,405.2,70.0,1406.6
Ba2PrNbO6,2009.5,6.07,405.2,80.0,1607.6
Ba2PrNbO6,2009.5,6.07,405.2,90.0,1808.5
Ba2PrNbO6,2009.5,6.07,405.2,100.0,2059.5
Ba2PrPaO6,2129.2,6.61,372.8,50.0,1064.6
Ba2PrPaO6,2129.2,6.61,372.8,60.0,1277.5
Ba2PrPaO6,2129.2,6.61,372.8,70.0,1490.4
Ba2PrPaO6,2129.2,6.61,372.8,80.0,1703.4
Ba2PrPaO6,2129.2,6.61,372.8,90.0,1916.3
Ba2PrPaO6,2129.2,6.61,372.8,100.0,2179.2
Ba2PrPtO6,1651.9,7.28,338.9,50.0,826.0
Ba2PrPtO6,1651.9,7.28,338.9,60.0,991.1
Ba2PrPtO6,1651.9,7.28,338.9,70.0,1156.3
Ba2PrPtO6,1651.9,7.28,338.9,80.0,1321.5
Ba2PrPtO6,1651.9,7.28,338.9,90.0,1486.7
Ba2PrPtO6,1651.9,7.28,338.9,100.0,1701.9
Ba2PrRuO6,1733.6,6.55,376.0,50.0,866.8
Ba2PrRuO6,1733.6,6.55,376.0,60.0,1040.2
Ba2PrRuO6,1733.6,6.55,376.0,70.0,1213.5
Ba2PrRuO6,1733.6,6.55,376.0,80.0,1386.9
Ba2PrRuO6,1733.6,6.55,376.0,90.0,1560.3
Ba2PrRuO6,1733.6,6.55,376.0,100.0,1783.6
Ba2PrSbO6,1847.5,6.39,385.0,50.0,923.8
Ba2PrSbO6,1847.5,6.39,385.0,60.0,1108.5
Ba2PrSbO6,1847.5,6.39,385.0,70.0,1293.3
Ba2PrSbO6,1847.5,6.39,385.0,80.0,1478.0
Ba2PrSbO6,1847.5,6.39,385.0,90.0,1662.8
Ba2PrSbO6,1847.5,6.39,385.0,100.0,1897.5
Ba2PrTaO6,2062.9,7.12,346.1,50.0,1031.5
Ba2PrTaO6,2062.9,7.12,346.1,60.0,1237.8
Ba2PrTaO6,2062.9,7.12,346.1,70.0,1444.0
Ba2PrTaO6,2062.9,7.12,346.1,80.0,1650.3
Ba2PrTaO6,2062.9,7.12,346.1,90.0,1856.6
Ba2PrTaO6,2062.9,7.12,346.1,100.0,2112.9
Ba2PuMnO6,1836.2,7.26,339.9,50.0,918.1
Ba2PuMnO6,1836.2,7.26,339.9,60.0,1101.7
Ba2PuMnO6,1836.2,7.26,339.9,70.0,1285.3
Ba2PuMnO6,1836.2,7.26,339.9,80.0,1468.9
Ba2PuMnO6,1836.2,7.26,339.9,90.0,1652.5
Ba2PuMnO6,1836.2,7.26,339.9,100.0,1886.2
Ba2PuPaO6,2077.5,7.8,316.5,50.0,1038.8
Ba2PuPaO6,2077.5,7.8,316.5,60.0,1246.5
Ba2PuPaO6,2077.5,7.8,316.5,70.0,1454.3
Ba2PuPaO6,2077.5,7.8,316.5,80.0,1662.0
Ba2PuPaO6,2077.5,7.8,316.5,90.0,1869.8
Ba2PuPaO6,2077.5,7.8,316.5,100.0,2127.5
Ba2PuPbO6,1734.2,7.63,323.3,50.0,867.1
Ba2PuPbO6,1734.2,7.63,323.3,60.0,1040.5
Ba2PuPbO6,1734.2,7.63,323.3,70.0,1213.9
Ba2PuPbO6,1734.2,7.63,323.3,80.0,1387.3
Ba2PuPbO6,1734.2,7.63,323.3,90.0,1560.7
Ba2PuPbO6,1734.2,7.63,323.3,100.0,1784.2
Ba2PuZnO6,1788.7,7.49,329.4,50.0,894.3
Ba2PuZnO6,1788.7,7.49,329.4,60.0,1073.2
Ba2PuZnO6,1788.7,7.49,329.4,70.0,1252.1
Ba2PuZnO6,1788.7,7.49,329.4,80.0,1430.9
Ba2PuZnO6,1788.7,7.49,329.4,90.0,1609.8
Ba2PuZnO6,1788.7,7.49,329.4,100.0,1838.7
Ba2Re6S11,1026.6,7.25,340.1,50.0,513.3
Ba2Re6S11,1026.6,7.25,340.1,60.0,616.0
Ba2Re6S11,1026.6,7.25,340.1,70.0,718.6
Ba2Re6S11,1026.6,7.25,340.1,80.0,821.3
Ba2Re6S11,1026.6,7.25,340.1,90.0,924.0
Ba2Re6S11,1026.6,7.25,340.1,100.0,1076.6
Ba2ReN3,854.2,7.06,349.4,50.0,427.1
Ba2ReN3,854.2,7.06,349.4,60.0,512.5
Ba2ReN3,854.2,7.06,349.4,70.0,597.9
Ba2ReN3,854.2,7.06,349.4,80.0,683.3
Ba2ReN3,854.2,7.06,349.4,90.0,768.8
Ba2ReN3,854.2,7.06,349.4,100.0,904.2
Ba2ReO5,1733.4,7.32,337.0,50.0,866.7
Ba2ReO5,1733.4,7.32,337.0,60.0,1040.0
Ba2ReO5,1733.4,7.32,337.0,70.0,1213.4
Ba2ReO5,1733.4,7.32,337.0,80.0,1386.7
Ba2ReO5,1733.4,7.32,337.0,90.0,1560.0
Ba2ReO5,1733.4,7.32,337.0,100.0,1783.4
Ba2Ru7O18,1288.1,6.45,381.8,50.0,644.1
Ba2Ru7O18,1288.1,6.45,381.8,60.0,772.9
Ba2Ru7O18,1288.1,6.45,381.8,70.0,901.7
Ba2Ru7O18,1288.1,6.45,381.8,80.0,1030.5
Ba2Ru7O18,1288.1,6.45,381.8,90.0,1159.3
Ba2Ru7O18,1288.1,6.45,381.8,100.0,1338.1
Ba2Sb2O5,1620.2,5.23,468.8,50.0,810.1
Ba2Sb2O5,1620.2,5.23,468.8,60.0,972.1
Ba2Sb2O5,1620.2,5.23,468.8,70.0,1134.1
Ba2Sb2O5,1620.2,5.23,468.8,80.0,1296.1
Ba2Sb2O5,1620.2,5.23,468.8,90.0,1458.1
Ba2Sb2O5,1620.2,5.23,468.8,100.0,1670.2
Ba2Sb3,933.1,5.5,446.5,50.0,466.5
Ba2Sb3,933.1,5.5,446.5,60.0,559.8
Ba2Sb3,933.1,5.5,446.5,70.0,653.1
Ba2Sb3,933.1,5.5,446.5,80.0,746.4
Ba2Sb3,933.1,5.5,446.5,90.0,839.8
Ba2Sb3,933.1,5.5,446.5,100.0,983.1
Ba2Sc2O5,2078.3,5.18,473.7,50.0,1039.2
Ba2Sc2O5,2078.3,5.18,473.7,60.0,1247.0
Ba2Sc2O5,2078.3,5.18,473.7,70.0,1454.8
Ba2Sc2O5,2078.3,5.18,473.7,80.0,1662.7
Ba2Sc2O5,2078.3,5.18,473.7,90.0,1870.5
Ba2Sc2O5,2078.3,5.18,473.7,100.0,2128.3
Ba2ScCuO4,1796.0,5.27,465.7,50.0,898.0
Ba2ScCuO4,1796.0,5.27,465.7,60.0,1077.6
Ba2ScCuO4,1796.0,5.27,465.7,70.0,1257.2
Ba2ScCuO4,1796.0,5.27,465.7,80.0,1436.8
Ba2ScCuO4,1796.0,5.27,465.7,90.0,1616.4
Ba2ScCuO4,1796.0,5.27,465.7,100.0,1846.0
Ba2ScIrO6,1751.2,7.23,341.2,50.0,875.6
Ba2ScIrO6,1751.2,7.23,341.2,60.0,1050.7
Ba2ScIrO6,1751.2,7.23,341.2,70.0,1225.8
Ba2ScIrO6,1751.2,7.23,341.2,80.0,1400.9
Ba2ScIrO6,1751.2,7.23,341.2,90.0,1576.1
Ba2ScIrO6,1751.2,7.23,341.2,100.0,1801.2
Ba2ScNbO6,2064.6,5.93,414.4,50.0,1032.3
Ba2ScNbO6,2064.6,5.93,414.4,60.0,1238.8
Ba2ScNbO6,2064.6,5.93,414.4,70.0,1445.2
Ba2ScNbO6,2064.6,5.93,414.4,80.0,1651.7
Ba2ScNbO6,2064.6,5.93,414.4,90.0,1858.1
Ba2ScNbO6,2064.6,5.93,414.4,100.0,2114.6
Ba2ScO3F,2114.7,5.45,450.8,50.0,1057.4
Ba2ScO3F,2114.7,5.45,450.8,60.0,1268.8
Ba2ScO3F,2114.7,5.45,450.8,70.0,1480.3
Ba2ScO3F,2114.7,5.45,450.8,80.0,1691.8
Ba2ScO3F,2114.7,5.45,450.8,90.0,1903.3
Ba2ScO3F,2114.7,5.45,450.8,100.0,2164.7
Ba2ScOsO6,1796.3,7.3,337.7,50.0,898.1
Ba2ScOsO6,1796.3,7.3,337.7,60.0,1077.8
Ba2ScOsO6,1796.3,7.3,337.7,70.0,1257.4
Ba2ScOsO6,1796.3,7.3,337.7,80.0,1437.0
Ba2ScOsO6,1796.3,7.3,337.7,90.0,1616.7
Ba2ScOsO6,1796.3,7.3,337.7,100.0,1846.3
Ba2ScPaO6,2193.1,6.68,369.0,50.0,1096.5
Ba2ScPaO6,2193.1,6.68,369.0,60.0,1315.9
Ba2ScPaO6,2193.1,6.68,369.0,70.0,1535.2
Ba2ScPaO6,2193.1,6.68,369.0,80.0,1754.5
Ba2ScPaO6,2193.1,6.68,369.0,90.0,1973.8
Ba2ScPaO6,2193.1,6.68,369.0,100.0,2243.1
Ba2ScReO6,1873.8,7.24,340.8,50.0,936.9
Ba2ScReO6,1873.8,7.24,340.8,60.0,1124.3
Ba2ScReO6,1873.8,7.24,340.8,70.0,1311.7
Ba2ScReO6,1873.8,7.24,340.8,80.0,1499.0
Ba2ScReO6,1873.8,7.24,340.8,90.0,1686.4
Ba2ScReO6,1873.8,7.24,340.8,100.0,1923.8
Ba2ScTaO6,2116.9,6.89,357.5,50.0,1058.5
Ba2ScTaO6,2116.9,6.89,357.5,60.0,1270.2
Ba2ScTaO6,2116.9,6.89,357.5,70.0,1481.9
Ba2ScTaO6,2116.9,6.89,357.5,80.0,1693.5
Ba2ScTaO6,2116.9,6.89,357.5,90.0,1905.2
Ba2ScTaO6,2116.9,6.89,357.5,100.0,2166.9
Ba2Si,630.6,4.28,571.3,50.0,315.3
Ba2Si,630.6,4.28,571.3,60.0,378.3
Ba2Si,630.6,4.28,571.3,70.0,441.4
Ba2Si,630.6,4.28,571.3,80.0,504.4
Ba2Si,630.6,4.28,571.3,90.0,567.5
Ba2Si,630.6,4.28,571.3,100.0,680.6
Ba2Si3Ag,695.8,4.82,508.6,50.0,347.9
Ba2Si3Ag,695.8,4.82,508.6,60.0,417.5
Ba2Si3Ag,695.8,4.82,508.6,70.0,487.1
Ba2Si3Ag,695.8,4.82,508.6,80.0,556.7
Ba2Si3Ag,695.8,4.82,508.6,90.0,626.3
Ba2Si3Ag,695.8,4.82,508.6,100.0,745.8
Ba2Si3Ni,712.0,4.69,522.2,50.0,356.0
Ba2Si3Ni,712.0,4.69,522.2,60.0,427.2
Ba2Si3Ni,712.0,4.69,522.2,70.0,498.4
Ba2Si3Ni,712.0,4.69,522.2,80.0,569.6
Ba2Si3Ni,712.0,4.69,522.2,90.0,640.8
Ba2Si3Ni,712.0,4.69,522.2,100.0,762.0
Ba2Si3O8,2020.1,3.92,622.3,50.0,1010.0
Ba2Si3O8,2020.1,3.92,622.3,60.0,1212.0
Ba2Si3O8,2020.1,3.92,622.3,70.0,1414.0
Ba2Si3O8,2020.1,3.92,622.3,80.0,1616.1
Ba2Si3O8,2020.1,3.92,622.3,90.0,1818.1
Ba2Si3O8,2020.1,3.92,622.3,100.0,2070.1
Ba2Si5N8,1103.1,4.61,531.3,50.0,551.5
Ba2Si5N8,1103.1,4.61,531.3,60.0,661.8
Ba2Si5N8,1103.1,4.61,531.3,70.0,772.1
Ba2Si5N8,1103.1,4.61,531.3,80.0,882.4
Ba2Si5N8,1103.1,4.61,531.3,90.0,992.8
Ba2Si5N8,1103.1,4.61,531.3,100.0,1153.1
Ba2SiO4,2012.9,5.38,456.5,50.0,1006.4
Ba2SiO4,2012.9,5.38,456.5,60.0,1207.7
Ba2SiO4,2012.9,5.38,456.5,70.0,1409.0
Ba2SiO4,2012.9,5.38,456.5,80.0,1610.3
Ba2SiO4,2012.9,5.38,456.5,90.0,1811.6
Ba2SiO4,2012.9,5.38,456.5,100.0,2062.9
Ba2SiS4,1353.7,3.81,639.2,50.0,676.9
Ba2SiS4,1353.7,3.81,639.2,60.0,812.2
Ba2SiS4,1353.7,3.81,639.2,70.0,947.6
Ba2SiS4,1353.7,3.81,639.2,80.0,1083.0
Ba2SiS4,1353.7,3.81,639.2,90.0,1218.3
Ba2SiS4,1353.7,3.81,639.2,100.0,1403.7
Ba2SiSe4,1276.2,4.71,519.9,50.0,638.1
Ba2SiSe4,1276.2,4.71,519.9,60.0,765.7
Ba2SiSe4,1276.2,4.71,519.9,70.0,893.3
Ba2SiSe4,1276.2,4.71,519.9,80.0,1020.9
Ba2SiSe4,1276.2,4.71,519.9,90.0,1148.5
Ba2SiSe4,1276.2,4.71,519.9,100.0,1326.2
Ba2SiTe4,1086.3,5.0,490.0,50.0,543.1
Ba2SiTe4,1086.3,5.0,490.0,60.0,651.8
Ba2SiTe4,1086.3,5.0,490.0,70.0,760.4
Ba2SiTe4,1086.3,5.0,490.0,80.0,869.0
Ba2SiTe4,1086.3,5.0,490.0,90.0,977.7
Ba2SiTe4,1086.3,5.0,490.0,100.0,1136.3
Ba2Sm(CuO2)4,1419.9,6.32,389.2,50.0,710.0
Ba2Sm(CuO2)4,1419.9,6.32,389.2,60.0,851.9
Ba2Sm(CuO2)4,1419.9,6.32,389.2,70.0,993.9
Ba2Sm(CuO2)4,1419.9,6.32,389.2,80.0,1135.9
Ba2Sm(CuO2)4,1419.9,6.32,389.2,90.0,1277.9
Ba2Sm(CuO2)4,1419.9,6.32,389.2,100.0,1469.9
Ba2SmBiO6,1751.2,7.28,338.5,50.0,875.6
Ba2SmBiO6,1751.2,7.28,338.5,60.0,1050.7
Ba2SmBiO6,1751.2,7.28,338.5,70.0,1225.9
Ba2SmBiO6,1751.2,7.28,338.5,80.0,1401.0
Ba2SmBiO6,1751.2,7.28,338.5,90.0,1576.1
Ba2SmBiO6,1751.2,7.28,338.5,100.0,1801.2
Ba2SmGaSe5,1358.6,5.3,462.6,50.0,679.3
Ba2SmGaSe5,1358.6,5.3,462.6,60.0,815.1
Ba2SmGaSe5,1358.6,5.3,462.6,70.0,951.0
Ba2SmGaSe5,1358.6,5.3,462.6,80.0,1086.9
Ba2SmGaSe5,1358.6,5.3,462.6,90.0,1222.7
Ba2SmGaSe5,1358.6,5.3,462.6,100.0,1408.6
Ba2SmMoO6,1858.1,6.41,383.9,50.0,929.0
Ba2SmMoO6,1858.1,6.41,383.9,60.0,1114.9
Ba2SmMoO6,1858.1,6.41,383.9,70.0,1300.7
Ba2SmMoO6,1858.1,6.41,383.9,80.0,1486.5
Ba2SmMoO6,1858.1,6.41,383.9,90.0,1672.3
Ba2SmMoO6,1858.1,6.41,383.9,100.0,1908.1
Ba2SmNbO6,2028.5,6.32,389.5,50.0,1014.2
Ba2SmNbO6,2028.5,6.32,389.5,60.0,1217.1
Ba2SmNbO6,2028.5,6.32,389.5,70.0,1419.9
Ba2SmNbO6,2028.5,6.32,389.5,80.0,1622.8
Ba2SmNbO6,2028.5,6.32,389.5,90.0,1825.6
Ba2SmNbO6,2028.5,6.32,389.5,100.0,2078.5
Ba2SmOsO6,1770.9,7.54,327.3,50.0,885.5
Ba2SmOsO6,1770.9,7.54,327.3,60.0,1062.6
Ba2SmOsO6,1770.9,7.54,327.3,70.0,1239.7
Ba2SmOsO6,1770.9,7.54,327.3,80.0,1416.8
Ba2SmOsO6,1770.9,7.54,327.3,90.0,1593.8
Ba2SmOsO6,1770.9,7.54,327.3,100.0,1820.9
Ba2SmPaO6,2156.1,6.88,358.4,50.0,1078.1
Ba2SmPaO6,2156.1,6.88,358.4,60.0,1293.7
Ba2SmPaO6,2156.1,6.88,358.4,70.0,1509.3
Ba2SmPaO6,2156.1,6.88,358.4,80.0,1724.9
Ba2SmPaO6,2156.1,6.88,358.4,90.0,1940.5
Ba2SmPaO6,2156.1,6.88,358.4,100.0,2206.1
Ba2SmSbO6,1868.3,6.66,369.9,50.0,934.2
Ba2SmSbO6,1868.3,6.66,369.9,60.0,1121.0
Ba2SmSbO6,1868.3,6.66,369.9,70.0,1307.8
Ba2SmSbO6,1868.3,6.66,369.9,80.0,1494.7
Ba2SmSbO6,1868.3,6.66,369.9,90.0,1681.5
Ba2SmSbO6,1868.3,6.66,369.9,100.0,1918.3
Ba2SmTaO6,2083.2,7.21,342.0,50.0,1041.6
Ba2SmTaO6,2083.2,7.21,342.0,60.0,1249.9
Ba2SmTaO6,2083.2,7.21,342.0,70.0,1458.3
Ba2SmTaO6,2083.2,7.21,342.0,80.0,1666.6
Ba2SmTaO6,2083.2,7.21,342.0,90.0,1874.9
Ba2SmTaO6,2083.2,7.21,342.0,100.0,2133.2
Ba2SmUO6,2117.9,7.12,346.3,50.0,1059.0
Ba2SmUO6,2117.9,7.12,346.3,60.0,1270.8
Ba2SmUO6,2117.9,7.12,346.3,70.0,1482.5
Ba2SmUO6,2117.9,7.12,346.3,80.0,1694.3
Ba2SmUO6,2117.9,7.12,346.3,90.0,1906.1
Ba2SmUO6,2117.9,7.12,346.3,100.0,2167.9
Ba2SmWO6,1888.8,7.29,338.1,50.0,944.4
Ba2SmWO6,1888.8,7.29,338.1,60.0,1133.3
Ba2SmWO6,1888.8,7.29,338.1,70.0,1322.2
Ba2SmWO6,1888.8,7.29,338.1,80.0,1511.0
Ba2SmWO6,1888.8,7.29,338.1,90.0,1699.9
Ba2SmWO6,1888.8,7.29,338.1,100.0,1938.8
Ba2Sn,773.5,4.85,505.2,50.0,386.8
Ba2Sn,773.5,4.85,505.2,60.0,464.1
Ba2Sn,773.5,4.85,505.2,70.0,541.5
Ba2Sn,773.5,4.85,505.2,80.0,618.8
Ba2Sn,773.5,4.85,505.2,90.0,696.2
Ba2Sn,773.5,4.85,505.2,100.0,823.5
Ba2SnHg,784.3,6.47,380.7,50.0,392.1
Ba2SnHg,784.3,6.47,380.7,60.0,470.6
Ba2SnHg,784.3,6.47,380.7,70.0,549.0
Ba2SnHg,784.3,6.47,380.7,80.0,627.4
Ba2SnHg,784.3,6.47,380.7,90.0,705.8
Ba2SnHg,784.3,6.47,380.7,100.0,834.3
Ba2SnO4,1726.4,6.51,378.0,50.0,863.2
Ba2SnO4,1726.4,6.51,378.0,60.0,1035.8
Ba2SnO4,1726.4,6.51,378.0,70.0,1208.5
Ba2SnO4,1726.4,6.51,378.0,80.0,1381.1
Ba2SnO4,1726.4,6.51,378.0,90.0,1553.7
Ba2SnO4,1726.4,6.51,378.0,100.0,1776.4
Ba2SnS3F2,1616.6,4.52,541.3,50.0,808.3
Ba2SnS3F2,1616.6,4.52,541.3,60.0,970.0
Ba2SnS3F2,1616.6,4.52,541.3,70.0,1131.6
Ba2SnS3F2,1616.6,4.52,541.3,80.0,1293.3
Ba2SnS3F2,1616.6,4.52,541.3,90.0,1454.9
Ba2SnS3F2,1616.6,4.52,541.3,100.0,1666.6
Ba2SnS4,1266.8,4.17,585.2,50.0,633.4
Ba2SnS4,1266.8,4.17,585.2,60.0,760.1
Ba2SnS4,1266.8,4.17,585.2,70.0,886.7
Ba2SnS4,1266.8,4.17,585.2,80.0,1013.4
Ba2SnS4,1266.8,4.17,585.2,90.0,1140.1
Ba2SnS4,1266.8,4.17,585.2,100.0,1316.8
Ba2SnSe3F2,1591.8,5.17,474.0,50.0,795.9
Ba2SnSe3F2,1591.8,5.17,474.0,60.0,955.1
Ba2SnSe3F2,1591.8,5.17,474.0,70.0,1114.3
Ba2SnSe3F2,1591.8,5.17,474.0,80.0,1273.4
Ba2SnSe3F2,1591.8,5.17,474.0,90.0,1432.6
Ba2SnSe3F2,1591.8,5.17,474.0,100.0,1641.8
Ba2SnSe4,1235.0,5.04,486.0,50.0,617.5
Ba2SnSe4,1235.0,5.04,486.0,60.0,741.0
Ba2SnSe4,1235.0,5.04,486.0,70.0,864.5
Ba2SnSe4,1235.0,5.04,486.0,80.0,988.0
Ba2SnSe4,1235.0,5.04,486.0,90.0,1111.5
Ba2SnSe4,1235.0,5.04,486.0,100.0,1285.0
Ba2SnSe5,1180.3,5.13,477.8,50.0,590.2
Ba2SnSe5,1180.3,5.13,477.8,60.0,708.2
Ba2SnSe5,1180.3,5.13,477.8,70.0,826.2
Ba2SnSe5,1180.3,5.13,477.8,80.0,944.2
Ba2SnSe5,1180.3,5.13,477.8,90.0,1062.3
Ba2SnSe5,1180.3,5.13,477.8,100.0,1230.3
Ba2SnTe5,1056.2,5.64,435.3,50.0,528.1
Ba2SnTe5,1056.2,5.64,435.3,60.0,633.7
Ba2SnTe5,1056.2,5.64,435.3,70.0,739.4
Ba2SnTe5,1056.2,5.64,435.3,80.0,845.0
Ba2SnTe5,1056.2,5.64,435.3,90.0,950.6
Ba2SnTe5,1056.2,5.64,435.3,100.0,1106.2
Ba2SrIrO6,1605.5,6.62,371.9,50.0,802.7
Ba2SrIrO6,1605.5,6.62,371.9,60.0,963.3
Ba2SrIrO6,1605.5,6.62,371.9,70.0,1123.8
Ba2SrIrO6,1605.5,6.62,371.9,80.0,1284.4
Ba2SrIrO6,1605.5,6.62,371.9,90.0,1444.9
Ba2SrIrO6,1605.5,6.62,371.9,100.0,1655.5
Ba2SrSeO6,1623.1,5.85,420.3,50.0,811.5
Ba2SrSeO6,1623.1,5.85,420.3,60.0,973.9
Ba2SrSeO6,1623.1,5.85,420.3,70.0,1136.2
Ba2SrSeO6,1623.1,5.85,420.3,80.0,1298.5
Ba2SrSeO6,1623.1,5.85,420.3,90.0,1460.8
Ba2SrSeO6,1623.1,5.85,420.3,100.0,1673.1
Ba2SrTeO6,1728.7,5.91,416.3,50.0,864.4
Ba2SrTeO6,1728.7,5.91,416.3,60.0,1037.2
Ba2SrTeO6,1728.7,5.91,416.3,70.0,1210.1
Ba2SrTeO6,1728.7,5.91,416.3,80.0,1383.0
Ba2SrTeO6,1728.7,5.91,416.3,90.0,1555.8
Ba2SrTeO6,1728.7,5.91,416.3,100.0,1778.7
Ba2SrUO6,2079.2,6.65,370.4,50.0,1039.6
Ba2SrUO6,2079.2,6.65,370.4,60.0,1247.5
Ba2SrUO6,2079.2,6.65,370.4,70.0,1455.4
Ba2SrUO6,2079.2,6.65,370.4,80.0,1663.3
Ba2SrUO6,2079.2,6.65,370.4,90.0,1871.3
Ba2SrUO6,2079.2,6.65,370.4,100.0,2129.2
Ba2SrWO6,1835.7,6.45,381.5,50.0,917.8
Ba2SrWO6,1835.7,6.45,381.5,60.0,1101.4
Ba2SrWO6,1835.7,6.45,381.5,70.0,1285.0
Ba2SrWO6,1835.7,6.45,381.5,80.0,1468.5
Ba2SrWO6,1835.7,6.45,381.5,90.0,1652.1
Ba2SrWO6,1835.7,6.45,381.5,100.0,1885.7
Ba2Ta15O32,1943.4,9.26,267.1,50.0,971.7
Ba2Ta15O32,1943.4,9.26,267.1,60.0,1166.1
Ba2Ta15O32,1943.4,9.26,267.1,70.0,1360.4
Ba2Ta15O32,1943.4,9.26,267.1,80.0,1554.7
Ba2Ta15O32,1943.4,9.26,267.1,90.0,1749.1
Ba2Ta15O32,1943.4,9.26,267.1,100.0,1993.4
Ba2Ta2O7,2047.9,7.58,325.7,50.0,1024.0
Ba2Ta2O7,2047.9,7.58,325.7,60.0,1228.7
Ba2Ta2O7,2047.9,7.58,325.7,70.0,1433.5
Ba2Ta2O7,2047.9,7.58,325.7,80.0,1638.3
Ba2Ta2O7,2047.9,7.58,325.7,90.0,1843.1
Ba2Ta2O7,2047.9,7.58,325.7,100.0,2097.9
Ba2Ta6Te2O21,1883.3,6.9,356.9,50.0,941.6
Ba2Ta6Te2O21,1883.3,6.9,356.9,60.0,1130.0
Ba2Ta6Te2O21,1883.3,6.9,356.9,70.0,1318.3
Ba2Ta6Te2O21,1883.3,6.9,356.9,80.0,1506.6
Ba2Ta6Te2O21,1883.3,6.9,356.9,90.0,1694.9
Ba2Ta6Te2O21,1883.3,6.9,356.9,100.0,1933.3
Ba2TaBiO6,1827.8,7.77,317.7,50.0,913.9
Ba2TaBiO6,1827.8,7.77,317.7,60.0,1096.7
Ba2TaBiO6,1827.8,7.77,317.7,70.0,1279.4
Ba2TaBiO6,1827.8,7.77,317.7,80.0,1462.2
Ba2TaBiO6,1827.8,7.77,317.7,90.0,1645.0
Ba2TaBiO6,1827.8,7.77,317.7,100.0,1877.8
Ba2TaCrO6,1925.6,7.14,345.3,50.0,962.8
Ba2TaCrO6,1925.6,7.14,345.3,60.0,1155.3
Ba2TaCrO6,1925.6,7.14,345.3,70.0,1347.9
Ba2TaCrO6,1925.6,7.14,345.3,80.0,1540.4
Ba2TaCrO6,1925.6,7.14,345.3,90.0,1733.0
Ba2TaCrO6,1925.6,7.14,345.3,100.0,1975.6
Ba2TaFeO6,1852.8,7.31,337.3,50.0,926.4
Ba2TaFeO6,1852.8,7.31,337.3,60.0,1111.7
Ba2TaFeO6,1852.8,7.31,337.3,70.0,1297.0
Ba2TaFeO6,1852.8,7.31,337.3,80.0,1482.2
Ba2TaFeO6,1852.8,7.31,337.3,90.0,1667.5
Ba2TaFeO6,1852.8,7.31,337.3,100.0,1902.8
Ba2TaInO6,1883.8,7.47,330.3,50.0,941.9
Ba2TaInO6,1883.8,7.47,330.3,60.0,1130.3
Ba2TaInO6,1883.8,7.47,330.3,70.0,1318.6
Ba2TaInO6,1883.8,7.47,330.3,80.0,1507.0
Ba2TaInO6,1883.8,7.47,330.3,90.0,1695.4
Ba2TaInO6,1883.8,7.47,330.3,100.0,1933.8
Ba2TaN3,1063.4,6.69,368.0,50.0,531.7
Ba2TaN3,1063.4,6.69,368.0,60.0,638.1
Ba2TaN3,1063.4,6.69,368.0,70.0,744.4
Ba2TaN3,1063.4,6.69,368.0,80.0,850.8
Ba2TaN3,1063.4,6.69,368.0,90.0,957.1
Ba2TaN3,1063.4,6.69,368.0,100.0,1113.4
Ba2TaTlO6,1766.7,8.09,305.2,50.0,883.3
Ba2TaTlO6,1766.7,8.09,305.2,60.0,1060.0
Ba2TaTlO6,1766.7,8.09,305.2,70.0,1236.7
Ba2TaTlO6,1766.7,8.09,305.2,80.0,1413.3
Ba2TaTlO6,1766.7,8.09,305.2,90.0,1590.0
Ba2TaTlO6,1766.7,8.09,305.2,100.0,1816.7
Ba2TbBiO6,1772.0,7.38,334.1,50.0,886.0
Ba2TbBiO6,1772.0,7.38,334.1,60.0,1063.2
Ba2TbBiO6,1772.0,7.38,334.1,70.0,1240.4
Ba2TbBiO6,1772.0,7.38,334.1,80.0,1417.6
Ba2TbBiO6,1772.0,7.38,334.1,90.0,1594.8
Ba2TbBiO6,1772.0,7.38,334.1,100.0,1822.0
Ba2TbIrO6,1746.7,7.91,312.2,50.0,873.3
Ba2TbIrO6,1746.7,7.91,312.2,60.0,1048.0
Ba2TbIrO6,1746.7,7.91,312.2,70.0,1222.7
Ba2TbIrO6,1746.7,7.91,312.2,80.0,1397.4
Ba2TbIrO6,1746.7,7.91,312.2,90.0,1572.0
Ba2TbIrO6,1746.7,7.91,312.2,100.0,1796.7
Ba2TbMoO6,1861.9,6.69,368.0,50.0,931.0
Ba2TbMoO6,1861.9,6.69,368.0,60.0,1117.2
Ba2TbMoO6,1861.9,6.69,368.0,70.0,1303.4
Ba2TbMoO6,1861.9,6.69,368.0,80.0,1489.5
Ba2TbMoO6,1861.9,6.69,368.0,90.0,1675.7
Ba2TbMoO6,1861.9,6.69,368.0,100.0,1911.9
Ba2TbNbO6,2053.2,6.58,374.5,50.0,1026.6
Ba2TbNbO6,2053.2,6.58,374.5,60.0,1231.9
Ba2TbNbO6,2053.2,6.58,374.5,70.0,1437.2
Ba2TbNbO6,2053.2,6.58,374.5,80.0,1642.5
Ba2TbNbO6,2053.2,6.58,374.5,90.0,1847.9
Ba2TbNbO6,2053.2,6.58,374.5,100.0,2103.2
Ba2TbPaO6,2179.0,7.19,342.9,50.0,1089.5
Ba2TbPaO6,2179.0,7.19,342.9,60.0,1307.4
Ba2TbPaO6,2179.0,7.19,342.9,70.0,1525.3
Ba2TbPaO6,2179.0,7.19,342.9,80.0,1743.2
Ba2TbPaO6,2179.0,7.19,342.9,90.0,1961.1
Ba2TbPaO6,2179.0,7.19,342.9,100.0,2229.0
Ba2TbSbO6,1887.8,6.93,355.4,50.0,943.9
Ba2TbSbO6,1887.8,6.93,355.4,60.0,1132.7
Ba2TbSbO6,1887.8,6.93,355.4,70.0,1321.5
Ba2TbSbO6,1887.8,6.93,355.4,80.0,1510.2
Ba2TbSbO6,1887.8,6.93,355.4,90.0,1699.0
Ba2TbSbO6,1887.8,6.93,355.4,100.0,1937.8
Ba2TbTaO6,2107.1,7.57,325.8,50.0,1053.5
Ba2TbTaO6,2107.1,7.57,325.8,60.0,1264.2
Ba2TbTaO6,2107.1,7.57,325.8,70.0,1474.9
Ba2TbTaO6,2107.1,7.57,325.8,80.0,1685.6
Ba2TbTaO6,2107.1,7.57,325.8,90.0,1896.4
Ba2TbTaO6,2107.1,7.57,325.8,100.0,2157.1
Ba2TbWO6,1913.3,7.58,325.6,50.0,956.7
Ba2TbWO6,1913.3,7.58,325.6,60.0,1148.0
Ba2TbWO6,1913.3,7.58,325.6,70.0,1339.3
Ba2TbWO6,1913.3,7.58,325.6,80.0,1530.7
Ba2TbWO6,1913.3,7.58,325.6,90.0,1722.0
Ba2TbWO6,1913.3,7.58,325.6,100.0,1963.3
Ba2TeO,1597.5,5.28,465.0,50.0,798.8
Ba2TeO,1597.5,5.28,465.0,60.0,958.5
Ba2TeO,1597.5,5.28,465.0,70.0,1118.3
Ba2TeO,1597.5,5.28,465.0,80.0,1278.0
Ba2TeO,1597.5,5.28,465.0,90.0,1437.8
Ba2TeO,1597.5,5.28,465.0,100.0,1647.5
Ba2TeP2O9,1784.5,4.5,543.6,50.0,892.3
Ba2TeP2O9,1784.5,4.5,543.6,60.0,1070.7
Ba2TeP2O9,1784.5,4.5,543.6,70.0,1249.2
Ba2TeP2O9,1784.5,4.5,543.6,80.0,1427.6
Ba2TeP2O9,1784.5,4.5,543.6,90.0,1606.1
Ba2TeP2O9,1784.5,4.5,543.6,100.0,1834.5
Ba2ThS6,1392.6,4.68,522.5,50.0,696.3
Ba2ThS6,1392.6,4.68,522.5,60.0,835.6
Ba2ThS6,1392.6,4.68,522.5,70.0,974.8
Ba2ThS6,1392.6,4.68,522.5,80.0,1114.1
Ba2ThS6,1392.6,4.68,522.5,90.0,1253.3
Ba2ThS6,1392.6,4.68,522.5,100.0,1442.6
Ba2Ti(GeO4)2,1802.5,4.61,531.3,50.0,901.3
Ba2Ti(GeO4)2,1802.5,4.61,531.3,60.0,1081.5
Ba2Ti(GeO4)2,1802.5,4.61,531.3,70.0,1261.8
Ba2Ti(GeO4)2,1802.5,4.61,531.3,80.0,1442.0
Ba2Ti(GeO4)2,1802.5,4.61,531.3,90.0,1622.3
Ba2Ti(GeO4)2,1802.5,4.61,531.3,100.0,1852.5
Ba2Ti(SiO4)2,2049.6,4.38,557.8,50.0,1024.8
Ba2Ti(SiO4)2,2049.6,4.38,557.8,60.0,1229.8
Ba2Ti(SiO4)2,2049.6,4.38,557.8,70.0,1434.7
Ba2Ti(SiO4)2,2049.6,4.38,557.8,80.0,1639.7
Ba2Ti(SiO4)2,2049.6,4.38,557.8,90.0,1844.7
Ba2Ti(SiO4)2,2049.6,4.38,557.8,100.0,2099.6
Ba2Ti13O22,2014.8,5.01,489.0,50.0,1007.4
Ba2Ti13O22,2014.8,5.01,489.0,60.0,1208.9
Ba2Ti13O22,2014.8,5.01,489.0,70.0,1410.3
Ba2Ti13O22,2014.8,5.01,489.0,80.0,1611.8
Ba2Ti13O22,2014.8,5.01,489.0,90.0,1813.3
Ba2Ti13O22,2014.8,5.01,489.0,100.0,2064.8
Ba2Ti6O13,2070.2,4.76,514.7,50.0,1035.1
Ba2Ti6O13,2070.2,4.76,514.7,60.0,1242.1
Ba2Ti6O13,2070.2,4.76,514.7,70.0,1449.1
Ba2Ti6O13,2070.2,4.76,514.7,80.0,1656.2
Ba2Ti6O13,2070.2,4.76,514.7,90.0,1863.2
Ba2Ti6O13,2070.2,4.76,514.7,100.0,2120.2
Ba2TiO4,2029.6,5.09,481.9,50.0,1014.8
Ba2TiO4,2029.6,5.09,481.9,60.0,1217.8
Ba2TiO4,2029.6,5.09,481.9,70.0,1420.7
Ba2TiO4,2029.6,5.09,481.9,80.0,1623.7
Ba2TiO4,2029.6,5.09,481.9,90.0,1826.6
Ba2TiO4,2029.6,5.09,481.9,100.0,2079.6
Ba2TiS4,1444.6,3.8,641.5,50.0,722.3
Ba2TiS4,1444.6,3.8,641.5,60.0,866.8
Ba2TiS4,1444.6,3.8,641.5,70.0,1011.2
Ba2TiS4,1444.6,3.8,641.5,80.0,1155.7
Ba2TiS4,1444.6,3.8,641.5,90.0,1300.2
Ba2TiS4,1444.6,3.8,641.5,100.0,1494.6
Ba2Tl(HO)7,1275.1,4.73,517.8,50.0,637.5
Ba2Tl(HO)7,1275.1,4.73,517.8,60.0,765.0
Ba2Tl(HO)7,1275.1,4.73,517.8,70.0,892.5
Ba2Tl(HO)7,1275.1,4.73,517.8,80.0,1020.0
Ba2Tl(HO)7,1275.1,4.73,517.8,90.0,1147.5
Ba2Tl(HO)7,1275.1,4.73,517.8,100.0,1325.1
Ba2Tl2O5,1384.1,7.59,325.0,50.0,692.1
Ba2Tl2O5,1384.1,7.59,325.0,60.0,830.5
Ba2Tl2O5,1384.1,7.59,325.0,70.0,968.9
Ba2Tl2O5,1384.1,7.59,325.0,80.0,1107.3
Ba2Tl2O5,1384.1,7.59,325.0,90.0,1245.7
Ba2Tl2O5,1384.1,7.59,325.0,100.0,1434.1
Ba2TlCd,665.4,6.38,385.8,50.0,332.7
Ba2TlCd,665.4,6.38,385.8,60.0,399.2
Ba2TlCd,665.4,6.38,385.8,70.0,465.8
Ba2TlCd,665.4,6.38,385.8,80.0,532.3
Ba2TlCd,665.4,6.38,385.8,90.0,598.9
Ba2TlCd,665.4,6.38,385.8,100.0,715.4
Ba2TlF7,2019.7,6.11,402.5,50.0,1009.9
Ba2TlF7,2019.7,6.11,402.5,60.0,1211.8
Ba2TlF7,2019.7,6.11,402.5,70.0,1413.8
Ba2TlF7,2019.7,6.11,402.5,80.0,1615.8
Ba2TlF7,2019.7,6.11,402.5,90.0,1817.8
Ba2TlF7,2019.7,6.11,402.5,100.0,2069.7
Ba2TlHg,712.8,7.48,329.8,50.0,356.4
Ba2TlHg,712.8,7.48,329.8,60.0,427.7
Ba2TlHg,712.8,7.48,329.8,70.0,498.9
Ba2TlHg,712.8,7.48,329.8,80.0,570.2
Ba2TlHg,712.8,7.48,329.8,90.0,641.5
Ba2TlHg,712.8,7.48,329.8,100.0,762.8
Ba2TlSbO6,1526.6,7.44,331.4,50.0,763.3
Ba2TlSbO6,1526.6,7.44,331.4,60.0,916.0
Ba2TlSbO6,1526.6,7.44,331.4,70.0,1068.6
Ba2TlSbO6,1526.6,7.44,331.4,80.0,1221.3
Ba2TlSbO6,1526.6,7.44,331.4,90.0,1374.0
Ba2TlSbO6,1526.6,7.44,331.4,100.0,1576.6
Ba2TlZn,631.4,6.14,400.9,50.0,315.7
Ba2TlZn,631.4,6.14,400.9,60.0,378.8
Ba2TlZn,631.4,6.14,400.9,70.0,442.0
Ba2TlZn,631.4,6.14,400.9,80.0,505.1
Ba2TlZn,631.4,6.14,400.9,90.0,568.3
Ba2TlZn,631.4,6.14,400.9,100.0,681.4
Ba2Tm(CuO2)4,1429.7,6.85,359.8,50.0,714.9
Ba2Tm(CuO2)4,1429.7,6.85,359.8,60.0,857.8
Ba2Tm(CuO2)4,1429.7,6.85,359.8,70.0,1000.8
Ba2Tm(CuO2)4,1429.7,6.85,359.8,80.0,1143.8
Ba2Tm(CuO2)4,1429.7,6.85,359.8,90.0,1286.7
Ba2Tm(CuO2)4,1429.7,6.85,359.8,100.0,1479.7
Ba2TmMoO6,1880.9,7.0,352.0,50.0,940.4
Ba2TmMoO6,1880.9,7.0,352.0,60.0,1128.5
Ba2TmMoO6,1880.9,7.0,352.0,70.0,1316.6
Ba2TmMoO6,1880.9,7.0,352.0,80.0,1504.7
Ba2TmMoO6,1880.9,7.0,352.0,90.0,1692.8
Ba2TmMoO6,1880.9,7.0,352.0,100.0,1930.9
Ba2TmNbO6,2071.6,6.85,359.9,50.0,1035.8
Ba2TmNbO6,2071.6,6.85,359.9,60.0,1243.0
Ba2TmNbO6,2071.6,6.85,359.9,70.0,1450.1
Ba2TmNbO6,2071.6,6.85,359.9,80.0,1657.3
Ba2TmNbO6,2071.6,6.85,359.9,90.0,1864.4
Ba2TmNbO6,2071.6,6.85,359.9,100.0,2121.6
Ba2TmPaO6,2199.1,7.49,329.3,50.0,1099.6
Ba2TmPaO6,2199.1,7.49,329.3,60.0,1319.5
Ba2TmPaO6,2199.1,7.49,329.3,70.0,1539.4
Ba2TmPaO6,2199.1,7.49,329.3,80.0,1759.3
Ba2TmPaO6,2199.1,7.49,329.3,90.0,1979.2
Ba2TmPaO6,2199.1,7.49,329.3,100.0,2249.1
Ba2TmReO6,1882.3,8.1,304.9,50.0,941.1
Ba2TmReO6,1882.3,8.1,304.9,60.0,1129.4
Ba2TmReO6,1882.3,8.1,304.9,70.0,1317.6
Ba2TmReO6,1882.3,8.1,304.9,80.0,1505.8
Ba2TmReO6,1882.3,8.1,304.9,90.0,1694.0
Ba2TmReO6,1882.3,8.1,304.9,100.0,1932.3
Ba2TmRuO6,1794.5,7.21,342.0,50.0,897.2
Ba2TmRuO6,1794.5,7.21,342.0,60.0,1076.7
Ba2TmRuO6,1794.5,7.21,342.0,70.0,1256.1
Ba2TmRuO6,1794.5,7.21,342.0,80.0,1435.6
Ba2TmRuO6,1794.5,7.21,342.0,90.0,1615.0
Ba2TmRuO6,1794.5,7.21,342.0,100.0,1844.5
Ba2TmTaO6,2125.7,7.88,313.3,50.0,1062.9
Ba2TmTaO6,2125.7,7.88,313.3,60.0,1275.4
Ba2TmTaO6,2125.7,7.88,313.3,70.0,1488.0
Ba2TmTaO6,2125.7,7.88,313.3,80.0,1700.6
Ba2TmTaO6,2125.7,7.88,313.3,90.0,1913.1
Ba2TmTaO6,2125.7,7.88,313.3,100.0,2175.7
Ba2U(AsO5)2,1765.2,5.14,477.2,50.0,882.6
Ba2U(AsO5)2,1765.2,5.14,477.2,60.0,1059.1
Ba2U(AsO5)2,1765.2,5.14,477.2,70.0,1235.7
Ba2U(AsO5)2,1765.2,5.14,477.2,80.0,1412.2
Ba2U(AsO5)2,1765.2,5.14,477.2,90.0,1588.7
Ba2U(AsO5)2,1765.2,5.14,477.2,100.0,1815.2
Ba2U(Cu2Se3)2,1050.6,6.69,368.0,50.0,525.3
Ba2U(Cu2Se3)2,1050.6,6.69,368.0,60.0,630.3
Ba2U(Cu2Se3)2,1050.6,6.69,368.0,70.0,735.4
Ba2U(Cu2Se3)2,1050.6,6.69,368.0,80.0,840.4
Ba2U(Cu2Se3)2,1050.6,6.69,368.0,90.0,945.5
Ba2U(Cu2Se3)2,1050.6,6.69,368.0,100.0,1100.6
Ba2U(PO5)2,2001.3,5.01,489.6,50.0,1000.7
Ba2U(PO5)2,2001.3,5.01,489.6,60.0,1200.8
Ba2U(PO5)2,2001.3,5.01,489.6,70.0,1400.9
Ba2U(PO5)2,2001.3,5.01,489.6,80.0,1601.0
Ba2U(PO5)2,2001.3,5.01,489.6,90.0,1801.2
Ba2U(PO5)2,2001.3,5.01,489.6,100.0,2051.3
Ba2U2O7,2156.7,7.48,329.8,50.0,1078.4
Ba2U2O7,2156.7,7.48,329.8,60.0,1294.0
Ba2U2O7,2156.7,7.48,329.8,70.0,1509.7
Ba2U2O7,2156.7,7.48,329.8,80.0,1725.4
Ba2U2O7,2156.7,7.48,329.8,90.0,1941.0
Ba2U2O7,2156.7,7.48,329.8,100.0,2206.7
Ba2UCdO6,1897.9,7.14,345.5,50.0,948.9
Ba2UCdO6,1897.9,7.14,345.5,60.0,1138.7
Ba2UCdO6,1897.9,7.14,345.5,70.0,1328.5
Ba2UCdO6,1897.9,7.14,345.5,80.0,1518.3
Ba2UCdO6,1897.9,7.14,345.5,90.0,1708.1
Ba2UCdO6,1897.9,7.14,345.5,100.0,1947.9
Ba2UCrO6,1977.1,7.35,335.4,50.0,988.6
Ba2UCrO6,1977.1,7.35,335.4,60.0,1186.3
Ba2UCrO6,1977.1,7.35,335.4,70.0,1384.0
Ba2UCrO6,1977.1,7.35,335.4,80.0,1581.7
Ba2UCrO6,1977.1,7.35,335.4,90.0,1779.4
Ba2UCrO6,1977.1,7.35,335.4,100.0,2027.1
Ba2UCu2S5,1229.1,5.64,435.8,50.0,614.6
Ba2UCu2S5,1229.1,5.64,435.8,60.0,737.5
Ba2UCu2S5,1229.1,5.64,435.8,70.0,860.4
Ba2UCu2S5,1229.1,5.64,435.8,80.0,983.3
Ba2UCu2S5,1229.1,5.64,435.8,90.0,1106.2
Ba2UCu2S5,1229.1,5.64,435.8,100.0,1279.1
Ba2UCu2Se5,1177.8,6.51,378.2,50.0,588.9
Ba2UCu2Se5,1177.8,6.51,378.2,60.0,706.7
Ba2UCu2Se5,1177.8,6.51,378.2,70.0,824.4
Ba2UCu2Se5,1177.8,6.51,378.2,80.0,942.2
Ba2UCu2Se5,1177.8,6.51,378.2,90.0,1060.0
Ba2UCu2Se5,1177.8,6.51,378.2,100.0,1227.8
Ba2UFeO6,1899.4,7.31,337.3,50.0,949.7
Ba2UFeO6,1899.4,7.31,337.3,60.0,1139.6
Ba2UFeO6,1899.4,7.31,337.3,70.0,1329.6
Ba2UFeO6,1899.4,7.31,337.3,80.0,1519.5
Ba2UFeO6,1899.4,7.31,337.3,90.0,1709.5
Ba2UFeO6,1899.4,7.31,337.3,100.0,1949.4
Ba2UMnO6,1967.2,6.99,352.6,50.0,983.6
Ba2UMnO6,1967.2,6.99,352.6,60.0,1180.3
Ba2UMnO6,1967.2,6.99,352.6,70.0,1377.1
Ba2UMnO6,1967.2,6.99,352.6,80.0,1573.8
Ba2UMnO6,1967.2,6.99,352.6,90.0,1770.5
Ba2UMnO6,1967.2,6.99,352.6,100.0,2017.2
Ba2UNiO6,1888.0,7.38,334.2,50.0,944.0
Ba2UNiO6,1888.0,7.38,334.2,60.0,1132.8
Ba2UNiO6,1888.0,7.38,334.2,70.0,1321.6
Ba2UNiO6,1888.0,7.38,334.2,80.0,1510.4
Ba2UNiO6,1888.0,7.38,334.2,90.0,1699.2
Ba2UNiO6,1888.0,7.38,334.2,100.0,1938.0
Ba2US6,1301.5,4.9,499.6,50.0,650.8
Ba2US6,1301.5,4.9,499.6,60.0,780.9
Ba2US6,1301.5,4.9,499.6,70.0,911.1
Ba2US6,1301.5,4.9,499.6,80.0,1041.2
Ba2US6,1301.5,4.9,499.6,90.0,1171.4
Ba2US6,1301.5,4.9,499.6,100.0,1351.5
Ba2UTiO6,2078.8,7.2,342.3,50.0,1039.4
Ba2UTiO6,2078.8,7.2,342.3,60.0,1247.3
Ba2UTiO6,2078.8,7.2,342.3,70.0,1455.2
Ba2UTiO6,2078.8,7.2,342.3,80.0,1663.1
Ba2UTiO6,2078.8,7.2,342.3,90.0,1871.0
Ba2UTiO6,2078.8,7.2,342.3,100.0,2128.8
Ba2UZnO6,1929.5,7.29,338.3,50.0,964.8
Ba2UZnO6,1929.5,7.29,338.3,60.0,1157.7
Ba2UZnO6,1929.5,7.29,338.3,70.0,1350.7
Ba2UZnO6,1929.5,7.29,338.3,80.0,1543.6
Ba2UZnO6,1929.5,7.29,338.3,90.0,1736.6
Ba2UZnO6,1929.5,7.29,338.3,100.0,1979.5
Ba2V(SiO4)2,1944.7,4.44,550.4,50.0,972.4
Ba2V(SiO4)2,1944.7,4.44,550.4,60.0,1166.8
Ba2V(SiO4)2,1944.7,4.44,550.4,70.0,1361.3
Ba2V(SiO4)2,1944.7,4.44,550.4,80.0,1555.8
Ba2V(SiO4)2,1944.7,4.44,550.4,90.0,1750.3
Ba2V(SiO4)2,1944.7,4.44,550.4,100.0,1994.7
Ba2V2CuF12,1996.9,4.54,539.0,50.0,998.5
Ba2V2CuF12,1996.9,4.54,539.0,60.0,1198.1
Ba2V2CuF12,1996.9,4.54,539.0,70.0,1397.8
Ba2V2CuF12,1996.9,4.54,539.0,80.0,1597.5
Ba2V2CuF12,1996.9,4.54,539.0,90.0,1797.2
Ba2V2CuF12,1996.9,4.54,539.0,100.0,2046.9
Ba2V2FeHO9,1654.4,4.44,550.2,50.0,827.2
Ba2V2FeHO9,1654.4,4.44,550.2,60.0,992.7
Ba2V2FeHO9,1654.4,4.44,550.2,70.0,1158.1
Ba2V2FeHO9,1654.4,4.44,550.2,80.0,1323.6
Ba2V2FeHO9,1654.4,4.44,550.2,90.0,1489.0
Ba2V2FeHO9,1654.4,4.44,550.2,100.0,1704.4
Ba2V2O7,1815.1,4.45,549.5,50.0,907.6
Ba2V2O7,1815.1,4.45,549.5,60.0,1089.1
Ba2V2O7,1815.1,4.45,549.5,70.0,1270.6
Ba2V2O7,1815.1,4.45,549.5,80.0,1452.1
Ba2V2O7,1815.1,4.45,549.5,90.0,1633.6
Ba2V2O7,1815.1,4.45,549.5,100.0,1865.1
Ba2V3BiO11,1694.1,4.87,503.0,50.0,847.0
Ba2V3BiO11,1694.1,4.87,503.0,60.0,1016.4
Ba2V3BiO11,1694.1,4.87,503.0,70.0,1185.8
Ba2V3BiO11,1694.1,4.87,503.0,80.0,1355.3
Ba2V3BiO11,1694.1,4.87,503.0,90.0,1524.7
Ba2V3BiO11,1694.1,4.87,503.0,100.0,1744.1
Ba2V3HO9,1722.8,4.61,531.2,50.0,861.4
Ba2V3HO9,1722.8,4.61,531.2,60.0,1033.7
Ba2V3HO9,1722.8,4.61,531.2,70.0,1205.9
Ba2V3HO9,1722.8,4.61,531.2,80.0,1378.2
Ba2V3HO9,1722.8,4.61,531.2,90.0,1550.5
Ba2V3HO9,1722.8,4.61,531.2,100.0,1772.8
Ba2V3P6HO22,1773.1,3.54,686.8,50.0,886.6
Ba2V3P6HO22,1773.1,3.54,686.8,60.0,1063.9
Ba2V3P6HO22,1773.1,3.54,686.8,70.0,1241.2
Ba2V3P6HO22,1773.1,3.54,686.8,80.0,1418.5
Ba2V3P6HO22,1773.1,3.54,686.8,90.0,1595.8
Ba2V3P6HO22,1773.1,3.54,686.8,100.0,1823.1
Ba2V4Cd3O15,1581.8,4.73,517.7,50.0,790.9
Ba2V4Cd3O15,1581.8,4.73,517.7,60.0,949.1
Ba2V4Cd3O15,1581.8,4.73,517.7,70.0,1107.3
Ba2V4Cd3O15,1581.8,4.73,517.7,80.0,1265.4
Ba2V4Cd3O15,1581.8,4.73,517.7,90.0,1423.6
Ba2V4Cd3O15,1581.8,4.73,517.7,100.0,1631.8
Ba2VCu2F12,1866.2,4.7,520.7,50.0,933.1
Ba2VCu2F12,1866.2,4.7,520.7,60.0,1119.7
Ba2VCu2F12,1866.2,4.7,520.7,70.0,1306.4
Ba2VCu2F12,1866.2,4.7,520.7,80.0,1493.0
Ba2VCu2F12,1866.2,4.7,520.7,90.0,1679.6
Ba2VCu2F12,1866.2,4.7,520.7,100.0,1916.2
Ba2VN3,1047.6,5.42,452.7,50.0,523.8
Ba2VN3,1047.6,5.42,452.7,60.0,628.6
Ba2VN3,1047.6,5.42,452.7,70.0,733.3
Ba2VN3,1047.6,5.42,452.7,80.0,838.1
Ba2VN3,1047.6,5.42,452.7,90.0,942.8
Ba2VN3,1047.6,5.42,452.7,100.0,1097.6
Ba2VO4,1818.8,5.27,465.9,50.0,909.4
Ba2VO4,1818.8,5.27,465.9,60.0,1091.3
Ba2VO4,1818.8,5.27,465.9,70.0,1273.2
Ba2VO4,1818.8,5.27,465.9,80.0,1455.1
Ba2VO4,1818.8,5.27,465.9,90.0,1637.0
Ba2VO4,1818.8,5.27,465.9,100.0,1868.8
Ba2VP2O9,1885.1,3.94,619.4,50.0,942.5
Ba2VP2O9,1885.1,3.94,619.4,60.0,1131.1
Ba2VP2O9,1885.1,3.94,619.4,70.0,1319.6
Ba2VP2O9,1885.1,3.94,619.4,80.0,1508.1
Ba2VP2O9,1885.1,3.94,619.4,90.0,1696.6
Ba2VP2O9,1885.1,3.94,619.4,100.0,1935.1
Ba2WO5,1791.4,7.19,342.7,50.0,895.7
Ba2WO5,1791.4,7.19,342.7,60.0,1074.8
Ba2WO5,1791.4,7.19,342.7,70.0,1254.0
Ba2WO5,1791.4,7.19,342.7,80.0,1433.1
Ba2WO5,1791.4,7.19,342.7,90.0,1612.2
Ba2WO5,1791.4,7.19,342.7,100.0,1841.4
Ba2Y(CuO2)4,1422.6,5.94,414.2,50.0,711.3
Ba2Y(CuO2)4,1422.6,5.94,414.2,60.0,853.5
Ba2Y(CuO2)4,1422.6,5.94,414.2,70.0,995.8
Ba2Y(CuO2)4,1422.6,5.94,414.2,80.0,1138.1
Ba2Y(CuO2)4,1422.6,5.94,414.2,90.0,1280.3
Ba2Y(CuO2)4,1422.6,5.94,414.2,100.0,1472.6
Ba2YAg5S6,1058.4,5.44,451.2,50.0,529.2
Ba2YAg5S6,1058.4,5.44,451.2,60.0,635.1
Ba2YAg5S6,1058.4,5.44,451.2,70.0,740.9
Ba2YAg5S6,1058.4,5.44,451.2,80.0,846.7
Ba2YAg5S6,1058.4,5.44,451.2,90.0,952.6
Ba2YAg5S6,1058.4,5.44,451.2,100.0,1108.4
Ba2YB2ClO6,1991.3,4.31,567.4,50.0,995.7
Ba2YB2ClO6,1991.3,4.31,567.4,60.0,1194.8
Ba2YB2ClO6,1991.3,4.31,567.4,70.0,1393.9
Ba2YB2ClO6,1991.3,4.31,567.4,80.0,1593.1
Ba2YB2ClO6,1991.3,4.31,567.4,90.0,1792.2
Ba2YB2ClO6,1991.3,4.31,567.4,100.0,2041.3
Ba2YBiO6,1764.9,6.7,367.9,50.0,882.4
Ba2YBiO6,1764.9,6.7,367.9,60.0,1058.9
Ba2YBiO6,1764.9,6.7,367.9,70.0,1235.4
Ba2YBiO6,1764.9,6.7,367.9,80.0,1411.9
Ba2YBiO6,1764.9,6.7,367.9,90.0,1588.4
Ba2YBiO6,1764.9,6.7,367.9,100.0,1814.9
Ba2YC2(O2F)3,1937.9,4.43,551.9,50.0,968.9
Ba2YC2(O2F)3,1937.9,4.43,551.9,60.0,1162.7
Ba2YC2(O2F)3,1937.9,4.43,551.9,70.0,1356.5
Ba2YC2(O2F)3,1937.9,4.43,551.9,80.0,1550.3
Ba2YC2(O2F)3,1937.9,4.43,551.9,90.0,1744.1
Ba2YC2(O2F)3,1937.9,4.43,551.9,100.0,1987.9
Ba2YCoO5,1763.9,5.57,441.0,50.0,881.9
Ba2YCoO5,1763.9,5.57,441.0,60.0,1058.3
Ba2YCoO5,1763.9,5.57,441.0,70.0,1234.7
Ba2YCoO5,1763.9,5.57,441.0,80.0,1411.1
Ba2YCoO5,1763.9,5.57,441.0,90.0,1587.5
Ba2YCoO5,1763.9,5.57,441.0,100.0,1813.9
Ba2YCu3PbO7,1459.6,6.69,368.2,50.0,729.8
Ba2YCu3PbO7,1459.6,6.69,368.2,60.0,875.7
Ba2YCu3PbO7,1459.6,6.69,368.2,70.0,1021.7
Ba2YCu3PbO7,1459.6,6.69,368.2,80.0,1167.6
Ba2YCu3PbO7,1459.6,6.69,368.2,90.0,1313.6
Ba2YCu3PbO7,1459.6,6.69,368.2,100.0,1509.6
Ba2YFeO5,1816.9,5.29,463.6,50.0,908.5
Ba2YFeO5,1816.9,5.29,463.6,60.0,1090.2
Ba2YFeO5,1816.9,5.29,463.6,70.0,1271.8
Ba2YFeO5,1816.9,5.29,463.6,80.0,1453.5
Ba2YFeO5,1816.9,5.29,463.6,90.0,1635.2
Ba2YFeO5,1816.9,5.29,463.6,100.0,1866.9
Ba2YIrO6,1742.7,7.17,343.8,50.0,871.4
Ba2YIrO6,1742.7,7.17,343.8,60.0,1045.6
Ba2YIrO6,1742.7,7.17,343.8,70.0,1219.9
Ba2YIrO6,1742.7,7.17,343.8,80.0,1394.2
Ba2YIrO6,1742.7,7.17,343.8,90.0,1568.4
Ba2YIrO6,1742.7,7.17,343.8,100.0,1792.7
Ba2YMoO6,1859.8,5.98,411.1,50.0,929.9
Ba2YMoO6,1859.8,5.98,411.1,60.0,1115.9
Ba2YMoO6,1859.8,5.98,411.1,70.0,1301.8
Ba2YMoO6,1859.8,5.98,411.1,80.0,1487.8
Ba2YMoO6,1859.8,5.98,411.1,90.0,1673.8
Ba2YMoO6,1859.8,5.98,411.1,100.0,1909.8
Ba2YNbO6,2050.1,5.84,420.8,50.0,1025.1
Ba2YNbO6,2050.1,5.84,420.8,60.0,1230.1
Ba2YNbO6,2050.1,5.84,420.8,70.0,1435.1
Ba2YNbO6,2050.1,5.84,420.8,80.0,1640.1
Ba2YNbO6,2050.1,5.84,420.8,90.0,1845.1
Ba2YNbO6,2050.1,5.84,420.8,100.0,2100.1
Ba2YOsO6,1788.2,7.11,346.8,50.0,894.1
Ba2YOsO6,1788.2,7.11,346.8,60.0,1072.9
Ba2YOsO6,1788.2,7.11,346.8,70.0,1251.8
Ba2YOsO6,1788.2,7.11,346.8,80.0,1430.6
Ba2YOsO6,1788.2,7.11,346.8,90.0,1609.4
Ba2YOsO6,1788.2,7.11,346.8,100.0,1838.2
Ba2YPaO6,2177.9,6.71,366.9,50.0,1089.0
Ba2YPaO6,2177.9,6.71,366.9,60.0,1306.8
Ba2YPaO6,2177.9,6.71,366.9,70.0,1524.5
Ba2YPaO6,2177.9,6.71,366.9,80.0,1742.3
Ba2YPaO6,2177.9,6.71,366.9,90.0,1960.1
Ba2YPaO6,2177.9,6.71,366.9,100.0,2227.9
Ba2YReO6,1861.9,7.04,350.2,50.0,930.9
Ba2YReO6,1861.9,7.04,350.2,60.0,1117.1
Ba2YReO6,1861.9,7.04,350.2,70.0,1303.3
Ba2YReO6,1861.9,7.04,350.2,80.0,1489.5
Ba2YReO6,1861.9,7.04,350.2,90.0,1675.7
Ba2YReO6,1861.9,7.04,350.2,100.0,1911.9
Ba2YRuO6,1774.0,6.16,399.1,50.0,887.0
Ba2YRuO6,1774.0,6.16,399.1,60.0,1064.4
Ba2YRuO6,1774.0,6.16,399.1,70.0,1241.8
Ba2YRuO6,1774.0,6.16,399.1,80.0,1419.2
Ba2YRuO6,1774.0,6.16,399.1,90.0,1596.6
Ba2YRuO6,1774.0,6.16,399.1,100.0,1824.0
Ba2YSbO6,1884.2,6.22,395.5,50.0,942.1
Ba2YSbO6,1884.2,6.22,395.5,60.0,1130.5
Ba2YSbO6,1884.2,6.22,395.5,70.0,1318.9
Ba2YSbO6,1884.2,6.22,395.5,80.0,1507.3
Ba2YSbO6,1884.2,6.22,395.5,90.0,1695.8
Ba2YSbO6,1884.2,6.22,395.5,100.0,1934.2
Ba2YTaO6,2105.3,6.84,360.3,50.0,1052.7
Ba2YTaO6,2105.3,6.84,360.3,60.0,1263.2
Ba2YTaO6,2105.3,6.84,360.3,70.0,1473.7
Ba2YTaO6,2105.3,6.84,360.3,80.0,1684.3
Ba2YTaO6,2105.3,6.84,360.3,90.0,1894.8
Ba2YTaO6,2105.3,6.84,360.3,100.0,2155.3
Ba2YTlCu2O7,1495.5,6.96,354.3,50.0,747.7
Ba2YTlCu2O7,1495.5,6.96,354.3,60.0,897.3
Ba2YTlCu2O7,1495.5,6.96,354.3,70.0,1046.8
Ba2YTlCu2O7,1495.5,6.96,354.3,80.0,1196.4
Ba2YTlCu2O7,1495.5,6.96,354.3,90.0,1345.9
Ba2YTlCu2O7,1495.5,6.96,354.3,100.0,1545.5
Ba2YUO6,2139.3,6.75,365.2,50.0,1069.6
Ba2YUO6,2139.3,6.75,365.2,60.0,1283.6
Ba2YUO6,2139.3,6.75,365.2,70.0,1497.5
Ba2YUO6,2139.3,6.75,365.2,80.0,1711.4
Ba2YUO6,2139.3,6.75,365.2,90.0,1925.4
Ba2YUO6,2139.3,6.75,365.2,100.0,2189.3
Ba2YWO6,1907.1,6.89,357.4,50.0,953.5
Ba2YWO6,1907.1,6.89,357.4,60.0,1144.2
Ba2YWO6,1907.1,6.89,357.4,70.0,1335.0
Ba2YWO6,1907.1,6.89,357.4,80.0,1525.7
Ba2YWO6,1907.1,6.89,357.4,90.0,1716.4
Ba2YWO6,1907.1,6.89,357.4,100.0,1957.1
Ba2YbBiO6,1716.1,8.0,308.5,50.0,858.0
Ba2YbBiO6,1716.1,8.0,308.5,60.0,1029.6
Ba2YbBiO6,1716.1,8.0,308.5,70.0,1201.2
Ba2YbBiO6,1716.1,8.0,308.5,80.0,1372.8
Ba2YbBiO6,1716.1,8.0,308.5,90.0,1544.5
Ba2YbBiO6,1716.1,8.0,308.5,100.0,1766.1
Ba2YbMoO6,1902.1,7.34,336.1,50.0,951.1
Ba2YbMoO6,1902.1,7.34,336.1,60.0,1141.3
Ba2YbMoO6,1902.1,7.34,336.1,70.0,1331.5
Ba2YbMoO6,1902.1,7.34,336.1,80.0,1521.7
Ba2YbMoO6,1902.1,7.34,336.1,90.0,1711.9
Ba2YbMoO6,1902.1,7.34,336.1,100.0,1952.1
Ba2YbNbO6,2019.1,7.08,348.3,50.0,1009.5
Ba2YbNbO6,2019.1,7.08,348.3,60.0,1211.5
Ba2YbNbO6,2019.1,7.08,348.3,70.0,1413.4
Ba2YbNbO6,2019.1,7.08,348.3,80.0,1615.3
Ba2YbNbO6,2019.1,7.08,348.3,90.0,1817.2
Ba2YbNbO6,2019.1,7.08,348.3,100.0,2069.1
Ba2YbPaO6,2152.0,7.75,318.4,50.0,1076.0
Ba2YbPaO6,2152.0,7.75,318.4,60.0,1291.2
Ba2YbPaO6,2152.0,7.75,318.4,70.0,1506.4
Ba2YbPaO6,2152.0,7.75,318.4,80.0,1721.6
Ba2YbPaO6,2152.0,7.75,318.4,90.0,1936.8
Ba2YbPaO6,2152.0,7.75,318.4,100.0,2202.0
Ba2YbReO6,1820.3,8.37,295.1,50.0,910.1
Ba2YbReO6,1820.3,8.37,295.1,60.0,1092.2
Ba2YbReO6,1820.3,8.37,295.1,70.0,1274.2
Ba2YbReO6,1820.3,8.37,295.1,80.0,1456.2
Ba2YbReO6,1820.3,8.37,295.1,90.0,1638.2
Ba2YbReO6,1820.3,8.37,295.1,100.0,1870.3
Ba2YbRuO6,1751.9,7.51,328.6,50.0,876.0
Ba2YbRuO6,1751.9,7.51,328.6,60.0,1051.2
Ba2YbRuO6,1751.9,7.51,328.6,70.0,1226.3
Ba2YbRuO6,1751.9,7.51,328.6,80.0,1401.5
Ba2YbRuO6,1751.9,7.51,328.6,90.0,1576.7
Ba2YbRuO6,1751.9,7.51,328.6,100.0,1801.9
Ba2YbSbO6,1849.1,7.54,327.4,50.0,924.6
Ba2YbSbO6,1849.1,7.54,327.4,60.0,1109.5
Ba2YbSbO6,1849.1,7.54,327.4,70.0,1294.4
Ba2YbSbO6,1849.1,7.54,327.4,80.0,1479.3
Ba2YbSbO6,1849.1,7.54,327.4,90.0,1664.2
Ba2YbSbO6,1849.1,7.54,327.4,100.0,1899.1
Ba2YbTaO6,2079.3,8.13,303.6,50.0,1039.7
Ba2YbTaO6,2079.3,8.13,303.6,60.0,1247.6
Ba2YbTaO6,2079.3,8.13,303.6,70.0,1455.5
Ba2YbTaO6,2079.3,8.13,303.6,80.0,1663.5
Ba2YbTaO6,2079.3,8.13,303.6,90.0,1871.4
Ba2YbTaO6,2079.3,8.13,303.6,100.0,2129.3
Ba2YbUO6,2128.3,7.98,309.6,50.0,1064.2
Ba2YbUO6,2128.3,7.98,309.6,60.0,1277.0
Ba2YbUO6,2128.3,7.98,309.6,70.0,1489.8
Ba2YbUO6,2128.3,7.98,309.6,80.0,1702.6
Ba2YbUO6,2128.3,7.98,309.6,90.0,1915.5
Ba2YbUO6,2128.3,7.98,309.6,100.0,2178.3
Ba2Zn,565.0,4.3,567.8,50.0,282.5
Ba2Zn,565.0,4.3,567.8,60.0,339.0
Ba2Zn,565.0,4.3,567.8,70.0,395.5
Ba2Zn,565.0,4.3,567.8,80.0,452.0
Ba2Zn,565.0,4.3,567.8,90.0,508.5
Ba2Zn,565.0,4.3,567.8,100.0,615.0
Ba2Zn(BO3)2,1807.9,4.37,558.7,50.0,904.0
Ba2Zn(BO3)2,1807.9,4.37,558.7,60.0,1084.8
Ba2Zn(BO3)2,1807.9,4.37,558.7,70.0,1265.5
Ba2Zn(BO3)2,1807.9,4.37,558.7,80.0,1446.3
Ba2Zn(BO3)2,1807.9,4.37,558.7,90.0,1627.1
Ba2Zn(BO3)2,1807.9,4.37,558.7,100.0,1857.9
Ba2Zn2Cr7Ga2(SnO11)2,1575.6,5.56,441.4,50.0,787.8
Ba2Zn2Cr7Ga2(SnO11)2,1575.6,5.56,441.4,60.0,945.4
Ba2Zn2Cr7Ga2(SnO11)2,1575.6,5.56,441.4,70.0,1102.9
Ba2Zn2Cr7Ga2(SnO11)2,1575.6,5.56,441.4,80.0,1260.5
Ba2Zn2Cr7Ga2(SnO11)2,1575.6,5.56,441.4,90.0,1418.1
Ba2Zn2Cr7Ga2(SnO11)2,1575.6,5.56,441.4,100.0,1625.6
Ba2Zn2TeP2O11,1687.8,4.58,534.6,50.0,843.9
Ba2Zn2TeP2O11,1687.8,4.58,534.6,60.0,1012.7
Ba2Zn2TeP2O11,1687.8,4.58,534.6,70.0,1181.4
Ba2Zn2TeP2O11,1687.8,4.58,534.6,80.0,1350.2
Ba2Zn2TeP2O11,1687.8,4.58,534.6,90.0,1519.0
Ba2Zn2TeP2O11,1687.8,4.58,534.6,100.0,1737.8
Ba2Zn7F18,1831.9,5.2,471.5,50.0,915.9
Ba2Zn7F18,1831.9,5.2,471.5,60.0,1099.1
Ba2Zn7F18,1831.9,5.2,471.5,70.0,1282.3
Ba2Zn7F18,1831.9,5.2,471.5,80.0,1465.5
Ba2Zn7F18,1831.9,5.2,471.5,90.0,1648.7
Ba2Zn7F18,1831.9,5.2,471.5,100.0,1881.9
Ba2ZnAs2,925.6,5.24,468.0,50.0,462.8
Ba2ZnAs2,925.6,5.24,468.0,60.0,555.4
Ba2ZnAs2,925.6,5.24,468.0,70.0,647.9
Ba2ZnAs2,925.6,5.24,468.0,80.0,740.5
Ba2ZnAs2,925.6,5.24,468.0,90.0,833.1
Ba2ZnAs2,925.6,5.24,468.0,100.0,975.6
Ba2ZnBi2,833.4,6.55,375.9,50.0,416.7
Ba2ZnBi2,833.4,6.55,375.9,60.0,500.0
Ba2ZnBi2,833.4,6.55,375.9,70.0,583.4
Ba2ZnBi2,833.4,6.55,375.9,80.0,666.7
Ba2ZnBi2,833.4,6.55,375.9,90.0,750.0
Ba2ZnBi2,833.4,6.55,375.9,100.0,883.4
Ba2ZnCu3F14,1678.5,4.97,492.9,50.0,839.2
Ba2ZnCu3F14,1678.5,4.97,492.9,60.0,1007.1
Ba2ZnCu3F14,1678.5,4.97,492.9,70.0,1174.9
Ba2ZnCu3F14,1678.5,4.97,492.9,80.0,1342.8
Ba2ZnCu3F14,1678.5,4.97,492.9,90.0,1510.6
Ba2ZnCu3F14,1678.5,4.97,492.9,100.0,1728.5
Ba2ZnGe2O7,1661.1,4.88,501.6,50.0,830.5
Ba2ZnGe2O7,1661.1,4.88,501.6,60.0,996.6
Ba2ZnGe2O7,1661.1,4.88,501.6,70.0,1162.7
Ba2ZnGe2O7,1661.1,4.88,501.6,80.0,1328.9
Ba2ZnGe2O7,1661.1,4.88,501.6,90.0,1495.0
Ba2ZnGe2O7,1661.1,4.88,501.6,100.0,1711.1
Ba2ZnGe2S6O,1209.8,3.72,655.2,50.0,604.9
Ba2ZnGe2S6O,1209.8,3.72,655.2,60.0,725.9
Ba2ZnGe2S6O,1209.8,3.72,655.2,70.0,846.8
Ba2ZnGe2S6O,1209.8,3.72,655.2,80.0,967.8
Ba2ZnGe2S6O,1209.8,3.72,655.2,90.0,1088.8
Ba2ZnGe2S6O,1209.8,3.72,655.2,100.0,1259.8
Ba2ZnMoO6,1643.1,6.31,389.8,50.0,821.6
Ba2ZnMoO6,1643.1,6.31,389.8,60.0,985.9
Ba2ZnMoO6,1643.1,6.31,389.8,70.0,1150.2
Ba2ZnMoO6,1643.1,6.31,389.8,80.0,1314.5
Ba2ZnMoO6,1643.1,6.31,389.8,90.0,1478.8
Ba2ZnMoO6,1643.1,6.31,389.8,100.0,1693.1
Ba2ZnN2,755.2,5.35,459.1,50.0,377.6
Ba2ZnN2,755.2,5.35,459.1,60.0,453.1
Ba2ZnN2,755.2,5.35,459.1,70.0,528.7
Ba2ZnN2,755.2,5.35,459.1,80.0,604.2
Ba2ZnN2,755.2,5.35,459.1,90.0,679.7
Ba2ZnN2,755.2,5.35,459.1,100.0,805.2
Ba2ZnO3,1640.4,6.07,405.5,50.0,820.2
Ba2ZnO3,1640.4,6.07,405.5,60.0,984.3
Ba2ZnO3,1640.4,6.07,405.5,70.0,1148.3
Ba2ZnO3,1640.4,6.07,405.5,80.0,1312.4
Ba2ZnO3,1640.4,6.07,405.5,90.0,1476.4
Ba2ZnO3,1640.4,6.07,405.5,100.0,1690.4
Ba2ZnOsO6,1532.8,7.75,318.3,50.0,766.4
Ba2ZnOsO6,1532.8,7.75,318.3,60.0,919.7
Ba2ZnOsO6,1532.8,7.75,318.3,70.0,1073.0
Ba2ZnOsO6,1532.8,7.75,318.3,80.0,1226.3
Ba2ZnOsO6,1532.8,7.75,318.3,90.0,1379.6
Ba2ZnOsO6,1532.8,7.75,318.3,100.0,1582.8
Ba2ZnS3,1360.5,4.43,551.4,50.0,680.3
Ba2ZnS3,1360.5,4.43,551.4,60.0,816.3
Ba2ZnS3,1360.5,4.43,551.4,70.0,952.4
Ba2ZnS3,1360.5,4.43,551.4,80.0,1088.4
Ba2ZnS3,1360.5,4.43,551.4,90.0,1224.5
Ba2ZnS3,1360.5,4.43,551.4,100.0,1410.5
Ba2ZnSb2,927.8,5.31,462.2,50.0,463.9
Ba2ZnSb2,927.8,5.31,462.2,60.0,556.7
Ba2ZnSb2,927.8,5.31,462.2,70.0,649.5
Ba2ZnSb2,927.8,5.31,462.2,80.0,742.2
Ba2ZnSb2,927.8,5.31,462.2,90.0,835.0
Ba2ZnSb2,927.8,5.31,462.2,100.0,977.8
Ba2ZnSi2O7,1915.8,4.55,537.8,50.0,957.9
Ba2ZnSi2O7,1915.8,4.55,537.8,60.0,1149.5
Ba2ZnSi2O7,1915.8,4.55,537.8,70.0,1341.1
Ba2ZnSi2O7,1915.8,4.55,537.8,80.0,1532.6
Ba2ZnSi2O7,1915.8,4.55,537.8,90.0,1724.2
Ba2ZnSi2O7,1915.8,4.55,537.8,100.0,1965.8
Ba2ZnTeO6,1565.4,6.64,371.1,50.0,782.7
Ba2ZnTeO6,1565.4,6.64,371.1,60.0,939.2
Ba2ZnTeO6,1565.4,6.64,371.1,70.0,1095.8
Ba2ZnTeO6,1565.4,6.64,371.1,80.0,1252.3
Ba2ZnTeO6,1565.4,6.64,371.1,90.0,1408.8
Ba2ZnTeO6,1565.4,6.64,371.1,100.0,1615.4
Ba2ZnWO6,1694.6,7.3,337.6,50.0,847.3
Ba2ZnWO6,1694.6,7.3,337.6,60.0,1016.7
Ba2ZnWO6,1694.6,7.3,337.6,70.0,1186.2
Ba2ZnWO6,1694.6,7.3,337.6,80.0,1355.7
Ba2ZnWO6,1694.6,7.3,337.6,90.0,1525.1
Ba2ZnWO6,1694.6,7.3,337.6,100.0,1744.6
Ba2Zr6BCl17,1546.2,3.41,711.9,50.0,773.1
Ba2Zr6BCl17,1546.2,3.41,711.9,60.0,927.7
Ba2Zr6BCl17,1546.2,3.41,711.9,70.0,1082.3
Ba2Zr6BCl17,1546.2,3.41,711.9,80.0,1236.9
Ba2Zr6BCl17,1546.2,3.41,711.9,90.0,1391.6
Ba2Zr6BCl17,1546.2,3.41,711.9,100.0,1596.2
Ba2ZrF8,2372.5,5.29,463.6,50.0,1186.3
Ba2ZrF8,2372.5,5.29,463.6,60.0,1423.5
Ba2ZrF8,2372.5,5.29,463.6,70.0,1660.8
Ba2ZrF8,2372.5,5.29,463.6,80.0,1898.0
Ba2ZrF8,2372.5,5.29,463.6,90.0,2135.3
Ba2ZrF8,2372.5,5.29,463.6,100.0,2422.5
Ba2ZrO4,2043.9,5.96,412.5,50.0,1021.9
Ba2ZrO4,2043.9,5.96,412.5,60.0,1226.3
Ba2ZrO4,2043.9,5.96,412.5,70.0,1430.7
Ba2ZrO4,2043.9,5.96,412.5,80.0,1635.1
Ba2ZrO4,2043.9,5.96,412.5,90.0,1839.5
Ba2ZrO4,2043.9,5.96,412.5,100.0,2093.9
Ba2ZrSnO6,1912.7,6.42,383.3,50.0,956.3
Ba2ZrSnO6,1912.7,6.42,383.3,60.0,1147.6
Ba2ZrSnO6,1912.7,6.42,383.3,70.0,1338.9
Ba2ZrSnO6,1912.7,6.42,383.3,80.0,1530.2
Ba2ZrSnO6,1912.7,6.42,383.3,90.0,1721.4
Ba2ZrSnO6,1912.7,6.42,383.3,100.0,1962.7
Ba3(AlAs2)2,927.7,4.75,516.0,50.0,463.8
Ba3(AlAs2)2,927.7,4.75,516.0,60.0,556.6
Ba3(AlAs2)2,927.7,4.75,516.0,70.0,649.4
Ba3(AlAs2)2,927.7,4.75,516.0,80.0,742.1
Ba3(AlAs2)2,927.7,4.75,516.0,90.0,834.9
Ba3(AlAs2)2,927.7,4.75,516.0,100.0,977.7
Ba3(AlGe)2,715.2,4.49,544.6,50.0,357.6
Ba3(AlGe)2,715.2,4.49,544.6,60.0,429.1
Ba3(AlGe)2,715.2,4.49,544.6,70.0,500.7
Ba3(AlGe)2,715.2,4.49,544.6,80.0,572.2
Ba3(AlGe)2,715.2,4.49,544.6,90.0,643.7
Ba3(AlGe)2,715.2,4.49,544.6,100.0,765.2
Ba3(AlN2)2,965.1,5.35,458.8,50.0,482.6
Ba3(AlN2)2,965.1,5.35,458.8,60.0,579.1
Ba3(AlN2)2,965.1,5.35,458.8,70.0,675.6
Ba3(AlN2)2,965.1,5.35,458.8,80.0,772.1
Ba3(AlN2)2,965.1,5.35,458.8,90.0,868.6
Ba3(AlN2)2,965.1,5.35,458.8,100.0,1015.1
Ba3(AlP2)2,933.6,3.93,619.7,50.0,466.8
Ba3(AlP2)2,933.6,3.93,619.7,60.0,560.2
Ba3(AlP2)2,933.6,3.93,619.7,70.0,653.6
Ba3(AlP2)2,933.6,3.93,619.7,80.0,746.9
Ba3(AlP2)2,933.6,3.93,619.7,90.0,840.3
Ba3(AlP2)2,933.6,3.93,619.7,100.0,983.6
Ba3(AlPt)4,888.3,8.05,306.8,50.0,444.1
Ba3(AlPt)4,888.3,8.05,306.8,60.0,533.0
Ba3(AlPt)4,888.3,8.05,306.8,70.0,621.8
Ba3(AlPt)4,888.3,8.05,306.8,80.0,710.6
Ba3(AlPt)4,888.3,8.05,306.8,90.0,799.5
Ba3(AlPt)4,888.3,8.05,306.8,100.0,938.3
Ba3(AlSi)2,655.4,3.89,626.4,50.0,327.7
Ba3(AlSi)2,655.4,3.89,626.4,60.0,393.2
Ba3(AlSi)2,655.4,3.89,626.4,70.0,458.8
Ba3(AlSi)2,655.4,3.89,626.4,80.0,524.3
Ba3(AlSi)2,655.4,3.89,626.4,90.0,589.8
Ba3(AlSi)2,655.4,3.89,626.4,100.0,705.4
Ba3(AlSn)2,733.9,4.6,531.6,50.0,366.9
Ba3(AlSn)2,733.9,4.6,531.6,60.0,440.3
Ba3(AlSn)2,733.9,4.6,531.6,70.0,513.7
Ba3(AlSn)2,733.9,4.6,531.6,80.0,587.1
Ba3(AlSn)2,733.9,4.6,531.6,90.0,660.5
Ba3(AlSn)2,733.9,4.6,531.6,100.0,783.9
Ba3(AsO4)2,1710.6,5.5,446.4,50.0,855.3
Ba3(AsO4)2,1710.6,5.5,446.4,60.0,1026.4
Ba3(AsO4)2,1710.6,5.5,446.4,70.0,1197.4
Ba3(AsO4)2,1710.6,5.5,446.4,80.0,1368.5
Ba3(AsO4)2,1710.6,5.5,446.4,90.0,1539.6
Ba3(AsO4)2,1710.6,5.5,446.4,100.0,1760.6
Ba3(BN2)2,1029.8,4.59,533.0,50.0,514.9
Ba3(BN2)2,1029.8,4.59,533.0,60.0,617.9
Ba3(BN2)2,1029.8,4.59,533.0,70.0,720.9
Ba3(BN2)2,1029.8,4.59,533.0,80.0,823.8
Ba3(BN2)2,1029.8,4.59,533.0,90.0,926.8
Ba3(BN2)2,1029.8,4.59,533.0,100.0,1079.8
Ba3(BO3)2,1917.9,4.91,498.7,50.0,958.9
Ba3(BO3)2,1917.9,4.91,498.7,60.0,1150.7
Ba3(BO3)2,1917.9,4.91,498.7,70.0,1342.5
Ba3(BO3)2,1917.9,4.91,498.7,80.0,1534.3
Ba3(BO3)2,1917.9,4.91,498.7,90.0,1726.1
Ba3(BO3)2,1917.9,4.91,498.7,100.0,1967.9
Ba3(CdAs2)2,874.4,5.7,431.3,50.0,437.2
Ba3(CdAs2)2,874.4,5.7,431.3,60.0,524.7
Ba3(CdAs2)2,874.4,5.7,431.3,70.0,612.1
Ba3(CdAs2)2,874.4,5.7,431.3,80.0,699.5
Ba3(CdAs2)2,874.4,5.7,431.3,90.0,787.0
Ba3(CdAs2)2,874.4,5.7,431.3,100.0,924.4
Ba3(CdSb2)2,881.1,5.78,424.8,50.0,440.6
Ba3(CdSb2)2,881.1,5.78,424.8,60.0,528.7
Ba3(CdSb2)2,881.1,5.78,424.8,70.0,616.8
Ba3(CdSb2)2,881.1,5.78,424.8,80.0,704.9
Ba3(CdSb2)2,881.1,5.78,424.8,90.0,793.0
Ba3(CdSb2)2,881.1,5.78,424.8,100.0,931.1
Ba3(GaS3)2,1306.6,4.06,600.7,50.0,653.3
Ba3(GaS3)2,1306.6,4.06,600.7,60.0,784.0
Ba3(GaS3)2,1306.6,4.06,600.7,70.0,914.6
Ba3(GaS3)2,1306.6,4.06,600.7,80.0,1045.3
Ba3(GaS3)2,1306.6,4.06,600.7,90.0,1175.9
Ba3(GaS3)2,1306.6,4.06,600.7,100.0,1356.6
Ba3(Ge4Ir)4,672.1,7.88,313.5,50.0,336.0
Ba3(Ge4Ir)4,672.1,7.88,313.5,60.0,403.2
Ba3(Ge4Ir)4,672.1,7.88,313.5,70.0,470.4
Ba3(Ge4Ir)4,672.1,7.88,313.5,80.0,537.7
Ba3(Ge4Ir)4,672.1,7.88,313.5,90.0,604.9
Ba3(Ge4Ir)4,672.1,7.88,313.5,100.0,722.1
Ba3(GeN)2,808.6,5.25,467.1,50.0,404.3
Ba3(GeN)2,808.6,5.25,467.1,60.0,485.1
Ba3(GeN)2,808.6,5.25,467.1,70.0,566.0
Ba3(GeN)2,808.6,5.25,467.1,80.0,646.9
Ba3(GeN)2,808.6,5.25,467.1,90.0,727.7
Ba3(GeN)2,808.6,5.25,467.1,100.0,858.6
Ba3(H6Ir)2,803.7,5.74,428.2,50.0,401.9
Ba3(H6Ir)2,803.7,5.74,428.2,60.0,482.2
Ba3(H6Ir)2,803.7,5.74,428.2,70.0,562.6
Ba3(H6Ir)2,803.7,5.74,428.2,80.0,643.0
Ba3(H6Ir)2,803.7,5.74,428.2,90.0,723.3
Ba3(H6Ir)2,803.7,5.74,428.2,100.0,853.7
Ba3(InP2)2,853.6,4.6,531.6,50.0,426.8
Ba3(InP2)2,853.6,4.6,531.6,60.0,512.2
Ba3(InP2)2,853.6,4.6,531.6,70.0,597.5
Ba3(InP2)2,853.6,4.6,531.6,80.0,682.9
Ba3(InP2)2,853.6,4.6,531.6,90.0,768.3
Ba3(InP2)2,853.6,4.6,531.6,100.0,903.6
Ba3(LiAs)4,915.7,4.55,538.0,50.0,457.8
Ba3(LiAs)4,915.7,4.55,538.0,60.0,549.4
Ba3(LiAs)4,915.7,4.55,538.0,70.0,641.0
Ba3(LiAs)4,915.7,4.55,538.0,80.0,732.6
Ba3(LiAs)4,915.7,4.55,538.0,90.0,824.1
Ba3(LiAs)4,915.7,4.55,538.0,100.0,965.7
Ba3(LiBi)4,846.6,6.23,395.1,50.0,423.3
Ba3(LiBi)4,846.6,6.23,395.1,60.0,508.0
Ba3(LiBi)4,846.6,6.23,395.1,70.0,592.6
Ba3(LiBi)4,846.6,6.23,395.1,80.0,677.3
Ba3(LiBi)4,846.6,6.23,395.1,90.0,761.9
Ba3(LiBi)4,846.6,6.23,395.1,100.0,896.6
Ba3(LiSb)4,928.9,4.78,512.5,50.0,464.4
Ba3(LiSb)4,928.9,4.78,512.5,60.0,557.3
Ba3(LiSb)4,928.9,4.78,512.5,70.0,650.2
Ba3(LiSb)4,928.9,4.78,512.5,80.0,743.1
Ba3(LiSb)4,928.9,4.78,512.5,90.0,836.0
Ba3(LiSb)4,928.9,4.78,512.5,100.0,978.9
Ba3(LiSn2)4,733.6,5.37,456.8,50.0,366.8
Ba3(LiSn2)4,733.6,5.37,456.8,60.0,440.1
Ba3(LiSn2)4,733.6,5.37,456.8,70.0,513.5
Ba3(LiSn2)4,733.6,5.37,456.8,80.0,586.8
Ba3(LiSn2)4,733.6,5.37,456.8,90.0,660.2
Ba3(LiSn2)4,733.6,5.37,456.8,100.0,783.6
Ba3(NaSb2)2,900.0,4.73,518.0,50.0,450.0
Ba3(NaSb2)2,900.0,4.73,518.0,60.0,540.0
Ba3(NaSb2)2,900.0,4.73,518.0,70.0,630.0
Ba3(NaSb2)2,900.0,4.73,518.0,80.0,720.0
Ba3(NaSb2)2,900.0,4.73,518.0,90.0,810.0
Ba3(NaSb2)2,900.0,4.73,518.0,100.0,950.0
Ba3(PO4)2,1982.5,5.17,474.1,50.0,991.2
Ba3(PO4)2,1982.5,5.17,474.1,60.0,1189.5
Ba3(PO4)2,1982.5,5.17,474.1,70.0,1387.7
Ba3(PO4)2,1982.5,5.17,474.1,80.0,1586.0
Ba3(PO4)2,1982.5,5.17,474.1,90.0,1784.2
Ba3(PO4)2,1982.5,5.17,474.1,100.0,2032.5
Ba3(PS4)2,1205.3,3.52,690.2,50.0,602.6
Ba3(PS4)2,1205.3,3.52,690.2,60.0,723.2
Ba3(PS4)2,1205.3,3.52,690.2,70.0,843.7
Ba3(PS4)2,1205.3,3.52,690.2,80.0,964.2
Ba3(PS4)2,1205.3,3.52,690.2,90.0,1084.8
Ba3(PS4)2,1205.3,3.52,690.2,100.0,1255.3
Ba3(RhO2)14,1175.5,6.85,359.5,50.0,587.7
Ba3(RhO2)14,1175.5,6.85,359.5,60.0,705.3
Ba3(RhO2)14,1175.5,6.85,359.5,70.0,822.8
Ba3(RhO2)14,1175.5,6.85,359.5,80.0,940.4
Ba3(RhO2)14,1175.5,6.85,359.5,90.0,1057.9
Ba3(RhO2)14,1175.5,6.85,359.5,100.0,1225.5
Ba3(SbO3)2,1657.8,5.5,446.2,50.0,828.9
Ba3(SbO3)2,1657.8,5.5,446.2,60.0,994.7
Ba3(SbO3)2,1657.8,5.5,446.2,70.0,1160.5
Ba3(SbO3)2,1657.8,5.5,446.2,80.0,1326.3
Ba3(SbO3)2,1657.8,5.5,446.2,90.0,1492.0
Ba3(SbO3)2,1657.8,5.5,446.2,100.0,1707.8
Ba3(Si2P3)2,795.2,3.7,658.7,50.0,397.6
Ba3(Si2P3)2,795.2,3.7,658.7,60.0,477.1
Ba3(Si2P3)2,795.2,3.7,658.7,70.0,556.6
Ba3(Si2P3)2,795.2,3.7,658.7,80.0,636.2
Ba3(Si2P3)2,795.2,3.7,658.7,90.0,715.7
Ba3(Si2P3)2,795.2,3.7,658.7,100.0,845.2
Ba3(SiAs2)2,861.0,4.57,535.5,50.0,430.5
Ba3(SiAs2)2,861.0,4.57,535.5,60.0,516.6
Ba3(SiAs2)2,861.0,4.57,535.5,70.0,602.7
Ba3(SiAs2)2,861.0,4.57,535.5,80.0,688.8
Ba3(SiAs2)2,861.0,4.57,535.5,90.0,774.9
Ba3(SiAs2)2,861.0,4.57,535.5,100.0,911.0
Ba3(SnAs2)2,867.3,5.19,472.8,50.0,433.7
Ba3(SnAs2)2,867.3,5.19,472.8,60.0,520.4
Ba3(SnAs2)2,867.3,5.19,472.8,70.0,607.1
Ba3(SnAs2)2,867.3,5.19,472.8,80.0,693.9
Ba3(SnAs2)2,867.3,5.19,472.8,90.0,780.6
Ba3(SnAs2)2,867.3,5.19,472.8,100.0,917.3
Ba3(SnP2)2,843.8,4.53,539.8,50.0,421.9
Ba3(SnP2)2,843.8,4.53,539.8,60.0,506.3
Ba3(SnP2)2,843.8,4.53,539.8,70.0,590.6
Ba3(SnP2)2,843.8,4.53,539.8,80.0,675.0
Ba3(SnP2)2,843.8,4.53,539.8,90.0,759.4
Ba3(SnP2)2,843.8,4.53,539.8,100.0,893.8
Ba3(TaS4)2,1329.2,5.09,481.7,50.0,664.6
Ba3(TaS4)2,1329.2,5.09,481.7,60.0,797.5
Ba3(TaS4)2,1329.2,5.09,481.7,70.0,930.5
Ba3(TaS4)2,1329.2,5.09,481.7,80.0,1063.4
Ba3(TaS4)2,1329.2,5.09,481.7,90.0,1196.3
Ba3(TaS4)2,1329.2,5.09,481.7,100.0,1379.2
Ba3(ZnAs2)2,882.2,5.47,449.1,50.0,441.1
Ba3(ZnAs2)2,882.2,5.47,449.1,60.0,529.3
Ba3(ZnAs2)2,882.2,5.47,449.1,70.0,617.5
Ba3(ZnAs2)2,882.2,5.47,449.1,80.0,705.8
Ba3(ZnAs2)2,882.2,5.47,449.1,90.0,794.0
Ba3(ZnAs2)2,882.2,5.47,449.1,100.0,932.2
Ba32Sb7Pb25O96,1501.1,7.62,323.7,50.0,750.6
Ba32Sb7Pb25O96,1501.1,7.62,323.7,60.0,900.7
Ba32Sb7Pb25O96,1501.1,7.62,323.7,70.0,1050.8
Ba32Sb7Pb25O96,1501.1,7.62,323.7,80.0,1200.9
Ba32Sb7Pb25O96,1501.1,7.62,323.7,90.0,1351.0
Ba32Sb7Pb25O96,1501.1,7.62,323.7,100.0,1551.1
Ba3Ag2,601.2,4.99,491.4,50.0,300.6
Ba3Ag2,601.2,4.99,491.4,60.0,360.7
Ba3Ag2,601.2,4.99,491.4,70.0,420.8
Ba3Ag2,601.2,4.99,491.4,80.0,480.9
Ba3Ag2,601.2,4.99,491.4,90.0,541.1
Ba3Ag2,601.2,4.99,491.4,100.0,651.2
Ba3Al2B10H4O23,1781.0,3.02,801.7,50.0,890.5
Ba3Al2B10H4O23,1781.0,3.02,801.7,60.0,1068.6
Ba3Al2B10H4O23,1781.0,3.02,801.7,70.0,1246.7
Ba3Al2B10H4O23,1781.0,3.02,801.7,80.0,1424.8
Ba3Al2B10H4O23,1781.0,3.02,801.7,90.0,1602.9
Ba3Al2B10H4O23,1781.0,3.02,801.7,100.0,1831.0
Ba3Al2F12,2332.7,4.81,509.2,50.0,1166.4
Ba3Al2F12,2332.7,4.81,509.2,60.0,1399.6
Ba3Al2F12,2332.7,4.81,509.2,70.0,1632.9
Ba3Al2F12,2332.7,4.81,509.2,80.0,1866.2
Ba3Al2F12,2332.7,4.81,509.2,90.0,2099.5
Ba3Al2F12,2332.7,4.81,509.2,100.0,2382.7
Ba3Al3As5,897.1,4.38,557.6,50.0,448.6
Ba3Al3As5,897.1,4.38,557.6,60.0,538.3
Ba3Al3As5,897.1,4.38,557.6,70.0,628.0
Ba3Al3As5,897.1,4.38,557.6,80.0,717.7
Ba3Al3As5,897.1,4.38,557.6,90.0,807.4
Ba3Al3As5,897.1,4.38,557.6,100.0,947.1
Ba3Al3Ga2,654.4,4.62,530.0,50.0,327.2
Ba3Al3Ga2,654.4,4.62,530.0,60.0,392.7
Ba3Al3Ga2,654.4,4.62,530.0,70.0,458.1
Ba3Al3Ga2,654.4,4.62,530.0,80.0,523.5
Ba3Al3Ga2,654.4,4.62,530.0,90.0,589.0
Ba3Al3Ga2,654.4,4.62,530.0,100.0,704.4
Ba3Al3P5,915.8,3.53,688.9,50.0,457.9
Ba3Al3P5,915.8,3.53,688.9,60.0,549.5
Ba3Al3P5,915.8,3.53,688.9,70.0,641.1
Ba3Al3P5,915.8,3.53,688.9,80.0,732.7
Ba3Al3P5,915.8,3.53,688.9,90.0,824.2
Ba3Al3P5,915.8,3.53,688.9,100.0,965.8
Ba3AlAs3,969.1,4.73,517.3,50.0,484.5
Ba3AlAs3,969.1,4.73,517.3,60.0,581.5
Ba3AlAs3,969.1,4.73,517.3,70.0,678.4
Ba3AlAs3,969.1,4.73,517.3,80.0,775.3
Ba3AlAs3,969.1,4.73,517.3,90.0,872.2
Ba3AlAs3,969.1,4.73,517.3,100.0,1019.1
Ba3AlHO4,1742.2,5.19,472.8,50.0,871.1
Ba3AlHO4,1742.2,5.19,472.8,60.0,1045.3
Ba3AlHO4,1742.2,5.19,472.8,70.0,1219.6
Ba3AlHO4,1742.2,5.19,472.8,80.0,1393.8
Ba3AlHO4,1742.2,5.19,472.8,90.0,1568.0
Ba3AlHO4,1742.2,5.19,472.8,100.0,1792.2
Ba3AlO4,1825.2,5.24,467.8,50.0,912.6
Ba3AlO4,1825.2,5.24,467.8,60.0,1095.1
Ba3AlO4,1825.2,5.24,467.8,70.0,1277.7
Ba3AlO4,1825.2,5.24,467.8,80.0,1460.2
Ba3AlO4,1825.2,5.24,467.8,90.0,1642.7
Ba3AlO4,1825.2,5.24,467.8,100.0,1875.2
Ba3AlP3,954.8,4.07,599.6,50.0,477.4
Ba3AlP3,954.8,4.07,599.6,60.0,572.9
Ba3AlP3,954.8,4.07,599.6,70.0,668.4
Ba3AlP3,954.8,4.07,599.6,80.0,763.9
Ba3AlP3,954.8,4.07,599.6,90.0,859.3
Ba3AlP3,954.8,4.07,599.6,100.0,1004.8
Ba3AlSb3,948.1,4.82,507.6,50.0,474.1
Ba3AlSb3,948.1,4.82,507.6,60.0,568.9
Ba3AlSb3,948.1,4.82,507.6,70.0,663.7
Ba3AlSb3,948.1,4.82,507.6,80.0,758.5
Ba3AlSb3,948.1,4.82,507.6,90.0,853.3
Ba3AlSb3,948.1,4.82,507.6,100.0,998.1
Ba3As14,701.3,4.88,501.6,50.0,350.6
Ba3As14,701.3,4.88,501.6,60.0,420.8
Ba3As14,701.3,4.88,501.6,70.0,490.9
Ba3As14,701.3,4.88,501.6,80.0,561.0
Ba3As14,701.3,4.88,501.6,90.0,631.1
Ba3As14,701.3,4.88,501.6,100.0,751.3
Ba3Au2,772.7,6.91,356.5,50.0,386.4
Ba3Au2,772.7,6.91,356.5,60.0,463.6
Ba3Au2,772.7,6.91,356.5,70.0,540.9
Ba3Au2,772.7,6.91,356.5,80.0,618.2
Ba3Au2,772.7,6.91,356.5,90.0,695.4
Ba3Au2,772.7,6.91,356.5,100.0,822.7
Ba3B(BrO)3,1817.1,4.57,535.3,50.0,908.6
Ba3B(BrO)3,1817.1,4.57,535.3,60.0,1090.3
Ba3B(BrO)3,1817.1,4.57,535.3,70.0,1272.0
Ba3B(BrO)3,1817.1,4.57,535.3,80.0,1453.7
Ba3B(BrO)3,1817.1,4.57,535.3,90.0,1635.4
Ba3B(BrO)3,1817.1,4.57,535.3,100.0,1867.1
Ba3B3Pb2BrO9,1731.4,5.86,419.7,50.0,865.7
Ba3B3Pb2BrO9,1731.4,5.86,419.7,60.0,1038.8
Ba3B3Pb2BrO9,1731.4,5.86,419.7,70.0,1212.0
Ba3B3Pb2BrO9,1731.4,5.86,419.7,80.0,1385.1
Ba3B3Pb2BrO9,1731.4,5.86,419.7,90.0,1558.2
Ba3B3Pb2BrO9,1731.4,5.86,419.7,100.0,1781.4
Ba3B3Pb2ClO9,1744.5,5.58,440.4,50.0,872.2
Ba3B3Pb2ClO9,1744.5,5.58,440.4,60.0,1046.7
Ba3B3Pb2ClO9,1744.5,5.58,440.4,70.0,1221.1
Ba3B3Pb2ClO9,1744.5,5.58,440.4,80.0,1395.6
Ba3B3Pb2ClO9,1744.5,5.58,440.4,90.0,1570.0
Ba3B3Pb2ClO9,1744.5,5.58,440.4,100.0,1794.5
Ba3B6H2O13,1797.1,3.97,614.4,50.0,898.6
Ba3B6H2O13,1797.1,3.97,614.4,60.0,1078.3
Ba3B6H2O13,1797.1,3.97,614.4,70.0,1258.0
Ba3B6H2O13,1797.1,3.97,614.4,80.0,1437.7
Ba3B6H2O13,1797.1,3.97,614.4,90.0,1617.4
Ba3B6H2O13,1797.1,3.97,614.4,100.0,1847.1
Ba3B6O11F2,1943.3,4.28,571.0,50.0,971.7
Ba3B6O11F2,1943.3,4.28,571.0,60.0,1166.0
Ba3B6O11F2,1943.3,4.28,571.0,70.0,1360.3
Ba3B6O11F2,1943.3,4.28,571.0,80.0,1554.7
Ba3B6O11F2,1943.3,4.28,571.0,90.0,1749.0
Ba3B6O11F2,1943.3,4.28,571.0,100.0,1993.3
Ba3BAsO3,1639.9,4.76,514.2,50.0,819.9
Ba3BAsO3,1639.9,4.76,514.2,60.0,983.9
Ba3BAsO3,1639.9,4.76,514.2,70.0,1147.9
Ba3BAsO3,1639.9,4.76,514.2,80.0,1311.9
Ba3BAsO3,1639.9,4.76,514.2,90.0,1475.9
Ba3BAsO3,1639.9,4.76,514.2,100.0,1689.9
Ba3BPO3,1622.9,4.52,541.6,50.0,811.5
Ba3BPO3,1622.9,4.52,541.6,60.0,973.8
Ba3BPO3,1622.9,4.52,541.6,70.0,1136.1
Ba3BPO3,1622.9,4.52,541.6,80.0,1298.4
Ba3BPO3,1622.9,4.52,541.6,90.0,1460.6
Ba3BPO3,1622.9,4.52,541.6,100.0,1672.9
Ba3Bi(ClO)3,1725.0,4.87,503.4,50.0,862.5
Ba3Bi(ClO)3,1725.0,4.87,503.4,60.0,1035.0
Ba3Bi(ClO)3,1725.0,4.87,503.4,70.0,1207.5
Ba3Bi(ClO)3,1725.0,4.87,503.4,80.0,1380.0
Ba3Bi(ClO)3,1725.0,4.87,503.4,90.0,1552.5
Ba3Bi(ClO)3,1725.0,4.87,503.4,100.0,1775.0
Ba3Bi2(PO4)4,1800.9,5.22,470.2,50.0,900.4
Ba3Bi2(PO4)4,1800.9,5.22,470.2,60.0,1080.5
Ba3Bi2(PO4)4,1800.9,5.22,470.2,70.0,1260.6
Ba3Bi2(PO4)4,1800.9,5.22,470.2,80.0,1440.7
Ba3Bi2(PO4)4,1800.9,5.22,470.2,90.0,1620.8
Ba3Bi2(PO4)4,1800.9,5.22,470.2,100.0,1850.9
Ba3Bi2RuO9,1498.8,7.34,336.2,50.0,749.4
Ba3Bi2RuO9,1498.8,7.34,336.2,60.0,899.3
Ba3Bi2RuO9,1498.8,7.34,336.2,70.0,1049.2
Ba3Bi2RuO9,1498.8,7.34,336.2,80.0,1199.1
Ba3Bi2RuO9,1498.8,7.34,336.2,90.0,1348.9
Ba3Bi2RuO9,1498.8,7.34,336.2,100.0,1548.8
Ba3Bi2TeO9,1550.6,7.15,344.8,50.0,775.3
Ba3Bi2TeO9,1550.6,7.15,344.8,60.0,930.4
Ba3Bi2TeO9,1550.6,7.15,344.8,70.0,1085.4
Ba3Bi2TeO9,1550.6,7.15,344.8,80.0,1240.5
Ba3Bi2TeO9,1550.6,7.15,344.8,90.0,1395.6
Ba3Bi2TeO9,1550.6,7.15,344.8,100.0,1600.6
Ba3Bi6PbSe13,1007.4,6.67,369.4,50.0,503.7
Ba3Bi6PbSe13,1007.4,6.67,369.4,60.0,604.4
Ba3Bi6PbSe13,1007.4,6.67,369.4,70.0,705.2
Ba3Bi6PbSe13,1007.4,6.67,369.4,80.0,805.9
Ba3Bi6PbSe13,1007.4,6.67,369.4,90.0,906.7
Ba3Bi6PbSe13,1007.4,6.67,369.4,100.0,1057.4
Ba3BiIrRuO9,1470.5,7.5,328.8,50.0,735.2
Ba3BiIrRuO9,1470.5,7.5,328.8,60.0,882.3
Ba3BiIrRuO9,1470.5,7.5,328.8,70.0,1029.3
Ba3BiIrRuO9,1470.5,7.5,328.8,80.0,1176.4
Ba3BiIrRuO9,1470.5,7.5,328.8,90.0,1323.4
Ba3BiIrRuO9,1470.5,7.5,328.8,100.0,1520.5
Ba3BiN,882.0,6.01,408.9,50.0,441.0
Ba3BiN,882.0,6.01,408.9,60.0,529.2
Ba3BiN,882.0,6.01,408.9,70.0,617.4
Ba3BiN,882.0,6.01,408.9,80.0,705.6
Ba3BiN,882.0,6.01,408.9,90.0,793.8
Ba3BiN,882.0,6.01,408.9,100.0,932.0
Ba3Ca2(SiN3)2,1024.6,4.57,535.2,50.0,512.3
Ba3Ca2(SiN3)2,1024.6,4.57,535.2,60.0,614.8
Ba3Ca2(SiN3)2,1024.6,4.57,535.2,70.0,717.2
Ba3Ca2(SiN3)2,1024.6,4.57,535.2,80.0,819.7
Ba3Ca2(SiN3)2,1024.6,4.57,535.2,90.0,922.2
Ba3Ca2(SiN3)2,1024.6,4.57,535.2,100.0,1074.6
Ba3Ca3(MoN4)2,999.7,4.64,527.4,50.0,499.9
Ba3Ca3(MoN4)2,999.7,4.64,527.4,60.0,599.8
Ba3Ca3(MoN4)2,999.7,4.64,527.4,70.0,699.8
Ba3Ca3(MoN4)2,999.7,4.64,527.4,80.0,799.8
Ba3Ca3(MoN4)2,999.7,4.64,527.4,90.0,899.8
Ba3Ca3(MoN4)2,999.7,4.64,527.4,100.0,1049.7
Ba3CaBi2O9,1588.4,6.76,364.2,50.0,794.2
Ba3CaBi2O9,1588.4,6.76,364.2,60.0,953.0
Ba3CaBi2O9,1588.4,6.76,364.2,70.0,1111.9
Ba3CaBi2O9,1588.4,6.76,364.2,80.0,1270.7
Ba3CaBi2O9,1588.4,6.76,364.2,90.0,1429.5
Ba3CaBi2O9,1588.4,6.76,364.2,100.0,1638.4
Ba3CaIr2O9,1570.9,7.33,336.6,50.0,785.4
Ba3CaIr2O9,1570.9,7.33,336.6,60.0,942.5
Ba3CaIr2O9,1570.9,7.33,336.6,70.0,1099.6
Ba3CaIr2O9,1570.9,7.33,336.6,80.0,1256.7
Ba3CaIr2O9,1570.9,7.33,336.6,90.0,1413.8
Ba3CaIr2O9,1570.9,7.33,336.6,100.0,1620.9
Ba3CaNb2O9,1986.4,5.65,434.8,50.0,993.2
Ba3CaNb2O9,1986.4,5.65,434.8,60.0,1191.9
Ba3CaNb2O9,1986.4,5.65,434.8,70.0,1390.5
Ba3CaNb2O9,1986.4,5.65,434.8,80.0,1589.1
Ba3CaNb2O9,1986.4,5.65,434.8,90.0,1787.8
Ba3CaNb2O9,1986.4,5.65,434.8,100.0,2036.4
Ba3CaRu2O9,1614.9,5.75,427.4,50.0,807.5
Ba3CaRu2O9,1614.9,5.75,427.4,60.0,968.9
Ba3CaRu2O9,1614.9,5.75,427.4,70.0,1130.4
Ba3CaRu2O9,1614.9,5.75,427.4,80.0,1291.9
Ba3CaRu2O9,1614.9,5.75,427.4,90.0,1453.4
Ba3CaRu2O9,1614.9,5.75,427.4,100.0,1664.9
Ba3CaSb2O9,1743.0,5.76,426.8,50.0,871.5
Ba3CaSb2O9,1743.0,5.76,426.8,60.0,1045.8
Ba3CaSb2O9,1743.0,5.76,426.8,70.0,1220.1
Ba3CaSb2O9,1743.0,5.76,426.8,80.0,1394.4
Ba3CaSb2O9,1743.0,5.76,426.8,90.0,1568.7
Ba3CaSb2O9,1743.0,5.76,426.8,100.0,1793.0
Ba3CaTa2O9,2053.9,6.99,352.8,50.0,1026.9
Ba3CaTa2O9,2053.9,6.99,352.8,60.0,1232.3
Ba3CaTa2O9,2053.9,6.99,352.8,70.0,1437.7
Ba3CaTa2O9,2053.9,6.99,352.8,80.0,1643.1
Ba3CaTa2O9,2053.9,6.99,352.8,90.0,1848.5
Ba3CaTa2O9,2053.9,6.99,352.8,100.0,2103.9
Ba3CdIr2O9,1430.2,7.68,321.5,50.0,715.1
Ba3CdIr2O9,1430.2,7.68,321.5,60.0,858.1
Ba3CdIr2O9,1430.2,7.68,321.5,70.0,1001.2
Ba3CdIr2O9,1430.2,7.68,321.5,80.0,1144.2
Ba3CdIr2O9,1430.2,7.68,321.5,90.0,1287.2
Ba3CdIr2O9,1430.2,7.68,321.5,100.0,1480.2
Ba3CeRu2O9,1701.2,6.53,377.2,50.0,850.6
Ba3CeRu2O9,1701.2,6.53,377.2,60.0,1020.7
Ba3CeRu2O9,1701.2,6.53,377.2,70.0,1190.8
Ba3CeRu2O9,1701.2,6.53,377.2,80.0,1361.0
Ba3CeRu2O9,1701.2,6.53,377.2,90.0,1531.1
Ba3CeRu2O9,1701.2,6.53,377.2,100.0,1751.2
Ba3Co(CN)3,812.2,4.34,562.8,50.0,406.1
Ba3Co(CN)3,812.2,4.34,562.8,60.0,487.3
Ba3Co(CN)3,812.2,4.34,562.8,70.0,568.6
Ba3Co(CN)3,812.2,4.34,562.8,80.0,649.8
Ba3Co(CN)3,812.2,4.34,562.8,90.0,731.0
Ba3Co(CN)3,812.2,4.34,562.8,100.0,862.2
Ba3Co3Te(PO7)2,1624.6,4.83,506.6,50.0,812.3
Ba3Co3Te(PO7)2,1624.6,4.83,506.6,60.0,974.8
Ba3Co3Te(PO7)2,1624.6,4.83,506.6,70.0,1137.3
Ba3Co3Te(PO7)2,1624.6,4.83,506.6,80.0,1299.7
Ba3Co3Te(PO7)2,1624.6,4.83,506.6,90.0,1462.2
Ba3Co3Te(PO7)2,1624.6,4.83,506.6,100.0,1674.6
Ba3CoIr2O9,1425.3,7.74,319.1,50.0,712.7
Ba3CoIr2O9,1425.3,7.74,319.1,60.0,855.2
Ba3CoIr2O9,1425.3,7.74,319.1,70.0,997.7
Ba3CoIr2O9,1425.3,7.74,319.1,80.0,1140.3
Ba3CoIr2O9,1425.3,7.74,319.1,90.0,1282.8
Ba3CoIr2O9,1425.3,7.74,319.1,100.0,1475.3
Ba3CoSb2O9,1596.3,6.34,388.0,50.0,798.2
Ba3CoSb2O9,1596.3,6.34,388.0,60.0,957.8
Ba3CoSb2O9,1596.3,6.34,388.0,70.0,1117.4
Ba3CoSb2O9,1596.3,6.34,388.0,80.0,1277.1
Ba3CoSb2O9,1596.3,6.34,388.0,90.0,1436.7
Ba3CoSb2O9,1596.3,6.34,388.0,100.0,1646.3
Ba3Cr2MoO9,1710.8,6.06,406.1,50.0,855.4
Ba3Cr2MoO9,1710.8,6.06,406.1,60.0,1026.5
Ba3Cr2MoO9,1710.8,6.06,406.1,70.0,1197.6
Ba3Cr2MoO9,1710.8,6.06,406.1,80.0,1368.7
Ba3Cr2MoO9,1710.8,6.06,406.1,90.0,1539.8
Ba3Cr2MoO9,1710.8,6.06,406.1,100.0,1760.8
Ba3Cr2O8,1683.3,5.0,489.9,50.0,841.7
Ba3Cr2O8,1683.3,5.0,489.9,60.0,1010.0
Ba3Cr2O8,1683.3,5.0,489.9,70.0,1178.3
Ba3Cr2O8,1683.3,5.0,489.9,80.0,1346.7
Ba3Cr2O8,1683.3,5.0,489.9,90.0,1515.0
Ba3Cr2O8,1683.3,5.0,489.9,100.0,1733.3
Ba3Cr2O8,1708.6,5.18,473.5,50.0,854.3
Ba3Cr2O8,1708.6,5.18,473.5,60.0,1025.2
Ba3Cr2O8,1708.6,5.18,473.5,70.0,1196.0
Ba3Cr2O8,1708.6,5.18,473.5,80.0,1366.9
Ba3Cr2O8,1708.6,5.18,473.5,90.0,1537.8
Ba3Cr2O8,1708.6,5.18,473.5,100.0,1758.6
Ba3Cr2WO9,1745.7,6.71,367.2,50.0,872.8
Ba3Cr2WO9,1745.7,6.71,367.2,60.0,1047.4
Ba3Cr2WO9,1745.7,6.71,367.2,70.0,1222.0
Ba3Cr2WO9,1745.7,6.71,367.2,80.0,1396.5
Ba3Cr2WO9,1745.7,6.71,367.2,90.0,1571.1
Ba3Cr2WO9,1745.7,6.71,367.2,100.0,1795.7
Ba3CrN3,908.8,5.08,482.9,50.0,454.4
Ba3CrN3,908.8,5.08,482.9,60.0,545.3
Ba3CrN3,908.8,5.08,482.9,70.0,636.1
Ba3CrN3,908.8,5.08,482.9,80.0,727.0
Ba3CrN3,908.8,5.08,482.9,90.0,817.9
Ba3CrN3,908.8,5.08,482.9,100.0,958.8
Ba3Cu17AgP6,639.6,6.71,366.9,50.0,319.8
Ba3Cu17AgP6,639.6,6.71,366.9,60.0,383.8
Ba3Cu17AgP6,639.6,6.71,366.9,70.0,447.7
Ba3Cu17AgP6,639.6,6.71,366.9,80.0,511.7
Ba3Cu17AgP6,639.6,6.71,366.9,90.0,575.6
Ba3Cu17AgP6,639.6,6.71,366.9,100.0,689.6
Ba3CuRu2O9,1452.9,6.58,374.2,50.0,726.5
Ba3CuRu2O9,1452.9,6.58,374.2,60.0,871.8
Ba3CuRu2O9,1452.9,6.58,374.2,70.0,1017.1
Ba3CuRu2O9,1452.9,6.58,374.2,80.0,1162.3
Ba3CuRu2O9,1452.9,6.58,374.2,90.0,1307.6
Ba3CuRu2O9,1452.9,6.58,374.2,100.0,1502.9
Ba3Dy(BO3)3,1985.3,5.31,462.2,50.0,992.7
Ba3Dy(BO3)3,1985.3,5.31,462.2,60.0,1191.2
Ba3Dy(BO3)3,1985.3,5.31,462.2,70.0,1389.7
Ba3Dy(BO3)3,1985.3,5.31,462.2,80.0,1588.3
Ba3Dy(BO3)3,1985.3,5.31,462.2,90.0,1786.8
Ba3Dy(BO3)3,1985.3,5.31,462.2,100.0,2035.3
Ba3Dy2(PS4)4,1171.3,3.53,689.2,50.0,585.6
Ba3Dy2(PS4)4,1171.3,3.53,689.2,60.0,702.8
Ba3Dy2(PS4)4,1171.3,3.53,689.2,70.0,819.9
Ba3Dy2(PS4)4,1171.3,3.53,689.2,80.0,937.0
Ba3Dy2(PS4)4,1171.3,3.53,689.2,90.0,1054.1
Ba3Dy2(PS4)4,1171.3,3.53,689.2,100.0,1221.3
Ba3Dy2MoO9,1929.8,6.72,366.6,50.0,964.9
Ba3Dy2MoO9,1929.8,6.72,366.6,60.0,1157.9
Ba3Dy2MoO9,1929.8,6.72,366.6,70.0,1350.9
Ba3Dy2MoO9,1929.8,6.72,366.6,80.0,1543.8
Ba3Dy2MoO9,1929.8,6.72,366.6,90.0,1736.8
Ba3Dy2MoO9,1929.8,6.72,366.6,100.0,1979.8
Ba3Dy2WO9,1969.0,7.3,337.6,50.0,984.5
Ba3Dy2WO9,1969.0,7.3,337.6,60.0,1181.4
Ba3Dy2WO9,1969.0,7.3,337.6,70.0,1378.3
Ba3Dy2WO9,1969.0,7.3,337.6,80.0,1575.2
Ba3Dy2WO9,1969.0,7.3,337.6,90.0,1772.1
Ba3Dy2WO9,1969.0,7.3,337.6,100.0,2019.0
Ba3DyIrRuO9,1664.6,7.44,331.5,50.0,832.3
Ba3DyIrRuO9,1664.6,7.44,331.5,60.0,998.7
Ba3DyIrRuO9,1664.6,7.44,331.5,70.0,1165.2
Ba3DyIrRuO9,1664.6,7.44,331.5,80.0,1331.7
Ba3DyIrRuO9,1664.6,7.44,331.5,90.0,1498.1
Ba3DyIrRuO9,1664.6,7.44,331.5,100.0,1714.6
Ba3DyRu2O9,1684.8,6.81,361.7,50.0,842.4
Ba3DyRu2O9,1684.8,6.81,361.7,60.0,1010.9
Ba3DyRu2O9,1684.8,6.81,361.7,70.0,1179.4
Ba3DyRu2O9,1684.8,6.81,361.7,80.0,1347.9
Ba3DyRu2O9,1684.8,6.81,361.7,90.0,1516.4
Ba3DyRu2O9,1684.8,6.81,361.7,100.0,1734.8
Ba3Er(BO3)3,1989.0,5.37,456.7,50.0,994.5
Ba3Er(BO3)3,1989.0,5.37,456.7,60.0,1193.4
Ba3Er(BO3)3,1989.0,5.37,456.7,70.0,1392.3
Ba3Er(BO3)3,1989.0,5.37,456.7,80.0,1591.2
Ba3Er(BO3)3,1989.0,5.37,456.7,90.0,1790.1
Ba3Er(BO3)3,1989.0,5.37,456.7,100.0,2039.0
Ba3Er2(PS4)4,1168.9,3.58,679.9,50.0,584.5
Ba3Er2(PS4)4,1168.9,3.58,679.9,60.0,701.3
Ba3Er2(PS4)4,1168.9,3.58,679.9,70.0,818.2
Ba3Er2(PS4)4,1168.9,3.58,679.9,80.0,935.1
Ba3Er2(PS4)4,1168.9,3.58,679.9,90.0,1052.0
Ba3Er2(PS4)4,1168.9,3.58,679.9,100.0,1218.9
Ba3Er2MoO9,1951.6,6.94,355.1,50.0,975.8
Ba3Er2MoO9,1951.6,6.94,355.1,60.0,1171.0
Ba3Er2MoO9,1951.6,6.94,355.1,70.0,1366.1
Ba3Er2MoO9,1951.6,6.94,355.1,80.0,1561.3
Ba3Er2MoO9,1951.6,6.94,355.1,90.0,1756.4
Ba3Er2MoO9,1951.6,6.94,355.1,100.0,2001.6
Ba3ErIrRuO9,1670.4,7.54,327.1,50.0,835.2
Ba3ErIrRuO9,1670.4,7.54,327.1,60.0,1002.3
Ba3ErIrRuO9,1670.4,7.54,327.1,70.0,1169.3
Ba3ErIrRuO9,1670.4,7.54,327.1,80.0,1336.3
Ba3ErIrRuO9,1670.4,7.54,327.1,90.0,1503.4
Ba3ErIrRuO9,1670.4,7.54,327.1,100.0,1720.4
Ba3ErMn2O9,1740.0,6.35,387.9,50.0,870.0
Ba3ErMn2O9,1740.0,6.35,387.9,60.0,1044.0
Ba3ErMn2O9,1740.0,6.35,387.9,70.0,1218.0
Ba3ErMn2O9,1740.0,6.35,387.9,80.0,1392.0
Ba3ErMn2O9,1740.0,6.35,387.9,90.0,1566.0
Ba3ErMn2O9,1740.0,6.35,387.9,100.0,1790.0
Ba3ErRu2O9,1690.4,6.92,356.4,50.0,845.2
Ba3ErRu2O9,1690.4,6.92,356.4,60.0,1014.3
Ba3ErRu2O9,1690.4,6.92,356.4,70.0,1183.3
Ba3ErRu2O9,1690.4,6.92,356.4,80.0,1352.3
Ba3ErRu2O9,1690.4,6.92,356.4,90.0,1521.4
Ba3ErRu2O9,1690.4,6.92,356.4,100.0,1740.4
Ba3EuRu2O9,1618.2,6.57,375.1,50.0,809.1
Ba3EuRu2O9,1618.2,6.57,375.1,60.0,970.9
Ba3EuRu2O9,1618.2,6.57,375.1,70.0,1132.7
Ba3EuRu2O9,1618.2,6.57,375.1,80.0,1294.6
Ba3EuRu2O9,1618.2,6.57,375.1,90.0,1456.4
Ba3EuRu2O9,1618.2,6.57,375.1,100.0,1668.2
Ba3Fe2Br2O5,1599.9,4.74,516.7,50.0,800.0
Ba3Fe2Br2O5,1599.9,4.74,516.7,60.0,960.0
Ba3Fe2Br2O5,1599.9,4.74,516.7,70.0,1120.0
Ba3Fe2Br2O5,1599.9,4.74,516.7,80.0,1279.9
Ba3Fe2Br2O5,1599.9,4.74,516.7,90.0,1439.9
Ba3Fe2Br2O5,1599.9,4.74,516.7,100.0,1649.9
Ba3Fe2Cl2O5,1639.4,4.3,567.9,50.0,819.7
Ba3Fe2Cl2O5,1639.4,4.3,567.9,60.0,983.6
Ba3Fe2Cl2O5,1639.4,4.3,567.9,70.0,1147.6
Ba3Fe2Cl2O5,1639.4,4.3,567.9,80.0,1311.5
Ba3Fe2Cl2O5,1639.4,4.3,567.9,90.0,1475.4
Ba3Fe2Cl2O5,1639.4,4.3,567.9,100.0,1689.4
Ba3Fe2TeO9,1555.4,6.13,401.0,50.0,777.7
Ba3Fe2TeO9,1555.4,6.13,401.0,60.0,933.2
Ba3Fe2TeO9,1555.4,6.13,401.0,70.0,1088.8
Ba3Fe2TeO9,1555.4,6.13,401.0,80.0,1244.3
Ba3Fe2TeO9,1555.4,6.13,401.0,90.0,1399.9
Ba3Fe2TeO9,1555.4,6.13,401.0,100.0,1605.4
Ba3Fe2WO9,1635.2,6.61,372.5,50.0,817.6
Ba3Fe2WO9,1635.2,6.61,372.5,60.0,981.1
Ba3Fe2WO9,1635.2,6.61,372.5,70.0,1144.7
Ba3Fe2WO9,1635.2,6.61,372.5,80.0,1308.2
Ba3Fe2WO9,1635.2,6.61,372.5,90.0,1471.7
Ba3Fe2WO9,1635.2,6.61,372.5,100.0,1685.2
Ba3Fe4P8PbO28,1721.1,4.12,593.1,50.0,860.5
Ba3Fe4P8PbO28,1721.1,4.12,593.1,60.0,1032.6
Ba3Fe4P8PbO28,1721.1,4.12,593.1,70.0,1204.7
Ba3Fe4P8PbO28,1721.1,4.12,593.1,80.0,1376.9
Ba3Fe4P8PbO28,1721.1,4.12,593.1,90.0,1549.0
Ba3Fe4P8PbO28,1721.1,4.12,593.1,100.0,1771.1
Ba3FeN3,820.2,5.28,464.6,50.0,410.1
Ba3FeN3,820.2,5.28,464.6,60.0,492.1
Ba3FeN3,820.2,5.28,464.6,70.0,574.2
Ba3FeN3,820.2,5.28,464.6,80.0,656.2
Ba3FeN3,820.2,5.28,464.6,90.0,738.2
Ba3FeN3,820.2,5.28,464.6,100.0,870.2
Ba3FeRu2O9,1509.2,6.53,376.8,50.0,754.6
Ba3FeRu2O9,1509.2,6.53,376.8,60.0,905.5
Ba3FeRu2O9,1509.2,6.53,376.8,70.0,1056.4
Ba3FeRu2O9,1509.2,6.53,376.8,80.0,1207.4
Ba3FeRu2O9,1509.2,6.53,376.8,90.0,1358.3
Ba3FeRu2O9,1509.2,6.53,376.8,100.0,1559.2
Ba3Ga2B10H4O23,1718.5,3.27,742.2,50.0,859.3
Ba3Ga2B10H4O23,1718.5,3.27,742.2,60.0,1031.1
Ba3Ga2B10H4O23,1718.5,3.27,742.2,70.0,1203.0
Ba3Ga2B10H4O23,1718.5,3.27,742.2,80.0,1374.8
Ba3Ga2B10H4O23,1718.5,3.27,742.2,90.0,1546.7
Ba3Ga2B10H4O23,1718.5,3.27,742.2,100.0,1768.5
Ba3Ga3P5,846.2,4.24,575.5,50.0,423.1
Ba3Ga3P5,846.2,4.24,575.5,60.0,507.7
Ba3Ga3P5,846.2,4.24,575.5,70.0,592.4
Ba3Ga3P5,846.2,4.24,575.5,80.0,677.0
Ba3Ga3P5,846.2,4.24,575.5,90.0,761.6
Ba3Ga3P5,846.2,4.24,575.5,100.0,896.2
Ba3Ga4O9,1708.1,5.11,480.1,50.0,854.1
Ba3Ga4O9,1708.1,5.11,480.1,60.0,1024.9
Ba3Ga4O9,1708.1,5.11,480.1,70.0,1195.7
Ba3Ga4O9,1708.1,5.11,480.1,80.0,1366.5
Ba3Ga4O9,1708.1,5.11,480.1,90.0,1537.3
Ba3Ga4O9,1708.1,5.11,480.1,100.0,1758.1
Ba3GaAs3,950.2,4.96,493.7,50.0,475.1
Ba3GaAs3,950.2,4.96,493.7,60.0,570.1
Ba3GaAs3,950.2,4.96,493.7,70.0,665.1
Ba3GaAs3,950.2,4.96,493.7,80.0,760.1
Ba3GaAs3,950.2,4.96,493.7,90.0,855.1
Ba3GaAs3,950.2,4.96,493.7,100.0,1000.2
Ba3GaN3,790.1,5.31,461.9,50.0,395.0
Ba3GaN3,790.1,5.31,461.9,60.0,474.0
Ba3GaN3,790.1,5.31,461.9,70.0,553.0
Ba3GaN3,790.1,5.31,461.9,80.0,632.1
Ba3GaN3,790.1,5.31,461.9,90.0,711.1
Ba3GaN3,790.1,5.31,461.9,100.0,840.1
Ba3GaP3,926.1,4.4,556.1,50.0,463.0
Ba3GaP3,926.1,4.4,556.1,60.0,555.6
Ba3GaP3,926.1,4.4,556.1,70.0,648.2
Ba3GaP3,926.1,4.4,556.1,80.0,740.8
Ba3GaP3,926.1,4.4,556.1,90.0,833.5
Ba3GaP3,926.1,4.4,556.1,100.0,976.1
Ba3GaS4Br,1432.6,4.4,555.1,50.0,716.3
Ba3GaS4Br,1432.6,4.4,555.1,60.0,859.6
Ba3GaS4Br,1432.6,4.4,555.1,70.0,1002.8
Ba3GaS4Br,1432.6,4.4,555.1,80.0,1146.1
Ba3GaS4Br,1432.6,4.4,555.1,90.0,1289.3
Ba3GaS4Br,1432.6,4.4,555.1,100.0,1482.6
Ba3GaS4Cl,1458.8,4.21,579.9,50.0,729.4
Ba3GaS4Cl,1458.8,4.21,579.9,60.0,875.3
Ba3GaS4Cl,1458.8,4.21,579.9,70.0,1021.2
Ba3GaS4Cl,1458.8,4.21,579.9,80.0,1167.1
Ba3GaS4Cl,1458.8,4.21,579.9,90.0,1312.9
Ba3GaS4Cl,1458.8,4.21,579.9,100.0,1508.8
Ba3GaSb3,944.1,5.11,479.9,50.0,472.1
Ba3GaSb3,944.1,5.11,479.9,60.0,566.5
Ba3GaSb3,944.1,5.11,479.9,70.0,660.9
Ba3GaSb3,944.1,5.11,479.9,80.0,755.3
Ba3GaSb3,944.1,5.11,479.9,90.0,849.7
Ba3GaSb3,944.1,5.11,479.9,100.0,994.1
Ba3Gd2(PS4)4,1172.0,3.49,695.4,50.0,586.0
Ba3Gd2(PS4)4,1172.0,3.49,695.4,60.0,703.2
Ba3Gd2(PS4)4,1172.0,3.49,695.4,70.0,820.4
Ba3Gd2(PS4)4,1172.0,3.49,695.4,80.0,937.6
Ba3Gd2(PS4)4,1172.0,3.49,695.4,90.0,1054.8
Ba3Gd2(PS4)4,1172.0,3.49,695.4,100.0,1222.0
Ba3GdIrRuO9,1651.8,7.29,338.4,50.0,825.9
Ba3GdIrRuO9,1651.8,7.29,338.4,60.0,991.1
Ba3GdIrRuO9,1651.8,7.29,338.4,70.0,1156.2
Ba3GdIrRuO9,1651.8,7.29,338.4,80.0,1321.4
Ba3GdIrRuO9,1651.8,7.29,338.4,90.0,1486.6
Ba3GdIrRuO9,1651.8,7.29,338.4,100.0,1701.8
Ba3Ge2(B3O8)2,1801.7,4.51,542.6,50.0,900.8
Ba3Ge2(B3O8)2,1801.7,4.51,542.6,60.0,1081.0
Ba3Ge2(B3O8)2,1801.7,4.51,542.6,70.0,1261.2
Ba3Ge2(B3O8)2,1801.7,4.51,542.6,80.0,1441.3
Ba3Ge2(B3O8)2,1801.7,4.51,542.6,90.0,1621.5
Ba3Ge2(B3O8)2,1801.7,4.51,542.6,100.0,1851.7
Ba3Ge4,756.4,5.22,469.6,50.0,378.2
Ba3Ge4,756.4,5.22,469.6,60.0,453.9
Ba3Ge4,756.4,5.22,469.6,70.0,529.5
Ba3Ge4,756.4,5.22,469.6,80.0,605.2
Ba3Ge4,756.4,5.22,469.6,90.0,680.8
Ba3Ge4,756.4,5.22,469.6,100.0,806.4
Ba3Ge5,747.2,5.45,450.3,50.0,373.6
Ba3Ge5,747.2,5.45,450.3,60.0,448.3
Ba3Ge5,747.2,5.45,450.3,70.0,523.1
Ba3Ge5,747.2,5.45,450.3,80.0,597.8
Ba3Ge5,747.2,5.45,450.3,90.0,672.5
Ba3Ge5,747.2,5.45,450.3,100.0,797.2
Ba3GeI2,1105.2,4.54,538.9,50.0,552.6
Ba3GeI2,1105.2,4.54,538.9,60.0,663.1
Ba3GeI2,1105.2,4.54,538.9,70.0,773.7
Ba3GeI2,1105.2,4.54,538.9,80.0,884.2
Ba3GeI2,1105.2,4.54,538.9,90.0,994.7
Ba3GeI2,1105.2,4.54,538.9,100.0,1155.2
Ba3GeO,1147.9,5.25,467.5,50.0,574.0
Ba3GeO,1147.9,5.25,467.5,60.0,688.7
Ba3GeO,1147.9,5.25,467.5,70.0,803.5
Ba3GeO,1147.9,5.25,467.5,80.0,918.3
Ba3GeO,1147.9,5.25,467.5,90.0,1033.1
Ba3GeO,1147.9,5.25,467.5,100.0,1197.9
Ba3GeO5,1784.1,5.88,417.9,50.0,892.0
Ba3GeO5,1784.1,5.88,417.9,60.0,1070.5
Ba3GeO5,1784.1,5.88,417.9,70.0,1248.9
Ba3GeO5,1784.1,5.88,417.9,80.0,1427.3
Ba3GeO5,1784.1,5.88,417.9,90.0,1605.7
Ba3GeO5,1784.1,5.88,417.9,100.0,1834.1
Ba3GeS5,1337.9,4.2,581.1,50.0,668.9
Ba3GeS5,1337.9,4.2,581.1,60.0,802.7
Ba3GeS5,1337.9,4.2,581.1,70.0,936.5
Ba3GeS5,1337.9,4.2,581.1,80.0,1070.3
Ba3GeS5,1337.9,4.2,581.1,90.0,1204.1
Ba3GeS5,1337.9,4.2,581.1,100.0,1387.9
Ba3Hf2O7,2139.4,7.7,320.4,50.0,1069.7
Ba3Hf2O7,2139.4,7.7,320.4,60.0,1283.6
Ba3Hf2O7,2139.4,7.7,320.4,70.0,1497.6
Ba3Hf2O7,2139.4,7.7,320.4,80.0,1711.5
Ba3Hf2O7,2139.4,7.7,320.4,90.0,1925.4
Ba3Hf2O7,2139.4,7.7,320.4,100.0,2189.4
Ba3HfTa4O15,2087.2,7.79,317.0,50.0,1043.6
Ba3HfTa4O15,2087.2,7.79,317.0,60.0,1252.3
Ba3HfTa4O15,2087.2,7.79,317.0,70.0,1461.0
Ba3HfTa4O15,2087.2,7.79,317.0,80.0,1669.7
Ba3HfTa4O15,2087.2,7.79,317.0,90.0,1878.5
Ba3HfTa4O15,2087.2,7.79,317.0,100.0,2137.2
Ba3Ho(BO3)3,1987.4,5.33,460.4,50.0,993.7
Ba3Ho(BO3)3,1987.4,5.33,460.4,60.0,1192.4
Ba3Ho(BO3)3,1987.4,5.33,460.4,70.0,1391.2
Ba3Ho(BO3)3,1987.4,5.33,460.4,80.0,1589.9
Ba3Ho(BO3)3,1987.4,5.33,460.4,90.0,1788.6
Ba3Ho(BO3)3,1987.4,5.33,460.4,100.0,2037.4
Ba3Ho2(PS4)4,1169.8,3.55,684.7,50.0,584.9
Ba3Ho2(PS4)4,1169.8,3.55,684.7,60.0,701.9
Ba3Ho2(PS4)4,1169.8,3.55,684.7,70.0,818.9
Ba3Ho2(PS4)4,1169.8,3.55,684.7,80.0,935.9
Ba3Ho2(PS4)4,1169.8,3.55,684.7,90.0,1052.8
Ba3Ho2(PS4)4,1169.8,3.55,684.7,100.0,1219.8
Ba3Ho2MoO9,1945.1,6.84,360.2,50.0,972.5
Ba3Ho2MoO9,1945.1,6.84,360.2,60.0,1167.0
Ba3Ho2MoO9,1945.1,6.84,360.2,70.0,1361.6
Ba3Ho2MoO9,1945.1,6.84,360.2,80.0,1556.1
Ba3Ho2MoO9,1945.1,6.84,360.2,90.0,1750.6
Ba3Ho2MoO9,1945.1,6.84,360.2,100.0,1995.1
Ba3HoIrRuO9,1667.5,7.5,328.9,50.0,833.8
Ba3HoIrRuO9,1667.5,7.5,328.9,60.0,1000.5
Ba3HoIrRuO9,1667.5,7.5,328.9,70.0,1167.3
Ba3HoIrRuO9,1667.5,7.5,328.9,80.0,1334.0
Ba3HoIrRuO9,1667.5,7.5,328.9,90.0,1500.8
Ba3HoIrRuO9,1667.5,7.5,328.9,100.0,1717.5
Ba3HoRu2O9,1687.4,6.85,359.8,50.0,843.7
Ba3HoRu2O9,1687.4,6.85,359.8,60.0,1012.5
Ba3HoRu2O9,1687.4,6.85,359.8,70.0,1181.2
Ba3HoRu2O9,1687.4,6.85,359.8,80.0,1349.9
Ba3HoRu2O9,1687.4,6.85,359.8,90.0,1518.7
Ba3HoRu2O9,1687.4,6.85,359.8,100.0,1737.4
Ba3In(BO3)3,1837.3,5.22,470.1,50.0,918.7
Ba3In(BO3)3,1837.3,5.22,470.1,60.0,1102.4
Ba3In(BO3)3,1837.3,5.22,470.1,70.0,1286.1
Ba3In(BO3)3,1837.3,5.22,470.1,80.0,1469.9
Ba3In(BO3)3,1837.3,5.22,470.1,90.0,1653.6
Ba3In(BO3)3,1837.3,5.22,470.1,100.0,1887.3
Ba3In2(HO)12,1319.4,3.79,643.3,50.0,659.7
Ba3In2(HO)12,1319.4,3.79,643.3,60.0,791.6
Ba3In2(HO)12,1319.4,3.79,643.3,70.0,923.6
Ba3In2(HO)12,1319.4,3.79,643.3,80.0,1055.5
Ba3In2(HO)12,1319.4,3.79,643.3,90.0,1187.5
Ba3In2(HO)12,1319.4,3.79,643.3,100.0,1369.4
Ba3In2(PO4)4,1817.9,4.53,539.9,50.0,909.0
Ba3In2(PO4)4,1817.9,4.53,539.9,60.0,1090.8
Ba3In2(PO4)4,1817.9,4.53,539.9,70.0,1272.6
Ba3In2(PO4)4,1817.9,4.53,539.9,80.0,1454.4
Ba3In2(PO4)4,1817.9,4.53,539.9,90.0,1636.2
Ba3In2(PO4)4,1817.9,4.53,539.9,100.0,1867.9
Ba3In2F12,2106.3,5.57,441.1,50.0,1053.2
Ba3In2F12,2106.3,5.57,441.1,60.0,1263.8
Ba3In2F12,2106.3,5.57,441.1,70.0,1474.4
Ba3In2F12,2106.3,5.57,441.1,80.0,1685.1
Ba3In2F12,2106.3,5.57,441.1,90.0,1895.7
Ba3In2F12,2106.3,5.57,441.1,100.0,2156.3
Ba3In2MoO9,1634.1,6.51,378.5,50.0,817.1
Ba3In2MoO9,1634.1,6.51,378.5,60.0,980.5
Ba3In2MoO9,1634.1,6.51,378.5,70.0,1143.9
Ba3In2MoO9,1634.1,6.51,378.5,80.0,1307.3
Ba3In2MoO9,1634.1,6.51,378.5,90.0,1470.7
Ba3In2MoO9,1634.1,6.51,378.5,100.0,1684.1
Ba3In2O6,1625.9,6.32,389.6,50.0,812.9
Ba3In2O6,1625.9,6.32,389.6,60.0,975.5
Ba3In2O6,1625.9,6.32,389.6,70.0,1138.1
Ba3In2O6,1625.9,6.32,389.6,80.0,1300.7
Ba3In2O6,1625.9,6.32,389.6,90.0,1463.3
Ba3In2O6,1625.9,6.32,389.6,100.0,1675.9
Ba3In2P6(HO3)6,1561.1,3.61,674.3,50.0,780.5
Ba3In2P6(HO3)6,1561.1,3.61,674.3,60.0,936.7
Ba3In2P6(HO3)6,1561.1,3.61,674.3,70.0,1092.8
Ba3In2P6(HO3)6,1561.1,3.61,674.3,80.0,1248.9
Ba3In2P6(HO3)6,1561.1,3.61,674.3,90.0,1405.0
Ba3In2P6(HO3)6,1561.1,3.61,674.3,100.0,1611.1
Ba3In2WO9,1674.1,7.1,347.3,50.0,837.1
Ba3In2WO9,1674.1,7.1,347.3,60.0,1004.5
Ba3In2WO9,1674.1,7.1,347.3,70.0,1171.9
Ba3In2WO9,1674.1,7.1,347.3,80.0,1339.3
Ba3In2WO9,1674.1,7.1,347.3,90.0,1506.7
Ba3In2WO9,1674.1,7.1,347.3,100.0,1724.1
Ba3InAs3,937.7,5.18,473.3,50.0,468.9
Ba3InAs3,937.7,5.18,473.3,60.0,562.6
Ba3InAs3,937.7,5.18,473.3,70.0,656.4
Ba3InAs3,937.7,5.18,473.3,80.0,750.2
Ba3InAs3,937.7,5.18,473.3,90.0,844.0
Ba3InAs3,937.7,5.18,473.3,100.0,987.7
Ba3InIr2O9,1466.9,7.85,314.6,50.0,733.4
Ba3InIr2O9,1466.9,7.85,314.6,60.0,880.1
Ba3InIr2O9,1466.9,7.85,314.6,70.0,1026.8
Ba3InIr2O9,1466.9,7.85,314.6,80.0,1173.5
Ba3InIr2O9,1466.9,7.85,314.6,90.0,1320.2
Ba3InIr2O9,1466.9,7.85,314.6,100.0,1516.9
Ba3InIrRuO9,1495.1,7.28,338.6,50.0,747.5
Ba3InIrRuO9,1495.1,7.28,338.6,60.0,897.0
Ba3InIrRuO9,1495.1,7.28,338.6,70.0,1046.5
Ba3InIrRuO9,1495.1,7.28,338.6,80.0,1196.1
Ba3InIrRuO9,1495.1,7.28,338.6,90.0,1345.6
Ba3InIrRuO9,1495.1,7.28,338.6,100.0,1545.1
Ba3InRu2O9,1517.9,6.63,371.7,50.0,758.9
Ba3InRu2O9,1517.9,6.63,371.7,60.0,910.7
Ba3InRu2O9,1517.9,6.63,371.7,70.0,1062.5
Ba3InRu2O9,1517.9,6.63,371.7,80.0,1214.3
Ba3InRu2O9,1517.9,6.63,371.7,90.0,1366.1
Ba3InRu2O9,1517.9,6.63,371.7,100.0,1567.9
Ba3Ir(CN)3,824.9,5.14,476.8,50.0,412.5
Ba3Ir(CN)3,824.9,5.14,476.8,60.0,494.9
Ba3Ir(CN)3,824.9,5.14,476.8,70.0,577.4
Ba3Ir(CN)3,824.9,5.14,476.8,80.0,659.9
Ba3Ir(CN)3,824.9,5.14,476.8,90.0,742.4
Ba3Ir(CN)3,824.9,5.14,476.8,100.0,874.9
Ba3IrN3,759.7,6.58,374.1,50.0,379.9
Ba3IrN3,759.7,6.58,374.1,60.0,455.8
Ba3IrN3,759.7,6.58,374.1,70.0,531.8
Ba3IrN3,759.7,6.58,374.1,80.0,607.8
Ba3IrN3,759.7,6.58,374.1,90.0,683.7
Ba3IrN3,759.7,6.58,374.1,100.0,809.7
Ba3La2C5O15F2,1799.9,4.54,538.6,50.0,900.0
Ba3La2C5O15F2,1799.9,4.54,538.6,60.0,1079.9
Ba3La2C5O15F2,1799.9,4.54,538.6,70.0,1259.9
Ba3La2C5O15F2,1799.9,4.54,538.6,80.0,1439.9
Ba3La2C5O15F2,1799.9,4.54,538.6,90.0,1619.9
Ba3La2C5O15F2,1799.9,4.54,538.6,100.0,1849.9
Ba3LaIr2O9,1622.6,7.52,328.0,50.0,811.3
Ba3LaIr2O9,1622.6,7.52,328.0,60.0,973.6
Ba3LaIr2O9,1622.6,7.52,328.0,70.0,1135.8
Ba3LaIr2O9,1622.6,7.52,328.0,80.0,1298.1
Ba3LaIr2O9,1622.6,7.52,328.0,90.0,1460.4
Ba3LaIr2O9,1622.6,7.52,328.0,100.0,1672.6
Ba3LaIrRuO9,1643.4,6.9,357.1,50.0,821.7
Ba3LaIrRuO9,1643.4,6.9,357.1,60.0,986.0
Ba3LaIrRuO9,1643.4,6.9,357.1,70.0,1150.4
Ba3LaIrRuO9,1643.4,6.9,357.1,80.0,1314.7
Ba3LaIrRuO9,1643.4,6.9,357.1,90.0,1479.1
Ba3LaIrRuO9,1643.4,6.9,357.1,100.0,1693.4
Ba3LaRu2O9,1663.3,6.47,380.7,50.0,831.6
Ba3LaRu2O9,1663.3,6.47,380.7,60.0,998.0
Ba3LaRu2O9,1663.3,6.47,380.7,70.0,1164.3
Ba3LaRu2O9,1663.3,6.47,380.7,80.0,1330.6
Ba3LaRu2O9,1663.3,6.47,380.7,90.0,1497.0
Ba3LaRu2O9,1663.3,6.47,380.7,100.0,1713.3
Ba3LiIr2O9,1484.1,7.48,329.8,50.0,742.1
Ba3LiIr2O9,1484.1,7.48,329.8,60.0,890.5
Ba3LiIr2O9,1484.1,7.48,329.8,70.0,1038.9
Ba3LiIr2O9,1484.1,7.48,329.8,80.0,1187.3
Ba3LiIr2O9,1484.1,7.48,329.8,90.0,1335.7
Ba3LiIr2O9,1484.1,7.48,329.8,100.0,1534.1
Ba3LiOs2O9,1564.9,7.51,328.3,50.0,782.4
Ba3LiOs2O9,1564.9,7.51,328.3,60.0,938.9
Ba3LiOs2O9,1564.9,7.51,328.3,70.0,1095.4
Ba3LiOs2O9,1564.9,7.51,328.3,80.0,1251.9
Ba3LiOs2O9,1564.9,7.51,328.3,90.0,1408.4
Ba3LiOs2O9,1564.9,7.51,328.3,100.0,1614.9
Ba3LiRu2O9,1534.5,5.92,415.3,50.0,767.2
Ba3LiRu2O9,1534.5,5.92,415.3,60.0,920.7
Ba3LiRu2O9,1534.5,5.92,415.3,70.0,1074.1
Ba3LiRu2O9,1534.5,5.92,415.3,80.0,1227.6
Ba3LiRu2O9,1534.5,5.92,415.3,90.0,1381.0
Ba3LiRu2O9,1534.5,5.92,415.3,100.0,1584.5
Ba3Lu(BO3)3,1994.5,5.5,446.4,50.0,997.2
Ba3Lu(BO3)3,1994.5,5.5,446.4,60.0,1196.7
Ba3Lu(BO3)3,1994.5,5.5,446.4,70.0,1396.1
Ba3Lu(BO3)3,1994.5,5.5,446.4,80.0,1595.6
Ba3Lu(BO3)3,1994.5,5.5,446.4,90.0,1795.0
Ba3Lu(BO3)3,1994.5,5.5,446.4,100.0,2044.5
Ba3Lu2MoO9,1966.8,7.46,330.8,50.0,983.4
Ba3Lu2MoO9,1966.8,7.46,330.8,60.0,1180.1
Ba3Lu2MoO9,1966.8,7.46,330.8,70.0,1376.8
Ba3Lu2MoO9,1966.8,7.46,330.8,80.0,1573.5
Ba3Lu2MoO9,1966.8,7.46,330.8,90.0,1770.1
Ba3Lu2MoO9,1966.8,7.46,330.8,100.0,2016.8
Ba3Lu4O9,2141.9,8.18,301.9,50.0,1070.9
Ba3Lu4O9,2141.9,8.18,301.9,60.0,1285.1
Ba3Lu4O9,2141.9,8.18,301.9,70.0,1499.3
Ba3Lu4O9,2141.9,8.18,301.9,80.0,1713.5
Ba3Lu4O9,2141.9,8.18,301.9,90.0,1927.7
Ba3Lu4O9,2141.9,8.18,301.9,100.0,2191.9
Ba3LuIr2O9,1654.4,8.61,287.2,50.0,827.2
Ba3LuIr2O9,1654.4,8.61,287.2,60.0,992.7
Ba3LuIr2O9,1654.4,8.61,287.2,70.0,1158.1
Ba3LuIr2O9,1654.4,8.61,287.2,80.0,1323.5
Ba3LuIr2O9,1654.4,8.61,287.2,90.0,1489.0
Ba3LuIr2O9,1654.4,8.61,287.2,100.0,1704.4
Ba3LuIrRuO9,1677.3,7.71,320.1,50.0,838.6
Ba3LuIrRuO9,1677.3,7.71,320.1,60.0,1006.4
Ba3LuIrRuO9,1677.3,7.71,320.1,70.0,1174.1
Ba3LuIrRuO9,1677.3,7.71,320.1,80.0,1341.8
Ba3LuIrRuO9,1677.3,7.71,320.1,90.0,1509.5
Ba3LuIrRuO9,1677.3,7.71,320.1,100.0,1727.3
Ba3LuRu2O9,1697.4,7.06,349.3,50.0,848.7
Ba3LuRu2O9,1697.4,7.06,349.3,60.0,1018.5
Ba3LuRu2O9,1697.4,7.06,349.3,70.0,1188.2
Ba3LuRu2O9,1697.4,7.06,349.3,80.0,1358.0
Ba3LuRu2O9,1697.4,7.06,349.3,90.0,1527.7
Ba3LuRu2O9,1697.4,7.06,349.3,100.0,1747.4
Ba3MgIr2O9,1544.6,7.5,328.9,50.0,772.3
Ba3MgIr2O9,1544.6,7.5,328.9,60.0,926.7
Ba3MgIr2O9,1544.6,7.5,328.9,70.0,1081.2
Ba3MgIr2O9,1544.6,7.5,328.9,80.0,1235.7
Ba3MgIr2O9,1544.6,7.5,328.9,90.0,1390.1
Ba3MgIr2O9,1544.6,7.5,328.9,100.0,1594.6
Ba3MgNb2O9,1969.7,5.94,413.8,50.0,984.9
Ba3MgNb2O9,1969.7,5.94,413.8,60.0,1181.8
Ba3MgNb2O9,1969.7,5.94,413.8,70.0,1378.8
Ba3MgNb2O9,1969.7,5.94,413.8,80.0,1575.8
Ba3MgNb2O9,1969.7,5.94,413.8,90.0,1772.7
Ba3MgNb2O9,1969.7,5.94,413.8,100.0,2019.7
Ba3MgRu2O9,1593.2,6.19,397.1,50.0,796.6
Ba3MgRu2O9,1593.2,6.19,397.1,60.0,955.9
Ba3MgRu2O9,1593.2,6.19,397.1,70.0,1115.2
Ba3MgRu2O9,1593.2,6.19,397.1,80.0,1274.6
Ba3MgRu2O9,1593.2,6.19,397.1,90.0,1433.9
Ba3MgRu2O9,1593.2,6.19,397.1,100.0,1643.2
Ba3MgSb2O9,1713.9,6.12,401.9,50.0,856.9
Ba3MgSb2O9,1713.9,6.12,401.9,60.0,1028.3
Ba3MgSb2O9,1713.9,6.12,401.9,70.0,1199.7
Ba3MgSb2O9,1713.9,6.12,401.9,80.0,1371.1
Ba3MgSb2O9,1713.9,6.12,401.9,90.0,1542.5
Ba3MgSb2O9,1713.9,6.12,401.9,100.0,1763.9
Ba3MgTa2O9,2035.9,7.37,334.7,50.0,1017.9
Ba3MgTa2O9,2035.9,7.37,334.7,60.0,1221.5
Ba3MgTa2O9,2035.9,7.37,334.7,70.0,1425.1
Ba3MgTa2O9,2035.9,7.37,334.7,80.0,1628.7
Ba3MgTa2O9,2035.9,7.37,334.7,90.0,1832.3
Ba3MgTa2O9,2035.9,7.37,334.7,100.0,2085.9
Ba3MgTaNbO9,2002.9,6.65,370.3,50.0,1001.4
Ba3MgTaNbO9,2002.9,6.65,370.3,60.0,1201.7
Ba3MgTaNbO9,2002.9,6.65,370.3,70.0,1402.0
Ba3MgTaNbO9,2002.9,6.65,370.3,80.0,1602.3
Ba3MgTaNbO9,2002.9,6.65,370.3,90.0,1802.6
Ba3MgTaNbO9,2002.9,6.65,370.3,100.0,2052.9
Ba3Mn2O8,1592.4,5.27,465.2,50.0,796.2
Ba3Mn2O8,1592.4,5.27,465.2,60.0,955.4
Ba3Mn2O8,1592.4,5.27,465.2,70.0,1114.6
Ba3Mn2O8,1592.4,5.27,465.2,80.0,1273.9
Ba3Mn2O8,1592.4,5.27,465.2,90.0,1433.1
Ba3Mn2O8,1592.4,5.27,465.2,100.0,1642.4
Ba3MnN3,865.0,5.24,468.0,50.0,432.5
Ba3MnN3,865.0,5.24,468.0,60.0,519.0
Ba3MnN3,865.0,5.24,468.0,70.0,605.5
Ba3MnN3,865.0,5.24,468.0,80.0,692.0
Ba3MnN3,865.0,5.24,468.0,90.0,778.5
Ba3MnN3,865.0,5.24,468.0,100.0,915.0
Ba3MnNb2O9,1907.4,6.02,408.4,50.0,953.7
Ba3MnNb2O9,1907.4,6.02,408.4,60.0,1144.4
Ba3MnNb2O9,1907.4,6.02,408.4,70.0,1335.2
Ba3MnNb2O9,1907.4,6.02,408.4,80.0,1525.9
Ba3MnNb2O9,1907.4,6.02,408.4,90.0,1716.6
Ba3MnNb2O9,1907.4,6.02,408.4,100.0,1957.4
Ba3MnSb2O9,1652.8,6.16,399.6,50.0,826.4
Ba3MnSb2O9,1652.8,6.16,399.6,60.0,991.7
Ba3MnSb2O9,1652.8,6.16,399.6,70.0,1156.9
Ba3MnSb2O9,1652.8,6.16,399.6,80.0,1322.2
Ba3MnSb2O9,1652.8,6.16,399.6,90.0,1487.5
Ba3MnSb2O9,1652.8,6.16,399.6,100.0,1702.8
Ba3Mo2(P2O9)2,1782.9,4.09,597.0,50.0,891.4
Ba3Mo2(P2O9)2,1782.9,4.09,597.0,60.0,1069.7
Ba3Mo2(P2O9)2,1782.9,4.09,597.0,70.0,1248.0
Ba3Mo2(P2O9)2,1782.9,4.09,597.0,80.0,1426.3
Ba3Mo2(P2O9)2,1782.9,4.09,597.0,90.0,1604.6
Ba3Mo2(P2O9)2,1782.9,4.09,597.0,100.0,1832.9
Ba3MoN4,959.8,5.36,457.7,50.0,479.9
Ba3MoN4,959.8,5.36,457.7,60.0,575.9
Ba3MoN4,959.8,5.36,457.7,70.0,671.9
Ba3MoN4,959.8,5.36,457.7,80.0,767.9
Ba3MoN4,959.8,5.36,457.7,90.0,863.9
Ba3MoN4,959.8,5.36,457.7,100.0,1009.8
Ba3N,680.2,3.78,644.3,50.0,340.1
Ba3N,680.2,3.78,644.3,60.0,408.1
Ba3N,680.2,3.78,644.3,70.0,476.1
Ba3N,680.2,3.78,644.3,80.0,544.1
Ba3N,680.2,3.78,644.3,90.0,612.1
Ba3N,680.2,3.78,644.3,100.0,730.2
Ba3Na2Cr4F20,2049.7,4.02,607.4,50.0,1024.9
Ba3Na2Cr4F20,2049.7,4.02,607.4,60.0,1229.8
Ba3Na2Cr4F20,2049.7,4.02,607.4,70.0,1434.8
Ba3Na2Cr4F20,2049.7,4.02,607.4,80.0,1639.8
Ba3Na2Cr4F20,2049.7,4.02,607.4,90.0,1844.7
Ba3Na2Cr4F20,2049.7,4.02,607.4,100.0,2099.7
Ba3Na3(CO3)5,1567.6,3.75,649.4,50.0,783.8
Ba3Na3(CO3)5,1567.6,3.75,649.4,60.0,940.5
Ba3Na3(CO3)5,1567.6,3.75,649.4,70.0,1097.3
Ba3Na3(CO3)5,1567.6,3.75,649.4,80.0,1254.1
Ba3Na3(CO3)5,1567.6,3.75,649.4,90.0,1410.8
Ba3Na3(CO3)5,1567.6,3.75,649.4,100.0,1617.6
Ba3NaBiO6,1596.2,6.19,397.5,50.0,798.1
Ba3NaBiO6,1596.2,6.19,397.5,60.0,957.7
Ba3NaBiO6,1596.2,6.19,397.5,70.0,1117.3
Ba3NaBiO6,1596.2,6.19,397.5,80.0,1276.9
Ba3NaBiO6,1596.2,6.19,397.5,90.0,1436.6
Ba3NaBiO6,1596.2,6.19,397.5,100.0,1646.2
Ba3NaGd3(Si3O10)2,2065.7,4.59,532.6,50.0,1032.9
Ba3NaGd3(Si3O10)2,2065.7,4.59,532.6,60.0,1239.4
Ba3NaGd3(Si3O10)2,2065.7,4.59,532.6,70.0,1446.0
Ba3NaGd3(Si3O10)2,2065.7,4.59,532.6,80.0,1652.6
Ba3NaGd3(Si3O10)2,2065.7,4.59,532.6,90.0,1859.1
Ba3NaGd3(Si3O10)2,2065.7,4.59,532.6,100.0,2115.7
Ba3NaIr2O9,1468.8,7.11,346.5,50.0,734.4
Ba3NaIr2O9,1468.8,7.11,346.5,60.0,881.3
Ba3NaIr2O9,1468.8,7.11,346.5,70.0,1028.1
Ba3NaIr2O9,1468.8,7.11,346.5,80.0,1175.0
Ba3NaIr2O9,1468.8,7.11,346.5,90.0,1321.9
Ba3NaIr2O9,1468.8,7.11,346.5,100.0,1518.8
Ba3NaIrO6,1568.3,6.55,375.7,50.0,784.1
Ba3NaIrO6,1568.3,6.55,375.7,60.0,941.0
Ba3NaIrO6,1568.3,6.55,375.7,70.0,1097.8
Ba3NaIrO6,1568.3,6.55,375.7,80.0,1254.6
Ba3NaIrO6,1568.3,6.55,375.7,90.0,1411.4
Ba3NaIrO6,1568.3,6.55,375.7,100.0,1618.3
Ba3NaIrRuO9,1492.9,6.46,381.0,50.0,746.4
Ba3NaIrRuO9,1492.9,6.46,381.0,60.0,895.7
Ba3NaIrRuO9,1492.9,6.46,381.0,70.0,1045.0
Ba3NaIrRuO9,1492.9,6.46,381.0,80.0,1194.3
Ba3NaIrRuO9,1492.9,6.46,381.0,90.0,1343.6
Ba3NaIrRuO9,1492.9,6.46,381.0,100.0,1542.9
Ba3NaN,649.4,3.38,719.1,50.0,324.7
Ba3NaN,649.4,3.38,719.1,60.0,389.6
Ba3NaN,649.4,3.38,719.1,70.0,454.6
Ba3NaN,649.4,3.38,719.1,80.0,519.5
Ba3NaN,649.4,3.38,719.1,90.0,584.4
Ba3NaN,649.4,3.38,719.1,100.0,699.4
Ba3NaNbO6,1839.6,5.46,449.4,50.0,919.8
Ba3NaNbO6,1839.6,5.46,449.4,60.0,1103.7
Ba3NaNbO6,1839.6,5.46,449.4,70.0,1287.7
Ba3NaNbO6,1839.6,5.46,449.4,80.0,1471.6
Ba3NaNbO6,1839.6,5.46,449.4,90.0,1655.6
Ba3NaNbO6,1839.6,5.46,449.4,100.0,1889.6
Ba3NaNd3(Si3O10)2,2060.9,4.34,562.8,50.0,1030.5
Ba3NaNd3(Si3O10)2,2060.9,4.34,562.8,60.0,1236.5
Ba3NaNd3(Si3O10)2,2060.9,4.34,562.8,70.0,1442.6
Ba3NaNd3(Si3O10)2,2060.9,4.34,562.8,80.0,1648.7
Ba3NaNd3(Si3O10)2,2060.9,4.34,562.8,90.0,1854.8
Ba3NaNd3(Si3O10)2,2060.9,4.34,562.8,100.0,2110.9
Ba3NaOs2O9,1550.0,7.31,337.3,50.0,775.0
Ba3NaOs2O9,1550.0,7.31,337.3,60.0,930.0
Ba3NaOs2O9,1550.0,7.31,337.3,70.0,1085.0
Ba3NaOs2O9,1550.0,7.31,337.3,80.0,1240.0
Ba3NaOs2O9,1550.0,7.31,337.3,90.0,1395.0
Ba3NaOs2O9,1550.0,7.31,337.3,100.0,1600.0
Ba3NaRu2O9,1514.7,5.75,427.5,50.0,757.4
Ba3NaRu2O9,1514.7,5.75,427.5,60.0,908.8
Ba3NaRu2O9,1514.7,5.75,427.5,70.0,1060.3
Ba3NaRu2O9,1514.7,5.75,427.5,80.0,1211.8
Ba3NaRu2O9,1514.7,5.75,427.5,90.0,1363.3
Ba3NaRu2O9,1514.7,5.75,427.5,100.0,1564.7
Ba3NaRuO6,1600.4,5.73,429.0,50.0,800.2
Ba3NaRuO6,1600.4,5.73,429.0,60.0,960.3
Ba3NaRuO6,1600.4,5.73,429.0,70.0,1120.3
Ba3NaRuO6,1600.4,5.73,429.0,80.0,1280.4
Ba3NaRuO6,1600.4,5.73,429.0,90.0,1440.4
Ba3NaRuO6,1600.4,5.73,429.0,100.0,1650.4
Ba3NaSbO6,1692.0,5.72,429.6,50.0,846.0
Ba3NaSbO6,1692.0,5.72,429.6,60.0,1015.2
Ba3NaSbO6,1692.0,5.72,429.6,70.0,1184.4
Ba3NaSbO6,1692.0,5.72,429.6,80.0,1353.6
Ba3NaSbO6,1692.0,5.72,429.6,90.0,1522.8
Ba3NaSbO6,1692.0,5.72,429.6,100.0,1742.0
Ba3NaSm3(Si3O10)2,2066.6,4.48,545.5,50.0,1033.3
Ba3NaSm3(Si3O10)2,2066.6,4.48,545.5,60.0,1239.9
Ba3NaSm3(Si3O10)2,2066.6,4.48,545.5,70.0,1446.6
Ba3NaSm3(Si3O10)2,2066.6,4.48,545.5,80.0,1653.3
Ba3NaSm3(Si3O10)2,2066.6,4.48,545.5,90.0,1859.9
Ba3NaSm3(Si3O10)2,2066.6,4.48,545.5,100.0,2116.6
Ba3NaTaO6,1885.1,6.25,393.7,50.0,942.6
Ba3NaTaO6,1885.1,6.25,393.7,60.0,1131.1
Ba3NaTaO6,1885.1,6.25,393.7,70.0,1319.6
Ba3NaTaO6,1885.1,6.25,393.7,80.0,1508.1
Ba3NaTaO6,1885.1,6.25,393.7,90.0,1696.6
Ba3NaTaO6,1885.1,6.25,393.7,100.0,1935.1
Ba3NaY3(Si3O10)2,2070.2,3.97,613.9,50.0,1035.1
Ba3NaY3(Si3O10)2,2070.2,3.97,613.9,60.0,1242.1
Ba3NaY3(Si3O10)2,2070.2,3.97,613.9,70.0,1449.1
Ba3NaY3(Si3O10)2,2070.2,3.97,613.9,80.0,1656.1
Ba3NaY3(Si3O10)2,2070.2,3.97,613.9,90.0,1863.2
Ba3NaY3(Si3O10)2,2070.2,3.97,613.9,100.0,2120.2
Ba3Nb16O23,1712.6,6.74,365.4,50.0,856.3
Ba3Nb16O23,1712.6,6.74,365.4,60.0,1027.5
Ba3Nb16O23,1712.6,6.74,365.4,70.0,1198.8
Ba3Nb16O23,1712.6,6.74,365.4,80.0,1370.1
Ba3Nb16O23,1712.6,6.74,365.4,90.0,1541.3
Ba3Nb16O23,1712.6,6.74,365.4,100.0,1762.6
Ba3Nb2CdO9,1858.7,6.21,395.9,50.0,929.4
Ba3Nb2CdO9,1858.7,6.21,395.9,60.0,1115.2
Ba3Nb2CdO9,1858.7,6.21,395.9,70.0,1301.1
Ba3Nb2CdO9,1858.7,6.21,395.9,80.0,1487.0
Ba3Nb2CdO9,1858.7,6.21,395.9,90.0,1672.9
Ba3Nb2CdO9,1858.7,6.21,395.9,100.0,1908.7
Ba3Nb2CoO9,1858.9,6.21,396.0,50.0,929.4
Ba3Nb2CoO9,1858.9,6.21,396.0,60.0,1115.3
Ba3Nb2CoO9,1858.9,6.21,396.0,70.0,1301.2
Ba3Nb2CoO9,1858.9,6.21,396.0,80.0,1487.1
Ba3Nb2CoO9,1858.9,6.21,396.0,90.0,1673.0
Ba3Nb2CoO9,1858.9,6.21,396.0,100.0,1908.9
Ba3Nb2NiO9,1855.6,6.26,393.2,50.0,927.8
Ba3Nb2NiO9,1855.6,6.26,393.2,60.0,1113.4
Ba3Nb2NiO9,1855.6,6.26,393.2,70.0,1298.9
Ba3Nb2NiO9,1855.6,6.26,393.2,80.0,1484.5
Ba3Nb2NiO9,1855.6,6.26,393.2,90.0,1670.0
Ba3Nb2NiO9,1855.6,6.26,393.2,100.0,1905.6
Ba3Nb2O8,1967.0,5.22,470.4,50.0,983.5
Ba3Nb2O8,1967.0,5.22,470.4,60.0,1180.2
Ba3Nb2O8,1967.0,5.22,470.4,70.0,1376.9
Ba3Nb2O8,1967.0,5.22,470.4,80.0,1573.6
Ba3Nb2O8,1967.0,5.22,470.4,90.0,1770.3
Ba3Nb2O8,1967.0,5.22,470.4,100.0,2017.0
Ba3Nb2ZnO9,1882.1,6.23,395.2,50.0,941.0
Ba3Nb2ZnO9,1882.1,6.23,395.2,60.0,1129.3
Ba3Nb2ZnO9,1882.1,6.23,395.2,70.0,1317.5
Ba3Nb2ZnO9,1882.1,6.23,395.2,80.0,1505.7
Ba3Nb2ZnO9,1882.1,6.23,395.2,90.0,1693.9
Ba3Nb2ZnO9,1882.1,6.23,395.2,100.0,1932.1
Ba3Nb6(Si2O13)2,1959.6,4.46,548.5,50.0,979.8
Ba3Nb6(Si2O13)2,1959.6,4.46,548.5,60.0,1175.7
Ba3Nb6(Si2O13)2,1959.6,4.46,548.5,70.0,1371.7
Ba3Nb6(Si2O13)2,1959.6,4.46,548.5,80.0,1567.7
Ba3Nb6(Si2O13)2,1959.6,4.46,548.5,90.0,1763.6
Ba3Nb6(Si2O13)2,1959.6,4.46,548.5,100.0,2009.6
Ba3NbAs3O,1181.2,4.72,519.0,50.0,590.6
Ba3NbAs3O,1181.2,4.72,519.0,60.0,708.7
Ba3NbAs3O,1181.2,4.72,519.0,70.0,826.8
Ba3NbAs3O,1181.2,4.72,519.0,80.0,944.9
Ba3NbAs3O,1181.2,4.72,519.0,90.0,1063.1
Ba3NbAs3O,1181.2,4.72,519.0,100.0,1231.2
Ba3NbGa3(SiO7)2,1861.5,4.83,507.2,50.0,930.8
Ba3NbGa3(SiO7)2,1861.5,4.83,507.2,60.0,1116.9
Ba3NbGa3(SiO7)2,1861.5,4.83,507.2,70.0,1303.1
Ba3NbGa3(SiO7)2,1861.5,4.83,507.2,80.0,1489.2
Ba3NbGa3(SiO7)2,1861.5,4.83,507.2,90.0,1675.4
Ba3NbGa3(SiO7)2,1861.5,4.83,507.2,100.0,1911.5
Ba3NdIr2O9,1616.5,7.69,320.9,50.0,808.2
Ba3NdIr2O9,1616.5,7.69,320.9,60.0,969.9
Ba3NdIr2O9,1616.5,7.69,320.9,70.0,1131.5
Ba3NdIr2O9,1616.5,7.69,320.9,80.0,1293.2
Ba3NdIr2O9,1616.5,7.69,320.9,90.0,1454.8
Ba3NdIr2O9,1616.5,7.69,320.9,100.0,1666.5
Ba3NdIrRuO9,1638.1,7.06,349.3,50.0,819.0
Ba3NdIrRuO9,1638.1,7.06,349.3,60.0,982.9
Ba3NdIrRuO9,1638.1,7.06,349.3,70.0,1146.7
Ba3NdIrRuO9,1638.1,7.06,349.3,80.0,1310.5
Ba3NdIrRuO9,1638.1,7.06,349.3,90.0,1474.3
Ba3NdIrRuO9,1638.1,7.06,349.3,100.0,1688.1
Ba3NdRu2O9,1658.3,6.42,383.4,50.0,829.1
Ba3NdRu2O9,1658.3,6.42,383.4,60.0,995.0
Ba3NdRu2O9,1658.3,6.42,383.4,70.0,1160.8
Ba3NdRu2O9,1658.3,6.42,383.4,80.0,1326.6
Ba3NdRu2O9,1658.3,6.42,383.4,90.0,1492.4
Ba3NdRu2O9,1658.3,6.42,383.4,100.0,1708.3
Ba3NiIr2O9,1422.0,7.87,313.8,50.0,711.0
Ba3NiIr2O9,1422.0,7.87,313.8,60.0,853.2
Ba3NiIr2O9,1422.0,7.87,313.8,70.0,995.4
Ba3NiIr2O9,1422.0,7.87,313.8,80.0,1137.6
Ba3NiIr2O9,1422.0,7.87,313.8,90.0,1279.8
Ba3NiIr2O9,1422.0,7.87,313.8,100.0,1472.0
Ba3NiRu2O9,1483.9,6.66,370.0,50.0,741.9
Ba3NiRu2O9,1483.9,6.66,370.0,60.0,890.3
Ba3NiRu2O9,1483.9,6.66,370.0,70.0,1038.7
Ba3NiRu2O9,1483.9,6.66,370.0,80.0,1187.1
Ba3NiRu2O9,1483.9,6.66,370.0,90.0,1335.5
Ba3NiRu2O9,1483.9,6.66,370.0,100.0,1533.9
Ba3NiSb2O9,1591.4,6.41,383.8,50.0,795.7
Ba3NiSb2O9,1591.4,6.41,383.8,60.0,954.8
Ba3NiSb2O9,1591.4,6.41,383.8,70.0,1114.0
Ba3NiSb2O9,1591.4,6.41,383.8,80.0,1273.1
Ba3NiSb2O9,1591.4,6.41,383.8,90.0,1432.3
Ba3NiSb2O9,1591.4,6.41,383.8,100.0,1641.4
Ba3OsN3,787.8,6.44,382.4,50.0,393.9
Ba3OsN3,787.8,6.44,382.4,60.0,472.7
Ba3OsN3,787.8,6.44,382.4,70.0,551.5
Ba3OsN3,787.8,6.44,382.4,80.0,630.3
Ba3OsN3,787.8,6.44,382.4,90.0,709.1
Ba3OsN3,787.8,6.44,382.4,100.0,837.8
Ba3P14,727.7,3.16,766.3,50.0,363.9
Ba3P14,727.7,3.16,766.3,60.0,436.6
Ba3P14,727.7,3.16,766.3,70.0,509.4
Ba3P14,727.7,3.16,766.3,80.0,582.2
Ba3P14,727.7,3.16,766.3,90.0,655.0
Ba3P14,727.7,3.16,766.3,100.0,777.7
Ba3P2,941.5,4.34,563.6,50.0,470.8
Ba3P2,941.5,4.34,563.6,60.0,564.9
Ba3P2,941.5,4.34,563.6,70.0,659.1
Ba3P2,941.5,4.34,563.6,80.0,753.2
Ba3P2,941.5,4.34,563.6,90.0,847.4
Ba3P2,941.5,4.34,563.6,100.0,991.5
Ba3P3ClO10,1913.0,3.92,622.0,50.0,956.5
Ba3P3ClO10,1913.0,3.92,622.0,60.0,1147.8
Ba3P3ClO10,1913.0,3.92,622.0,70.0,1339.1
Ba3P3ClO10,1913.0,3.92,622.0,80.0,1530.4
Ba3P3ClO10,1913.0,3.92,622.0,90.0,1721.7
Ba3P3ClO10,1913.0,3.92,622.0,100.0,1963.0
Ba3P3I2,1113.5,4.38,558.1,50.0,556.8
Ba3P3I2,1113.5,4.38,558.1,60.0,668.1
Ba3P3I2,1113.5,4.38,558.1,70.0,779.5
Ba3P3I2,1113.5,4.38,558.1,80.0,890.8
Ba3P3I2,1113.5,4.38,558.1,90.0,1002.2
Ba3P3I2,1113.5,4.38,558.1,100.0,1163.5
Ba3P4,926.8,4.14,590.1,50.0,463.4
Ba3P4,926.8,4.14,590.1,60.0,556.1
Ba3P4,926.8,4.14,590.1,70.0,648.8
Ba3P4,926.8,4.14,590.1,80.0,741.5
Ba3P4,926.8,4.14,590.1,90.0,834.1
Ba3P4,926.8,4.14,590.1,100.0,976.8
Ba3P6(N4O3)2,1348.8,4.42,553.2,50.0,674.4
Ba3P6(N4O3)2,1348.8,4.42,553.2,60.0,809.3
Ba3P6(N4O3)2,1348.8,4.42,553.2,70.0,944.2
Ba3P6(N4O3)2,1348.8,4.42,553.2,80.0,1079.1
Ba3P6(N4O3)2,1348.8,4.42,553.2,90.0,1213.9
Ba3P6(N4O3)2,1348.8,4.42,553.2,100.0,1398.8
Ba3Pb5,727.8,7.97,309.7,50.0,363.9
Ba3Pb5,727.8,7.97,309.7,60.0,436.7
Ba3Pb5,727.8,7.97,309.7,70.0,509.4
Ba3Pb5,727.8,7.97,309.7,80.0,582.2
Ba3Pb5,727.8,7.97,309.7,90.0,655.0
Ba3Pb5,727.8,7.97,309.7,100.0,777.8
Ba3PbO,1171.6,6.26,392.8,50.0,585.8
Ba3PbO,1171.6,6.26,392.8,60.0,702.9
Ba3PbO,1171.6,6.26,392.8,70.0,820.1
Ba3PbO,1171.6,6.26,392.8,80.0,937.3
Ba3PbO,1171.6,6.26,392.8,90.0,1054.4
Ba3PbO,1171.6,6.26,392.8,100.0,1221.6
Ba3PrIr2O9,1610.0,7.59,325.0,50.0,805.0
Ba3PrIr2O9,1610.0,7.59,325.0,60.0,966.0
Ba3PrIr2O9,1610.0,7.59,325.0,70.0,1127.0
Ba3PrIr2O9,1610.0,7.59,325.0,80.0,1288.0
Ba3PrIr2O9,1610.0,7.59,325.0,90.0,1449.0
Ba3PrIr2O9,1610.0,7.59,325.0,100.0,1660.0
Ba3PrIrRuO9,1631.7,6.95,354.5,50.0,815.8
Ba3PrIrRuO9,1631.7,6.95,354.5,60.0,979.0
Ba3PrIrRuO9,1631.7,6.95,354.5,70.0,1142.2
Ba3PrIrRuO9,1631.7,6.95,354.5,80.0,1305.3
Ba3PrIrRuO9,1631.7,6.95,354.5,90.0,1468.5
Ba3PrIrRuO9,1631.7,6.95,354.5,100.0,1681.7
Ba3PrRu2O9,1652.0,6.34,388.1,50.0,826.0
Ba3PrRu2O9,1652.0,6.34,388.1,60.0,991.2
Ba3PrRu2O9,1652.0,6.34,388.1,70.0,1156.4
Ba3PrRu2O9,1652.0,6.34,388.1,80.0,1321.6
Ba3PrRu2O9,1652.0,6.34,388.1,90.0,1486.8
Ba3PrRu2O9,1652.0,6.34,388.1,100.0,1702.0
Ba3PuO6,1848.5,6.65,370.5,50.0,924.3
Ba3PuO6,1848.5,6.65,370.5,60.0,1109.1
Ba3PuO6,1848.5,6.65,370.5,70.0,1294.0
Ba3PuO6,1848.5,6.65,370.5,80.0,1478.8
Ba3PuO6,1848.5,6.65,370.5,90.0,1663.7
Ba3PuO6,1848.5,6.65,370.5,100.0,1898.5
Ba3Re2O9,1709.0,7.74,318.8,50.0,854.5
Ba3Re2O9,1709.0,7.74,318.8,60.0,1025.4
Ba3Re2O9,1709.0,7.74,318.8,70.0,1196.3
Ba3Re2O9,1709.0,7.74,318.8,80.0,1367.2
Ba3Re2O9,1709.0,7.74,318.8,90.0,1538.1
Ba3Re2O9,1709.0,7.74,318.8,100.0,1759.0
Ba3ReN3,852.4,6.26,393.0,50.0,426.2
Ba3ReN3,852.4,6.26,393.0,60.0,511.4
Ba3ReN3,852.4,6.26,393.0,70.0,596.7
Ba3ReN3,852.4,6.26,393.0,80.0,681.9
Ba3ReN3,852.4,6.26,393.0,90.0,767.1
Ba3ReN3,852.4,6.26,393.0,100.0,902.4
Ba3Rh(CN)3,808.4,4.46,548.0,50.0,404.2
Ba3Rh(CN)3,808.4,4.46,548.0,60.0,485.0
Ba3Rh(CN)3,808.4,4.46,548.0,70.0,565.9
Ba3Rh(CN)3,808.4,4.46,548.0,80.0,646.7
Ba3Rh(CN)3,808.4,4.46,548.0,90.0,727.6
Ba3Rh(CN)3,808.4,4.46,548.0,100.0,858.4
Ba3RuN3,774.0,5.56,441.4,50.0,387.0
Ba3RuN3,774.0,5.56,441.4,60.0,464.4
Ba3RuN3,774.0,5.56,441.4,70.0,541.8
Ba3RuN3,774.0,5.56,441.4,80.0,619.2
Ba3RuN3,774.0,5.56,441.4,90.0,696.6
Ba3RuN3,774.0,5.56,441.4,100.0,824.0
Ba3Sb2O,1253.9,5.36,457.6,50.0,627.0
Ba3Sb2O,1253.9,5.36,457.6,60.0,752.4
Ba3Sb2O,1253.9,5.36,457.6,70.0,877.7
Ba3Sb2O,1253.9,5.36,457.6,80.0,1003.1
Ba3Sb2O,1253.9,5.36,457.6,90.0,1128.5
Ba3Sb2O,1253.9,5.36,457.6,100.0,1303.9
Ba3Sb2S7,1182.2,4.01,608.3,50.0,591.1
Ba3Sb2S7,1182.2,4.01,608.3,60.0,709.3
Ba3Sb2S7,1182.2,4.01,608.3,70.0,827.6
Ba3Sb2S7,1182.2,4.01,608.3,80.0,945.8
Ba3Sb2S7,1182.2,4.01,608.3,90.0,1064.0
Ba3Sb2S7,1182.2,4.01,608.3,100.0,1232.2
Ba3Sb2Se7,1150.4,4.92,497.6,50.0,575.2
Ba3Sb2Se7,1150.4,4.92,497.6,60.0,690.2
Ba3Sb2Se7,1150.4,4.92,497.6,70.0,805.3
Ba3Sb2Se7,1150.4,4.92,497.6,80.0,920.3
Ba3Sb2Se7,1150.4,4.92,497.6,90.0,1035.4
Ba3Sb2Se7,1150.4,4.92,497.6,100.0,1200.4
Ba3Sb4O,1113.4,5.42,452.9,50.0,556.7
Ba3Sb4O,1113.4,5.42,452.9,60.0,668.1
Ba3Sb4O,1113.4,5.42,452.9,70.0,779.4
Ba3Sb4O,1113.4,5.42,452.9,80.0,890.7
Ba3Sb4O,1113.4,5.42,452.9,90.0,1002.1
Ba3Sb4O,1113.4,5.42,452.9,100.0,1163.4
Ba3SbI3,1300.9,4.24,576.4,50.0,650.4
Ba3SbI3,1300.9,4.24,576.4,60.0,780.5
Ba3SbI3,1300.9,4.24,576.4,70.0,910.6
Ba3SbI3,1300.9,4.24,576.4,80.0,1040.7
Ba3SbI3,1300.9,4.24,576.4,90.0,1170.8
Ba3SbI3,1300.9,4.24,576.4,100.0,1350.9
Ba3SbN,916.5,5.36,458.2,50.0,458.3
Ba3SbN,916.5,5.36,458.2,60.0,549.9
Ba3SbN,916.5,5.36,458.2,70.0,641.6
Ba3SbN,916.5,5.36,458.2,80.0,733.2
Ba3SbN,916.5,5.36,458.2,90.0,824.9
Ba3SbN,916.5,5.36,458.2,100.0,966.5
Ba3Sc(BO3)3,1977.0,4.71,519.8,50.0,988.5
Ba3Sc(BO3)3,1977.0,4.71,519.8,60.0,1186.2
Ba3Sc(BO3)3,1977.0,4.71,519.8,70.0,1383.9
Ba3Sc(BO3)3,1977.0,4.71,519.8,80.0,1581.6
Ba3Sc(BO3)3,1977.0,4.71,519.8,90.0,1779.3
Ba3Sc(BO3)3,1977.0,4.71,519.8,100.0,2027.0
Ba3ScCO3F7,2172.1,4.46,547.9,50.0,1086.1
Ba3ScCO3F7,2172.1,4.46,547.9,60.0,1303.3
Ba3ScCO3F7,2172.1,4.46,547.9,70.0,1520.5
Ba3ScCO3F7,2172.1,4.46,547.9,80.0,1737.7
Ba3ScCO3F7,2172.1,4.46,547.9,90.0,1954.9
Ba3ScCO3F7,2172.1,4.46,547.9,100.0,2222.1
Ba3Si2(B3O8)2,1918.4,4.08,598.0,50.0,959.2
Ba3Si2(B3O8)2,1918.4,4.08,598.0,60.0,1151.0
Ba3Si2(B3O8)2,1918.4,4.08,598.0,70.0,1342.8
Ba3Si2(B3O8)2,1918.4,4.08,598.0,80.0,1534.7
Ba3Si2(B3O8)2,1918.4,4.08,598.0,90.0,1726.5
Ba3Si2(B3O8)2,1918.4,4.08,598.0,100.0,1968.4
Ba3Si4,665.4,3.93,620.5,50.0,332.7
Ba3Si4,665.4,3.93,620.5,60.0,399.2
Ba3Si4,665.4,3.93,620.5,70.0,465.8
Ba3Si4,665.4,3.93,620.5,80.0,532.3
Ba3Si4,665.4,3.93,620.5,90.0,598.8
Ba3Si4,665.4,3.93,620.5,100.0,715.4
Ba3Si6(NO6)2,1882.5,4.03,604.8,50.0,941.3
Ba3Si6(NO6)2,1882.5,4.03,604.8,60.0,1129.5
Ba3Si6(NO6)2,1882.5,4.03,604.8,70.0,1317.8
Ba3Si6(NO6)2,1882.5,4.03,604.8,80.0,1506.0
Ba3Si6(NO6)2,1882.5,4.03,604.8,90.0,1694.3
Ba3Si6(NO6)2,1882.5,4.03,604.8,100.0,1932.5
Ba3Si6N4O9,1735.6,4.05,602.0,50.0,867.8
Ba3Si6N4O9,1735.6,4.05,602.0,60.0,1041.4
Ba3Si6N4O9,1735.6,4.05,602.0,70.0,1214.9
Ba3Si6N4O9,1735.6,4.05,602.0,80.0,1388.5
Ba3Si6N4O9,1735.6,4.05,602.0,90.0,1562.1
Ba3Si6N4O9,1735.6,4.05,602.0,100.0,1785.6
Ba3SiI2,1061.2,4.27,572.2,50.0,530.6
Ba3SiI2,1061.2,4.27,572.2,60.0,636.7
Ba3SiI2,1061.2,4.27,572.2,70.0,742.8
Ba3SiI2,1061.2,4.27,572.2,80.0,848.9
Ba3SiI2,1061.2,4.27,572.2,90.0,955.1
Ba3SiI2,1061.2,4.27,572.2,100.0,1111.2
Ba3SiO,1092.6,4.81,509.7,50.0,546.3
Ba3SiO,1092.6,4.81,509.7,60.0,655.5
Ba3SiO,1092.6,4.81,509.7,70.0,764.8
Ba3SiO,1092.6,4.81,509.7,80.0,874.0
Ba3SiO,1092.6,4.81,509.7,90.0,983.3
Ba3SiO,1092.6,4.81,509.7,100.0,1142.6
Ba3SiS5,1401.9,4.0,610.0,50.0,701.0
Ba3SiS5,1401.9,4.0,610.0,60.0,841.2
Ba3SiS5,1401.9,4.0,610.0,70.0,981.3
Ba3SiS5,1401.9,4.0,610.0,80.0,1121.5
Ba3SiS5,1401.9,4.0,610.0,90.0,1261.7
Ba3SiS5,1401.9,4.0,610.0,100.0,1451.9
Ba3SmB24,690.9,4.5,543.4,50.0,345.5
Ba3SmB24,690.9,4.5,543.4,60.0,414.6
Ba3SmB24,690.9,4.5,543.4,70.0,483.7
Ba3SmB24,690.9,4.5,543.4,80.0,552.7
Ba3SmB24,690.9,4.5,543.4,90.0,621.8
Ba3SmB24,690.9,4.5,543.4,100.0,740.9
Ba3SmInS6,1422.6,4.72,518.5,50.0,711.3
Ba3SmInS6,1422.6,4.72,518.5,60.0,853.5
Ba3SmInS6,1422.6,4.72,518.5,70.0,995.8
Ba3SmInS6,1422.6,4.72,518.5,80.0,1138.1
Ba3SmInS6,1422.6,4.72,518.5,90.0,1280.3
Ba3SmInS6,1422.6,4.72,518.5,100.0,1472.6
Ba3SmIr2O9,1626.3,7.83,315.4,50.0,813.2
Ba3SmIr2O9,1626.3,7.83,315.4,60.0,975.8
Ba3SmIr2O9,1626.3,7.83,315.4,70.0,1138.4
Ba3SmIr2O9,1626.3,7.83,315.4,80.0,1301.1
Ba3SmIr2O9,1626.3,7.83,315.4,90.0,1463.7
Ba3SmIr2O9,1626.3,7.83,315.4,100.0,1676.3
Ba3SmIrRuO9,1648.0,7.35,335.4,50.0,824.0
Ba3SmIrRuO9,1648.0,7.35,335.4,60.0,988.8
Ba3SmIrRuO9,1648.0,7.35,335.4,70.0,1153.6
Ba3SmIrRuO9,1648.0,7.35,335.4,80.0,1318.4
Ba3SmIrRuO9,1648.0,7.35,335.4,90.0,1483.2
Ba3SmIrRuO9,1648.0,7.35,335.4,100.0,1698.0
Ba3SmRu2O9,1668.1,6.56,375.6,50.0,834.1
Ba3SmRu2O9,1668.1,6.56,375.6,60.0,1000.9
Ba3SmRu2O9,1668.1,6.56,375.6,70.0,1167.7
Ba3SmRu2O9,1668.1,6.56,375.6,80.0,1334.5
Ba3SmRu2O9,1668.1,6.56,375.6,90.0,1501.3
Ba3SmRu2O9,1668.1,6.56,375.6,100.0,1718.1
Ba3Sn2O7,1633.2,6.74,365.5,50.0,816.6
Ba3Sn2O7,1633.2,6.74,365.5,60.0,979.9
Ba3Sn2O7,1633.2,6.74,365.5,70.0,1143.2
Ba3Sn2O7,1633.2,6.74,365.5,80.0,1306.5
Ba3Sn2O7,1633.2,6.74,365.5,90.0,1469.9
Ba3Sn2O7,1633.2,6.74,365.5,100.0,1683.2
Ba3Sn2O7,1701.0,6.58,374.5,50.0,850.5
Ba3Sn2O7,1701.0,6.58,374.5,60.0,1020.6
Ba3Sn2O7,1701.0,6.58,374.5,70.0,1190.7
Ba3Sn2O7,1701.0,6.58,374.5,80.0,1360.8
Ba3Sn2O7,1701.0,6.58,374.5,90.0,1530.9
Ba3Sn2O7,1701.0,6.58,374.5,100.0,1751.0
Ba3Sn2S7,1212.6,4.06,600.7,50.0,606.3
Ba3Sn2S7,1212.6,4.06,600.7,60.0,727.6
Ba3Sn2S7,1212.6,4.06,600.7,70.0,848.8
Ba3Sn2S7,1212.6,4.06,600.7,80.0,970.1
Ba3Sn2S7,1212.6,4.06,600.7,90.0,1091.4
Ba3Sn2S7,1212.6,4.06,600.7,100.0,1262.6
Ba3Sn5,781.7,5.81,422.9,50.0,390.8
Ba3Sn5,781.7,5.81,422.9,60.0,469.0
Ba3Sn5,781.7,5.81,422.9,70.0,547.2
Ba3Sn5,781.7,5.81,422.9,80.0,625.3
Ba3Sn5,781.7,5.81,422.9,90.0,703.5
Ba3Sn5,781.7,5.81,422.9,100.0,831.7
Ba3SnO,1189.2,5.45,450.4,50.0,594.6
Ba3SnO,1189.2,5.45,450.4,60.0,713.5
Ba3SnO,1189.2,5.45,450.4,70.0,832.4
Ba3SnO,1189.2,5.45,450.4,80.0,951.3
Ba3SnO,1189.2,5.45,450.4,90.0,1070.3
Ba3SnO,1189.2,5.45,450.4,100.0,1239.2
Ba3Sr2Re3ClO15,1757.3,5.86,419.3,50.0,878.6
Ba3Sr2Re3ClO15,1757.3,5.86,419.3,60.0,1054.4
Ba3Sr2Re3ClO15,1757.3,5.86,419.3,70.0,1230.1
Ba3Sr2Re3ClO15,1757.3,5.86,419.3,80.0,1405.8
Ba3Sr2Re3ClO15,1757.3,5.86,419.3,90.0,1581.6
Ba3Sr2Re3ClO15,1757.3,5.86,419.3,100.0,1807.3
Ba3Sr9Al4(O4F)4,2039.4,4.99,491.0,50.0,1019.7
Ba3Sr9Al4(O4F)4,2039.4,4.99,491.0,60.0,1223.6
Ba3Sr9Al4(O4F)4,2039.4,4.99,491.0,70.0,1427.6
Ba3Sr9Al4(O4F)4,2039.4,4.99,491.0,80.0,1631.5
Ba3Sr9Al4(O4F)4,2039.4,4.99,491.0,90.0,1835.4
Ba3Sr9Al4(O4F)4,2039.4,4.99,491.0,100.0,2089.4
Ba3SrEr2(MoO6)2,1889.2,6.7,367.5,50.0,944.6
Ba3SrEr2(MoO6)2,1889.2,6.7,367.5,60.0,1133.5
Ba3SrEr2(MoO6)2,1889.2,6.7,367.5,70.0,1322.5
Ba3SrEr2(MoO6)2,1889.2,6.7,367.5,80.0,1511.4
Ba3SrEr2(MoO6)2,1889.2,6.7,367.5,90.0,1700.3
Ba3SrEr2(MoO6)2,1889.2,6.7,367.5,100.0,1939.2
Ba3SrIr2O9,1547.6,7.1,347.1,50.0,773.8
Ba3SrIr2O9,1547.6,7.1,347.1,60.0,928.6
Ba3SrIr2O9,1547.6,7.1,347.1,70.0,1083.3
Ba3SrIr2O9,1547.6,7.1,347.1,80.0,1238.1
Ba3SrIr2O9,1547.6,7.1,347.1,90.0,1392.8
Ba3SrIr2O9,1547.6,7.1,347.1,100.0,1597.6
Ba3SrMg2(TeO6)2,1704.2,6.22,395.5,50.0,852.1
Ba3SrMg2(TeO6)2,1704.2,6.22,395.5,60.0,1022.5
Ba3SrMg2(TeO6)2,1704.2,6.22,395.5,70.0,1192.9
Ba3SrMg2(TeO6)2,1704.2,6.22,395.5,80.0,1363.3
Ba3SrMg2(TeO6)2,1704.2,6.22,395.5,90.0,1533.8
Ba3SrMg2(TeO6)2,1704.2,6.22,395.5,100.0,1754.2
Ba3SrNb2O9,1968.6,5.35,458.9,50.0,984.3
Ba3SrNb2O9,1968.6,5.35,458.9,60.0,1181.2
Ba3SrNb2O9,1968.6,5.35,458.9,70.0,1378.0
Ba3SrNb2O9,1968.6,5.35,458.9,80.0,1574.9
Ba3SrNb2O9,1968.6,5.35,458.9,90.0,1771.7
Ba3SrNb2O9,1968.6,5.35,458.9,100.0,2018.6
Ba3SrRu2O9,1594.7,5.94,413.6,50.0,797.3
Ba3SrRu2O9,1594.7,5.94,413.6,60.0,956.8
Ba3SrRu2O9,1594.7,5.94,413.6,70.0,1116.3
Ba3SrRu2O9,1594.7,5.94,413.6,80.0,1275.7
Ba3SrRu2O9,1594.7,5.94,413.6,90.0,1435.2
Ba3SrRu2O9,1594.7,5.94,413.6,100.0,1644.7
Ba3SrSb2O9,1725.8,5.77,425.6,50.0,862.9
Ba3SrSb2O9,1725.8,5.77,425.6,60.0,1035.5
Ba3SrSb2O9,1725.8,5.77,425.6,70.0,1208.1
Ba3SrSb2O9,1725.8,5.77,425.6,80.0,1380.6
Ba3SrSb2O9,1725.8,5.77,425.6,90.0,1553.2
Ba3SrSb2O9,1725.8,5.77,425.6,100.0,1775.8
Ba3SrSi8(NO)8,1558.4,4.12,591.9,50.0,779.2
Ba3SrSi8(NO)8,1558.4,4.12,591.9,60.0,935.0
Ba3SrSi8(NO)8,1558.4,4.12,591.9,70.0,1090.8
Ba3SrSi8(NO)8,1558.4,4.12,591.9,80.0,1246.7
Ba3SrSi8(NO)8,1558.4,4.12,591.9,90.0,1402.5
Ba3SrSi8(NO)8,1558.4,4.12,591.9,100.0,1608.4
Ba3SrTa2O9,2032.0,6.74,365.3,50.0,1016.0
Ba3SrTa2O9,2032.0,6.74,365.3,60.0,1219.2
Ba3SrTa2O9,2032.0,6.74,365.3,70.0,1422.4
Ba3SrTa2O9,2032.0,6.74,365.3,80.0,1625.6
Ba3SrTa2O9,2032.0,6.74,365.3,90.0,1828.8
Ba3SrTa2O9,2032.0,6.74,365.3,100.0,2082.0
Ba3Ta2CdO9,1925.1,7.57,325.9,50.0,962.6
Ba3Ta2CdO9,1925.1,7.57,325.9,60.0,1155.1
Ba3Ta2CdO9,1925.1,7.57,325.9,70.0,1347.6
Ba3Ta2CdO9,1925.1,7.57,325.9,80.0,1540.1
Ba3Ta2CdO9,1925.1,7.57,325.9,90.0,1732.6
Ba3Ta2CdO9,1925.1,7.57,325.9,100.0,1975.1
Ba3Ta2CoO9,1923.9,7.99,308.9,50.0,961.9
Ba3Ta2CoO9,1923.9,7.99,308.9,60.0,1154.3
Ba3Ta2CoO9,1923.9,7.99,308.9,70.0,1346.7
Ba3Ta2CoO9,1923.9,7.99,308.9,80.0,1539.1
Ba3Ta2CoO9,1923.9,7.99,308.9,90.0,1731.5
Ba3Ta2CoO9,1923.9,7.99,308.9,100.0,1973.9
Ba3Ta2MnO9,1973.1,7.43,332.1,50.0,986.5
Ba3Ta2MnO9,1973.1,7.43,332.1,60.0,1183.8
Ba3Ta2MnO9,1973.1,7.43,332.1,70.0,1381.1
Ba3Ta2MnO9,1973.1,7.43,332.1,80.0,1578.4
Ba3Ta2MnO9,1973.1,7.43,332.1,90.0,1775.8
Ba3Ta2MnO9,1973.1,7.43,332.1,100.0,2023.1
Ba3Ta2NiO9,1920.8,7.7,320.4,50.0,960.4
Ba3Ta2NiO9,1920.8,7.7,320.4,60.0,1152.5
Ba3Ta2NiO9,1920.8,7.7,320.4,70.0,1344.5
Ba3Ta2NiO9,1920.8,7.7,320.4,80.0,1536.6
Ba3Ta2NiO9,1920.8,7.7,320.4,90.0,1728.7
Ba3Ta2NiO9,1920.8,7.7,320.4,100.0,1970.8
Ba3Ta2Se9,1209.4,5.93,414.3,50.0,604.7
Ba3Ta2Se9,1209.4,5.93,414.3,60.0,725.6
Ba3Ta2Se9,1209.4,5.93,414.3,70.0,846.6
Ba3Ta2Se9,1209.4,5.93,414.3,80.0,967.5
Ba3Ta2Se9,1209.4,5.93,414.3,90.0,1088.4
Ba3Ta2Se9,1209.4,5.93,414.3,100.0,1259.4
Ba3Ta2ZnO9,1947.3,7.66,322.1,50.0,973.6
Ba3Ta2ZnO9,1947.3,7.66,322.1,60.0,1168.4
Ba3Ta2ZnO9,1947.3,7.66,322.1,70.0,1363.1
Ba3Ta2ZnO9,1947.3,7.66,322.1,80.0,1557.8
Ba3Ta2ZnO9,1947.3,7.66,322.1,90.0,1752.5
Ba3Ta2ZnO9,1947.3,7.66,322.1,100.0,1997.3
Ba3Ta4Ti4O21,2071.2,6.4,384.4,50.0,1035.6
Ba3Ta4Ti4O21,2071.2,6.4,384.4,60.0,1242.7
Ba3Ta4Ti4O21,2071.2,6.4,384.4,70.0,1449.9
Ba3Ta4Ti4O21,2071.2,6.4,384.4,80.0,1657.0
Ba3Ta4Ti4O21,2071.2,6.4,384.4,90.0,1864.1
Ba3Ta4Ti4O21,2071.2,6.4,384.4,100.0,2121.2
Ba3Ta4TiO15,2057.2,7.27,339.3,50.0,1028.6
Ba3Ta4TiO15,2057.2,7.27,339.3,60.0,1234.3
Ba3Ta4TiO15,2057.2,7.27,339.3,70.0,1440.0
Ba3Ta4TiO15,2057.2,7.27,339.3,80.0,1645.8
Ba3Ta4TiO15,2057.2,7.27,339.3,90.0,1851.5
Ba3Ta4TiO15,2057.2,7.27,339.3,100.0,2107.2
Ba3Ta5O15,2044.7,8.08,305.7,50.0,1022.4
Ba3Ta5O15,2044.7,8.08,305.7,60.0,1226.8
Ba3Ta5O15,2044.7,8.08,305.7,70.0,1431.3
Ba3Ta5O15,2044.7,8.08,305.7,80.0,1635.8
Ba3Ta5O15,2044.7,8.08,305.7,90.0,1840.3
Ba3Ta5O15,2044.7,8.08,305.7,100.0,2094.7
Ba3Ta6(Si2O13)2,2044.1,6.13,401.5,50.0,1022.1
Ba3Ta6(Si2O13)2,2044.1,6.13,401.5,60.0,1226.5
Ba3Ta6(Si2O13)2,2044.1,6.13,401.5,70.0,1430.9
Ba3Ta6(Si2O13)2,2044.1,6.13,401.5,80.0,1635.3
Ba3Ta6(Si2O13)2,2044.1,6.13,401.5,90.0,1839.7
Ba3Ta6(Si2O13)2,2044.1,6.13,401.5,100.0,2094.1
Ba3Ta6Fe2O21,1929.0,7.23,340.9,50.0,964.5
Ba3Ta6Fe2O21,1929.0,7.23,340.9,60.0,1157.4
Ba3Ta6Fe2O21,1929.0,7.23,340.9,70.0,1350.3
Ba3Ta6Fe2O21,1929.0,7.23,340.9,80.0,1543.2
Ba3Ta6Fe2O21,1929.0,7.23,340.9,90.0,1736.1
Ba3Ta6Fe2O21,1929.0,7.23,340.9,100.0,1979.0
Ba3TaAs3O,1192.2,5.33,460.3,50.0,596.1
Ba3TaAs3O,1192.2,5.33,460.3,60.0,715.3
Ba3TaAs3O,1192.2,5.33,460.3,70.0,834.6
Ba3TaAs3O,1192.2,5.33,460.3,80.0,953.8
Ba3TaAs3O,1192.2,5.33,460.3,90.0,1073.0
Ba3TaAs3O,1192.2,5.33,460.3,100.0,1242.2
Ba3TaFe3(SiO7)2,1788.0,5.01,489.7,50.0,894.0
Ba3TaFe3(SiO7)2,1788.0,5.01,489.7,60.0,1072.8
Ba3TaFe3(SiO7)2,1788.0,5.01,489.7,70.0,1251.6
Ba3TaFe3(SiO7)2,1788.0,5.01,489.7,80.0,1430.4
Ba3TaFe3(SiO7)2,1788.0,5.01,489.7,90.0,1609.2
Ba3TaFe3(SiO7)2,1788.0,5.01,489.7,100.0,1838.0
Ba3TaN3Cl2,1321.6,5.41,453.7,50.0,660.8
Ba3TaN3Cl2,1321.6,5.41,453.7,60.0,792.9
Ba3TaN3Cl2,1321.6,5.41,453.7,70.0,925.1
Ba3TaN3Cl2,1321.6,5.41,453.7,80.0,1057.3
Ba3TaN3Cl2,1321.6,5.41,453.7,90.0,1189.4
Ba3TaN3Cl2,1321.6,5.41,453.7,100.0,1371.6
Ba3Tb(BO2)9,1909.0,3.94,618.5,50.0,954.5
Ba3Tb(BO2)9,1909.0,3.94,618.5,60.0,1145.4
Ba3Tb(BO2)9,1909.0,3.94,618.5,70.0,1336.3
Ba3Tb(BO2)9,1909.0,3.94,618.5,80.0,1527.2
Ba3Tb(BO2)9,1909.0,3.94,618.5,90.0,1718.1
Ba3Tb(BO2)9,1909.0,3.94,618.5,100.0,1959.0
Ba3Tb2(PS4)4,1172.8,3.5,695.1,50.0,586.4
Ba3Tb2(PS4)4,1172.8,3.5,695.1,60.0,703.7
Ba3Tb2(PS4)4,1172.8,3.5,695.1,70.0,820.9
Ba3Tb2(PS4)4,1172.8,3.5,695.1,80.0,938.2
Ba3Tb2(PS4)4,1172.8,3.5,695.1,90.0,1055.5
Ba3Tb2(PS4)4,1172.8,3.5,695.1,100.0,1222.8
Ba3Tb2WO9,1966.9,7.22,341.4,50.0,983.4
Ba3Tb2WO9,1966.9,7.22,341.4,60.0,1180.1
Ba3Tb2WO9,1966.9,7.22,341.4,70.0,1376.8
Ba3Tb2WO9,1966.9,7.22,341.4,80.0,1573.5
Ba3Tb2WO9,1966.9,7.22,341.4,90.0,1770.2
Ba3Tb2WO9,1966.9,7.22,341.4,100.0,2016.9
Ba3TbIrRuO9,1662.0,7.36,335.0,50.0,831.0
Ba3TbIrRuO9,1662.0,7.36,335.0,60.0,997.2
Ba3TbIrRuO9,1662.0,7.36,335.0,70.0,1163.4
Ba3TbIrRuO9,1662.0,7.36,335.0,80.0,1329.6
Ba3TbIrRuO9,1662.0,7.36,335.0,90.0,1495.8
Ba3TbIrRuO9,1662.0,7.36,335.0,100.0,1712.0
Ba3TbRu2O9,1682.1,6.75,365.1,50.0,841.0
Ba3TbRu2O9,1682.1,6.75,365.1,60.0,1009.2
Ba3TbRu2O9,1682.1,6.75,365.1,70.0,1177.4
Ba3TbRu2O9,1682.1,6.75,365.1,80.0,1345.7
Ba3TbRu2O9,1682.1,6.75,365.1,90.0,1513.9
Ba3TbRu2O9,1682.1,6.75,365.1,100.0,1732.1
Ba3Te2O9,1574.7,6.22,395.3,50.0,787.3
Ba3Te2O9,1574.7,6.22,395.3,60.0,944.8
Ba3Te2O9,1574.7,6.22,395.3,70.0,1102.3
Ba3Te2O9,1574.7,6.22,395.3,80.0,1259.7
Ba3Te2O9,1574.7,6.22,395.3,90.0,1417.2
Ba3Te2O9,1574.7,6.22,395.3,100.0,1624.7
Ba3Te3(BrO4)2,1529.2,5.0,490.2,50.0,764.6
Ba3Te3(BrO4)2,1529.2,5.0,490.2,60.0,917.5
Ba3Te3(BrO4)2,1529.2,5.0,490.2,70.0,1070.4
Ba3Te3(BrO4)2,1529.2,5.0,490.2,80.0,1223.4
Ba3Te3(BrO4)2,1529.2,5.0,490.2,90.0,1376.3
Ba3Te3(BrO4)2,1529.2,5.0,490.2,100.0,1579.2
Ba3Te4O11,1506.0,5.42,453.2,50.0,753.0
Ba3Te4O11,1506.0,5.42,453.2,60.0,903.6
Ba3Te4O11,1506.0,5.42,453.2,70.0,1054.2
Ba3Te4O11,1506.0,5.42,453.2,80.0,1204.8
Ba3Te4O11,1506.0,5.42,453.2,90.0,1355.4
Ba3Te4O11,1506.0,5.42,453.2,100.0,1556.0
Ba3ThSe7,1372.2,5.58,440.3,50.0,686.1
Ba3ThSe7,1372.2,5.58,440.3,60.0,823.3
Ba3ThSe7,1372.2,5.58,440.3,70.0,960.5
Ba3ThSe7,1372.2,5.58,440.3,80.0,1097.8
Ba3ThSe7,1372.2,5.58,440.3,90.0,1235.0
Ba3ThSe7,1372.2,5.58,440.3,100.0,1422.2
Ba3Ti20O40,2066.2,4.37,559.1,50.0,1033.1
Ba3Ti20O40,2066.2,4.37,559.1,60.0,1239.7
Ba3Ti20O40,2066.2,4.37,559.1,70.0,1446.3
Ba3Ti20O40,2066.2,4.37,559.1,80.0,1653.0
Ba3Ti20O40,2066.2,4.37,559.1,90.0,1859.6
Ba3Ti20O40,2066.2,4.37,559.1,100.0,2116.2
Ba3TiFe2O9,1675.4,5.83,421.7,50.0,837.7
Ba3TiFe2O9,1675.4,5.83,421.7,60.0,1005.2
Ba3TiFe2O9,1675.4,5.83,421.7,70.0,1172.8
Ba3TiFe2O9,1675.4,5.83,421.7,80.0,1340.3
Ba3TiFe2O9,1675.4,5.83,421.7,90.0,1507.9
Ba3TiFe2O9,1675.4,5.83,421.7,100.0,1725.4
Ba3Tm(BO2)9,1912.3,4.06,600.8,50.0,956.1
Ba3Tm(BO2)9,1912.3,4.06,600.8,60.0,1147.4
Ba3Tm(BO2)9,1912.3,4.06,600.8,70.0,1338.6
Ba3Tm(BO2)9,1912.3,4.06,600.8,80.0,1529.8
Ba3Tm(BO2)9,1912.3,4.06,600.8,90.0,1721.1
Ba3Tm(BO2)9,1912.3,4.06,600.8,100.0,1962.3
Ba3Tm(BO3)3,1992.1,5.59,439.2,50.0,996.0
Ba3Tm(BO3)3,1992.1,5.59,439.2,60.0,1195.2
Ba3Tm(BO3)3,1992.1,5.59,439.2,70.0,1394.5
Ba3Tm(BO3)3,1992.1,5.59,439.2,80.0,1593.7
Ba3Tm(BO3)3,1992.1,5.59,439.2,90.0,1792.9
Ba3Tm(BO3)3,1992.1,5.59,439.2,100.0,2042.1
Ba3Tm4O9,2131.5,7.61,324.3,50.0,1065.7
Ba3Tm4O9,2131.5,7.61,324.3,60.0,1278.9
Ba3Tm4O9,2131.5,7.61,324.3,70.0,1492.0
Ba3Tm4O9,2131.5,7.61,324.3,80.0,1705.2
Ba3Tm4O9,2131.5,7.61,324.3,90.0,1918.3
Ba3Tm4O9,2131.5,7.61,324.3,100.0,2181.5
Ba3Tm4O9,2095.1,7.8,316.3,50.0,1047.5
Ba3Tm4O9,2095.1,7.8,316.3,60.0,1257.1
Ba3Tm4O9,2095.1,7.8,316.3,70.0,1466.6
Ba3Tm4O9,2095.1,7.8,316.3,80.0,1676.1
Ba3Tm4O9,2095.1,7.8,316.3,90.0,1885.6
Ba3Tm4O9,2095.1,7.8,316.3,100.0,2145.1
Ba3TmIrRuO9,1673.6,7.61,324.3,50.0,836.8
Ba3TmIrRuO9,1673.6,7.61,324.3,60.0,1004.1
Ba3TmIrRuO9,1673.6,7.61,324.3,70.0,1171.5
Ba3TmIrRuO9,1673.6,7.61,324.3,80.0,1338.9
Ba3TmIrRuO9,1673.6,7.61,324.3,90.0,1506.2
Ba3TmIrRuO9,1673.6,7.61,324.3,100.0,1723.6
Ba3UAgS6,1356.6,5.12,478.7,50.0,678.3
Ba3UAgS6,1356.6,5.12,478.7,60.0,814.0
Ba3UAgS6,1356.6,5.12,478.7,70.0,949.6
Ba3UAgS6,1356.6,5.12,478.7,80.0,1085.3
Ba3UAgS6,1356.6,5.12,478.7,90.0,1220.9
Ba3UAgS6,1356.6,5.12,478.7,100.0,1406.6
Ba3UFe2O9,1799.6,7.1,347.3,50.0,899.8
Ba3UFe2O9,1799.6,7.1,347.3,60.0,1079.8
Ba3UFe2O9,1799.6,7.1,347.3,70.0,1259.7
Ba3UFe2O9,1799.6,7.1,347.3,80.0,1439.7
Ba3UFe2O9,1799.6,7.1,347.3,90.0,1619.7
Ba3UFe2O9,1799.6,7.1,347.3,100.0,1849.6
Ba3UIn2O9,1836.8,7.07,348.8,50.0,918.4
Ba3UIn2O9,1836.8,7.07,348.8,60.0,1102.1
Ba3UIn2O9,1836.8,7.07,348.8,70.0,1285.7
Ba3UIn2O9,1836.8,7.07,348.8,80.0,1469.4
Ba3UIn2O9,1836.8,7.07,348.8,90.0,1653.1
Ba3UIn2O9,1836.8,7.07,348.8,100.0,1886.8
Ba3V2O8,1858.5,5.09,482.0,50.0,929.3
Ba3V2O8,1858.5,5.09,482.0,60.0,1115.1
Ba3V2O8,1858.5,5.09,482.0,70.0,1301.0
Ba3V2O8,1858.5,5.09,482.0,80.0,1486.8
Ba3V2O8,1858.5,5.09,482.0,90.0,1672.7
Ba3V2O8,1858.5,5.09,482.0,100.0,1908.5
Ba3V4(PO4)6,1817.8,3.86,632.0,50.0,908.9
Ba3V4(PO4)6,1817.8,3.86,632.0,60.0,1090.7
Ba3V4(PO4)6,1817.8,3.86,632.0,70.0,1272.5
Ba3V4(PO4)6,1817.8,3.86,632.0,80.0,1454.3
Ba3V4(PO4)6,1817.8,3.86,632.0,90.0,1636.0
Ba3V4(PO4)6,1817.8,3.86,632.0,100.0,1867.8
Ba3V4O13,1770.4,4.02,607.0,50.0,885.2
Ba3V4O13,1770.4,4.02,607.0,60.0,1062.2
Ba3V4O13,1770.4,4.02,607.0,70.0,1239.3
Ba3V4O13,1770.4,4.02,607.0,80.0,1416.3
Ba3V4O13,1770.4,4.02,607.0,90.0,1593.4
Ba3V4O13,1770.4,4.02,607.0,100.0,1820.4
Ba3V4PbO14,1730.4,4.65,525.8,50.0,865.2
Ba3V4PbO14,1730.4,4.65,525.8,60.0,1038.2
Ba3V4PbO14,1730.4,4.65,525.8,70.0,1211.3
Ba3V4PbO14,1730.4,4.65,525.8,80.0,1384.3
Ba3V4PbO14,1730.4,4.65,525.8,90.0,1557.4
Ba3V4PbO14,1730.4,4.65,525.8,100.0,1780.4
Ba3WCl2O5,1808.6,5.1,480.8,50.0,904.3
Ba3WCl2O5,1808.6,5.1,480.8,60.0,1085.2
Ba3WCl2O5,1808.6,5.1,480.8,70.0,1266.0
Ba3WCl2O5,1808.6,5.1,480.8,80.0,1446.9
Ba3WCl2O5,1808.6,5.1,480.8,90.0,1627.7
Ba3WCl2O5,1808.6,5.1,480.8,100.0,1858.6
Ba3WN4,988.0,6.14,400.7,50.0,494.0
Ba3WN4,988.0,6.14,400.7,60.0,592.8
Ba3WN4,988.0,6.14,400.7,70.0,691.6
Ba3WN4,988.0,6.14,400.7,80.0,790.4
Ba3WN4,988.0,6.14,400.7,90.0,889.2
Ba3WN4,988.0,6.14,400.7,100.0,1038.0
Ba3WO6,1789.3,6.29,390.9,50.0,894.7
Ba3WO6,1789.3,6.29,390.9,60.0,1073.6
Ba3WO6,1789.3,6.29,390.9,70.0,1252.5
Ba3WO6,1789.3,6.29,390.9,80.0,1431.5
Ba3WO6,1789.3,6.29,390.9,90.0,1610.4
Ba3WO6,1789.3,6.29,390.9,100.0,1839.3
Ba3Y(BO3)3,1981.7,4.76,514.5,50.0,990.9
Ba3Y(BO3)3,1981.7,4.76,514.5,60.0,1189.0
Ba3Y(BO3)3,1981.7,4.76,514.5,70.0,1387.2
Ba3Y(BO3)3,1981.7,4.76,514.5,80.0,1585.4
Ba3Y(BO3)3,1981.7,4.76,514.5,90.0,1783.6
Ba3Y(BO3)3,1981.7,4.76,514.5,100.0,2031.7
Ba3Y2(B2O5)3,1980.5,3.95,617.1,50.0,990.3
Ba3Y2(B2O5)3,1980.5,3.95,617.1,60.0,1188.3
Ba3Y2(B2O5)3,1980.5,3.95,617.1,70.0,1386.4
Ba3Y2(B2O5)3,1980.5,3.95,617.1,80.0,1584.4
Ba3Y2(B2O5)3,1980.5,3.95,617.1,90.0,1782.5
Ba3Y2(B2O5)3,1980.5,3.95,617.1,100.0,2030.5
Ba3Y2MoO9,1921.9,5.7,430.9,50.0,960.9
Ba3Y2MoO9,1921.9,5.7,430.9,60.0,1153.1
Ba3Y2MoO9,1921.9,5.7,430.9,70.0,1345.3
Ba3Y2MoO9,1921.9,5.7,430.9,80.0,1537.5
Ba3Y2MoO9,1921.9,5.7,430.9,90.0,1729.7
Ba3Y2MoO9,1921.9,5.7,430.9,100.0,1971.9
Ba3Y2WO9,1961.0,6.5,379.0,50.0,980.5
Ba3Y2WO9,1961.0,6.5,379.0,60.0,1176.6
Ba3Y2WO9,1961.0,6.5,379.0,70.0,1372.7
Ba3Y2WO9,1961.0,6.5,379.0,80.0,1568.8
Ba3Y2WO9,1961.0,6.5,379.0,90.0,1764.9
Ba3Y2WO9,1961.0,6.5,379.0,100.0,2011.0
Ba3YIr2O9,1637.3,7.55,326.6,50.0,818.6
Ba3YIr2O9,1637.3,7.55,326.6,60.0,982.4
Ba3YIr2O9,1637.3,7.55,326.6,70.0,1146.1
Ba3YIr2O9,1637.3,7.55,326.6,80.0,1309.8
Ba3YIr2O9,1637.3,7.55,326.6,90.0,1473.6
Ba3YIr2O9,1637.3,7.55,326.6,100.0,1687.3
Ba3YIrRuO9,1659.4,6.91,356.9,50.0,829.7
Ba3YIrRuO9,1659.4,6.91,356.9,60.0,995.6
Ba3YIrRuO9,1659.4,6.91,356.9,70.0,1161.6
Ba3YIrRuO9,1659.4,6.91,356.9,80.0,1327.5
Ba3YIrRuO9,1659.4,6.91,356.9,90.0,1493.4
Ba3YIrRuO9,1659.4,6.91,356.9,100.0,1709.4
Ba3YRu2O9,1679.8,6.25,393.6,50.0,839.9
Ba3YRu2O9,1679.8,6.25,393.6,60.0,1007.9
Ba3YRu2O9,1679.8,6.25,393.6,70.0,1175.8
Ba3YRu2O9,1679.8,6.25,393.6,80.0,1343.8
Ba3YRu2O9,1679.8,6.25,393.6,90.0,1511.8
Ba3YRu2O9,1679.8,6.25,393.6,100.0,1729.8
Ba3YRuPtO9,1635.8,6.78,363.4,50.0,817.9
Ba3YRuPtO9,1635.8,6.78,363.4,60.0,981.5
Ba3YRuPtO9,1635.8,6.78,363.4,70.0,1145.1
Ba3YRuPtO9,1635.8,6.78,363.4,80.0,1308.6
Ba3YRuPtO9,1635.8,6.78,363.4,90.0,1472.2
Ba3YRuPtO9,1635.8,6.78,363.4,100.0,1685.8
Ba3Yb2TeO5,1951.0,7.12,346.4,50.0,975.5
Ba3Yb2TeO5,1951.0,7.12,346.4,60.0,1170.6
Ba3Yb2TeO5,1951.0,7.12,346.4,70.0,1365.7
Ba3Yb2TeO5,1951.0,7.12,346.4,80.0,1560.8
Ba3Yb2TeO5,1951.0,7.12,346.4,90.0,1755.9
Ba3Yb2TeO5,1951.0,7.12,346.4,100.0,2001.0
Ba3Yb4O9,2104.5,8.0,308.6,50.0,1052.2
Ba3Yb4O9,2104.5,8.0,308.6,60.0,1262.7
Ba3Yb4O9,2104.5,8.0,308.6,70.0,1473.1
Ba3Yb4O9,2104.5,8.0,308.6,80.0,1683.6
Ba3Yb4O9,2104.5,8.0,308.6,90.0,1894.0
Ba3Yb4O9,2104.5,8.0,308.6,100.0,2154.5
Ba3Zn3Te(PO7)2,1683.4,4.93,496.9,50.0,841.7
Ba3Zn3Te(PO7)2,1683.4,4.93,496.9,60.0,1010.0
Ba3Zn3Te(PO7)2,1683.4,4.93,496.9,70.0,1178.4
Ba3Zn3Te(PO7)2,1683.4,4.93,496.9,80.0,1346.7
Ba3Zn3Te(PO7)2,1683.4,4.93,496.9,90.0,1515.0
Ba3Zn3Te(PO7)2,1683.4,4.93,496.9,100.0,1733.4
Ba3Zn5In2O11,1482.3,6.09,403.8,50.0,741.1
Ba3Zn5In2O11,1482.3,6.09,403.8,60.0,889.4
Ba3Zn5In2O11,1482.3,6.09,403.8,70.0,1037.6
Ba3Zn5In2O11,1482.3,6.09,403.8,80.0,1185.8
Ba3Zn5In2O11,1482.3,6.09,403.8,90.0,1334.0
Ba3Zn5In2O11,1482.3,6.09,403.8,100.0,1532.3
Ba3Zn6Si4TeO20,1682.2,4.82,507.9,50.0,841.1
Ba3Zn6Si4TeO20,1682.2,4.82,507.9,60.0,1009.3
Ba3Zn6Si4TeO20,1682.2,4.82,507.9,70.0,1177.5
Ba3Zn6Si4TeO20,1682.2,4.82,507.9,80.0,1345.7
Ba3Zn6Si4TeO20,1682.2,4.82,507.9,90.0,1514.0
Ba3Zn6Si4TeO20,1682.2,4.82,507.9,100.0,1732.2
Ba3ZnB5PO14,1857.8,4.16,586.3,50.0,928.9
Ba3ZnB5PO14,1857.8,4.16,586.3,60.0,1114.7
Ba3ZnB5PO14,1857.8,4.16,586.3,70.0,1300.4
Ba3ZnB5PO14,1857.8,4.16,586.3,80.0,1486.2
Ba3ZnB5PO14,1857.8,4.16,586.3,90.0,1672.0
Ba3ZnB5PO14,1857.8,4.16,586.3,100.0,1907.8
Ba3ZnIr2O9,1450.9,7.76,318.1,50.0,725.4
Ba3ZnIr2O9,1450.9,7.76,318.1,60.0,870.5
Ba3ZnIr2O9,1450.9,7.76,318.1,70.0,1015.6
Ba3ZnIr2O9,1450.9,7.76,318.1,80.0,1160.7
Ba3ZnIr2O9,1450.9,7.76,318.1,90.0,1305.8
Ba3ZnIr2O9,1450.9,7.76,318.1,100.0,1500.9
Ba3ZnIrRuO9,1480.6,7.13,345.6,50.0,740.3
Ba3ZnIrRuO9,1480.6,7.13,345.6,60.0,888.4
Ba3ZnIrRuO9,1480.6,7.13,345.6,70.0,1036.4
Ba3ZnIrRuO9,1480.6,7.13,345.6,80.0,1184.5
Ba3ZnIrRuO9,1480.6,7.13,345.6,90.0,1332.6
Ba3ZnIrRuO9,1480.6,7.13,345.6,100.0,1530.6
Ba3ZnRu2O9,1505.2,6.37,386.4,50.0,752.6
Ba3ZnRu2O9,1505.2,6.37,386.4,60.0,903.1
Ba3ZnRu2O9,1505.2,6.37,386.4,70.0,1053.7
Ba3ZnRu2O9,1505.2,6.37,386.4,80.0,1204.2
Ba3ZnRu2O9,1505.2,6.37,386.4,90.0,1354.7
Ba3ZnRu2O9,1505.2,6.37,386.4,100.0,1555.2
Ba3ZnSb2O9,1621.4,6.39,385.0,50.0,810.7
Ba3ZnSb2O9,1621.4,6.39,385.0,60.0,972.8
Ba3ZnSb2O9,1621.4,6.39,385.0,70.0,1135.0
Ba3ZnSb2O9,1621.4,6.39,385.0,80.0,1297.1
Ba3ZnSb2O9,1621.4,6.39,385.0,90.0,1459.2
Ba3ZnSb2O9,1621.4,6.39,385.0,100.0,1671.4
Ba3Zr2O7,2083.8,6.03,407.9,50.0,1041.9
Ba3Zr2O7,2083.8,6.03,407.9,60.0,1250.3
Ba3Zr2O7,2083.8,6.03,407.9,70.0,1458.6
Ba3Zr2O7,2083.8,6.03,407.9,80.0,1667.0
Ba3Zr2O7,2083.8,6.03,407.9,90.0,1875.4
Ba3Zr2O7,2083.8,6.03,407.9,100.0,2133.8
Ba3Zr2S7,1467.2,4.18,583.5,50.0,733.6
Ba3Zr2S7,1467.2,4.18,583.5,60.0,880.3
Ba3Zr2S7,1467.2,4.18,583.5,70.0,1027.1
Ba3Zr2S7,1467.2,4.18,583.5,80.0,1173.8
Ba3Zr2S7,1467.2,4.18,583.5,90.0,1320.5
Ba3Zr2S7,1467.2,4.18,583.5,100.0,1517.2
Ba3Zr6BeCl18,1529.1,3.56,684.0,50.0,764.6
Ba3Zr6BeCl18,1529.1,3.56,684.0,60.0,917.5
Ba3Zr6BeCl18,1529.1,3.56,684.0,70.0,1070.4
Ba3Zr6BeCl18,1529.1,3.56,684.0,80.0,1223.3
Ba3Zr6BeCl18,1529.1,3.56,684.0,90.0,1376.2
Ba3Zr6BeCl18,1529.1,3.56,684.0,100.0,1579.1
Ba3ZrIr2O9,1660.1,7.85,314.3,50.0,830.0
Ba3ZrIr2O9,1660.1,7.85,314.3,60.0,996.0
Ba3ZrIr2O9,1660.1,7.85,314.3,70.0,1162.0
Ba3ZrIr2O9,1660.1,7.85,314.3,80.0,1328.1
Ba3ZrIr2O9,1660.1,7.85,314.3,90.0,1494.1
Ba3ZrIr2O9,1660.1,7.85,314.3,100.0,1710.1
Ba4(PtO3)3,1433.8,8.21,300.7,50.0,716.9
Ba4(PtO3)3,1433.8,8.21,300.7,60.0,860.3
Ba4(PtO3)3,1433.8,8.21,300.7,70.0,1003.7
Ba4(PtO3)3,1433.8,8.21,300.7,80.0,1147.1
Ba4(PtO3)3,1433.8,8.21,300.7,90.0,1290.5
Ba4(PtO3)3,1433.8,8.21,300.7,100.0,1483.8
Ba4(Sn3Bi)3,710.7,7.0,352.0,50.0,355.4
Ba4(Sn3Bi)3,710.7,7.0,352.0,60.0,426.4
Ba4(Sn3Bi)3,710.7,7.0,352.0,70.0,497.5
Ba4(Sn3Bi)3,710.7,7.0,352.0,80.0,568.6
Ba4(Sn3Bi)3,710.7,7.0,352.0,90.0,639.7
Ba4(Sn3Bi)3,710.7,7.0,352.0,100.0,760.7
Ba4Ag3Ge20,616.7,5.77,425.8,50.0,308.4
Ba4Ag3Ge20,616.7,5.77,425.8,60.0,370.0
Ba4Ag3Ge20,616.7,5.77,425.8,70.0,431.7
Ba4Ag3Ge20,616.7,5.77,425.8,80.0,493.4
Ba4Ag3Ge20,616.7,5.77,425.8,90.0,555.1
Ba4Ag3Ge20,616.7,5.77,425.8,100.0,666.7
Ba4AgAuO6,1488.5,6.86,359.3,50.0,744.3
Ba4AgAuO6,1488.5,6.86,359.3,60.0,893.1
Ba4AgAuO6,1488.5,6.86,359.3,70.0,1042.0
Ba4AgAuO6,1488.5,6.86,359.3,80.0,1190.8
Ba4AgAuO6,1488.5,6.86,359.3,90.0,1339.7
Ba4AgAuO6,1488.5,6.86,359.3,100.0,1538.5
Ba4Al2O7,1934.0,5.08,482.7,50.0,967.0
Ba4Al2O7,1934.0,5.08,482.7,60.0,1160.4
Ba4Al2O7,1934.0,5.08,482.7,70.0,1353.8
Ba4Al2O7,1934.0,5.08,482.7,80.0,1547.2
Ba4Al2O7,1934.0,5.08,482.7,90.0,1740.6
Ba4Al2O7,1934.0,5.08,482.7,100.0,1984.0
Ba4Al5,599.8,3.89,627.0,50.0,299.9
Ba4Al5,599.8,3.89,627.0,60.0,359.9
Ba4Al5,599.8,3.89,627.0,70.0,419.9
Ba4Al5,599.8,3.89,627.0,80.0,479.9
Ba4Al5,599.8,3.89,627.0,90.0,539.8
Ba4Al5,599.8,3.89,627.0,100.0,649.8
Ba4As2O,1209.9,5.04,486.1,50.0,604.9
Ba4As2O,1209.9,5.04,486.1,60.0,725.9
Ba4As2O,1209.9,5.04,486.1,70.0,846.9
Ba4As2O,1209.9,5.04,486.1,80.0,967.9
Ba4As2O,1209.9,5.04,486.1,90.0,1088.9
Ba4As2O,1209.9,5.04,486.1,100.0,1259.9
Ba4As3,971.0,5.1,481.0,50.0,485.5
Ba4As3,971.0,5.1,481.0,60.0,582.6
Ba4As3,971.0,5.1,481.0,70.0,679.7
Ba4As3,971.0,5.1,481.0,80.0,776.8
Ba4As3,971.0,5.1,481.0,90.0,873.9
Ba4As3,971.0,5.1,481.0,100.0,1021.0
Ba4Bi(IrO4)3,1440.8,8.13,303.7,50.0,720.4
Ba4Bi(IrO4)3,1440.8,8.13,303.7,60.0,864.5
Ba4Bi(IrO4)3,1440.8,8.13,303.7,70.0,1008.5
Ba4Bi(IrO4)3,1440.8,8.13,303.7,80.0,1152.6
Ba4Bi(IrO4)3,1440.8,8.13,303.7,90.0,1296.7
Ba4Bi(IrO4)3,1440.8,8.13,303.7,100.0,1490.8
Ba4Bi(PbO4)3,1468.0,7.82,315.7,50.0,734.0
Ba4Bi(PbO4)3,1468.0,7.82,315.7,60.0,880.8
Ba4Bi(PbO4)3,1468.0,7.82,315.7,70.0,1027.6
Ba4Bi(PbO4)3,1468.0,7.82,315.7,80.0,1174.4
Ba4Bi(PbO4)3,1468.0,7.82,315.7,90.0,1321.2
Ba4Bi(PbO4)3,1468.0,7.82,315.7,100.0,1518.0
Ba4Bi2O,1183.3,6.05,406.3,50.0,591.7
Ba4Bi2O,1183.3,6.05,406.3,60.0,710.0
Ba4Bi2O,1183.3,6.05,406.3,70.0,828.3
Ba4Bi2O,1183.3,6.05,406.3,80.0,946.7
Ba4Bi2O,1183.3,6.05,406.3,90.0,1065.0
Ba4Bi2O,1183.3,6.05,406.3,100.0,1233.3
Ba4Bi3,910.3,6.33,388.7,50.0,455.1
Ba4Bi3,910.3,6.33,388.7,60.0,546.2
Ba4Bi3,910.3,6.33,388.7,70.0,637.2
Ba4Bi3,910.3,6.33,388.7,80.0,728.2
Ba4Bi3,910.3,6.33,388.7,90.0,819.3
Ba4Bi3,910.3,6.33,388.7,100.0,960.3
Ba4Bi3F17,2076.7,6.58,374.5,50.0,1038.3
Ba4Bi3F17,2076.7,6.58,374.5,60.0,1246.0
Ba4Bi3F17,2076.7,6.58,374.5,70.0,1453.7
Ba4Bi3F17,2076.7,6.58,374.5,80.0,1661.3
Ba4Bi3F17,2076.7,6.58,374.5,90.0,1869.0
Ba4Bi3F17,2076.7,6.58,374.5,100.0,2126.7
Ba4Br6O,1716.9,4.59,533.1,50.0,858.5
Ba4Br6O,1716.9,4.59,533.1,60.0,1030.2
Ba4Br6O,1716.9,4.59,533.1,70.0,1201.8
Ba4Br6O,1716.9,4.59,533.1,80.0,1373.5
Ba4Br6O,1716.9,4.59,533.1,90.0,1545.2
Ba4Br6O,1716.9,4.59,533.1,100.0,1766.9
Ba4CaV4Cu2F28,2008.9,4.1,595.2,50.0,1004.5
Ba4CaV4Cu2F28,2008.9,4.1,595.2,60.0,1205.4
Ba4CaV4Cu2F28,2008.9,4.1,595.2,70.0,1406.3
Ba4CaV4Cu2F28,2008.9,4.1,595.2,80.0,1607.1
Ba4CaV4Cu2F28,2008.9,4.1,595.2,90.0,1808.0
Ba4CaV4Cu2F28,2008.9,4.1,595.2,100.0,2058.9
Ba4Ce(RuO4)3,1647.8,6.43,382.7,50.0,823.9
Ba4Ce(RuO4)3,1647.8,6.43,382.7,60.0,988.7
Ba4Ce(RuO4)3,1647.8,6.43,382.7,70.0,1153.5
Ba4Ce(RuO4)3,1647.8,6.43,382.7,80.0,1318.3
Ba4Ce(RuO4)3,1647.8,6.43,382.7,90.0,1483.0
Ba4Ce(RuO4)3,1647.8,6.43,382.7,100.0,1697.8
Ba4CeMn3O12,1749.3,5.93,414.4,50.0,874.7
Ba4CeMn3O12,1749.3,5.93,414.4,60.0,1049.6
Ba4CeMn3O12,1749.3,5.93,414.4,70.0,1224.5
Ba4CeMn3O12,1749.3,5.93,414.4,80.0,1399.4
Ba4CeMn3O12,1749.3,5.93,414.4,90.0,1574.4
Ba4CeMn3O12,1749.3,5.93,414.4,100.0,1799.3
Ba4Cl6O,1847.0,3.86,631.7,50.0,923.5
Ba4Cl6O,1847.0,3.86,631.7,60.0,1108.2
Ba4Cl6O,1847.0,3.86,631.7,70.0,1292.9
Ba4Cl6O,1847.0,3.86,631.7,80.0,1477.6
Ba4Cl6O,1847.0,3.86,631.7,90.0,1662.3
Ba4Cl6O,1847.0,3.86,631.7,100.0,1897.0
Ba4Co(ReO6)2,1682.6,7.35,335.7,50.0,841.3
Ba4Co(ReO6)2,1682.6,7.35,335.7,60.0,1009.5
Ba4Co(ReO6)2,1682.6,7.35,335.7,70.0,1177.8
Ba4Co(ReO6)2,1682.6,7.35,335.7,80.0,1346.1
Ba4Co(ReO6)2,1682.6,7.35,335.7,90.0,1514.3
Ba4Co(ReO6)2,1682.6,7.35,335.7,100.0,1732.6
Ba4Cu11(Te4S)2,873.6,6.45,381.6,50.0,436.8
Ba4Cu11(Te4S)2,873.6,6.45,381.6,60.0,524.2
Ba4Cu11(Te4S)2,873.6,6.45,381.6,70.0,611.5
Ba4Cu11(Te4S)2,873.6,6.45,381.6,80.0,698.9
Ba4Cu11(Te4S)2,873.6,6.45,381.6,90.0,786.3
Ba4Cu11(Te4S)2,873.6,6.45,381.6,100.0,923.6
Ba4Cu2Si21,589.5,3.74,650.4,50.0,294.8
Ba4Cu2Si21,589.5,3.74,650.4,60.0,353.7
Ba4Cu2Si21,589.5,3.74,650.4,70.0,412.7
Ba4Cu2Si21,589.5,3.74,650.4,80.0,471.6
Ba4Cu2Si21,589.5,3.74,650.4,90.0,530.6
Ba4Cu2Si21,589.5,3.74,650.4,100.0,639.5
Ba4Cu3Ge20,623.8,5.75,427.4,50.0,311.9
Ba4Cu3Ge20,623.8,5.75,427.4,60.0,374.3
Ba4Cu3Ge20,623.8,5.75,427.4,70.0,436.7
Ba4Cu3Ge20,623.8,5.75,427.4,80.0,499.1
Ba4Cu3Ge20,623.8,5.75,427.4,90.0,561.4
Ba4Cu3Ge20,623.8,5.75,427.4,100.0,673.8
Ba4Cu3Si20,596.3,3.91,624.0,50.0,298.1
Ba4Cu3Si20,596.3,3.91,624.0,60.0,357.8
Ba4Cu3Si20,596.3,3.91,624.0,70.0,417.4
Ba4Cu3Si20,596.3,3.91,624.0,80.0,477.0
Ba4Cu3Si20,596.3,3.91,624.0,90.0,536.7
Ba4Cu3Si20,596.3,3.91,624.0,100.0,646.3
Ba4Cu8P15,714.8,4.96,493.9,50.0,357.4
Ba4Cu8P15,714.8,4.96,493.9,60.0,428.9
Ba4Cu8P15,714.8,4.96,493.9,70.0,500.4
Ba4Cu8P15,714.8,4.96,493.9,80.0,571.9
Ba4Cu8P15,714.8,4.96,493.9,90.0,643.4
Ba4Cu8P15,714.8,4.96,493.9,100.0,764.8
Ba4Fe4O11,1501.9,5.73,429.1,50.0,750.9
Ba4Fe4O11,1501.9,5.73,429.1,60.0,901.1
Ba4Fe4O11,1501.9,5.73,429.1,70.0,1051.3
Ba4Fe4O11,1501.9,5.73,429.1,80.0,1201.5
Ba4Fe4O11,1501.9,5.73,429.1,90.0,1351.7
Ba4Fe4O11,1501.9,5.73,429.1,100.0,1551.9
Ba4Ga2O7,1743.5,5.71,430.2,50.0,871.7
Ba4Ga2O7,1743.5,5.71,430.2,60.0,1046.1
Ba4Ga2O7,1743.5,5.71,430.2,70.0,1220.4
Ba4Ga2O7,1743.5,5.71,430.2,80.0,1394.8
Ba4Ga2O7,1743.5,5.71,430.2,90.0,1569.1
Ba4Ga2O7,1743.5,5.71,430.2,100.0,1793.5
Ba4Ga3Si20,584.1,3.81,639.6,50.0,292.0
Ba4Ga3Si20,584.1,3.81,639.6,60.0,350.5
Ba4Ga3Si20,584.1,3.81,639.6,70.0,408.9
Ba4Ga3Si20,584.1,3.81,639.6,80.0,467.3
Ba4Ga3Si20,584.1,3.81,639.6,90.0,525.7
Ba4Ga3Si20,584.1,3.81,639.6,100.0,634.1
Ba4Gd(CuO3)3,1566.6,6.28,392.0,50.0,783.3
Ba4Gd(CuO3)3,1566.6,6.28,392.0,60.0,940.0
Ba4Gd(CuO3)3,1566.6,6.28,392.0,70.0,1096.6
Ba4Gd(CuO3)3,1566.6,6.28,392.0,80.0,1253.3
Ba4Gd(CuO3)3,1566.6,6.28,392.0,90.0,1409.9
Ba4Gd(CuO3)3,1566.6,6.28,392.0,100.0,1616.6
Ba4Ge20Au3,644.8,6.46,380.9,50.0,322.4
Ba4Ge20Au3,644.8,6.46,380.9,60.0,386.9
Ba4Ge20Au3,644.8,6.46,380.9,70.0,451.3
Ba4Ge20Au3,644.8,6.46,380.9,80.0,515.8
Ba4Ge20Au3,644.8,6.46,380.9,90.0,580.3
Ba4Ge20Au3,644.8,6.46,380.9,100.0,694.8
Ba4GeAs4,936.5,4.96,494.5,50.0,468.3
Ba4GeAs4,936.5,4.96,494.5,60.0,561.9
Ba4GeAs4,936.5,4.96,494.5,70.0,655.6
Ba4GeAs4,936.5,4.96,494.5,80.0,749.2
Ba4GeAs4,936.5,4.96,494.5,90.0,842.9
Ba4GeAs4,936.5,4.96,494.5,100.0,986.5
Ba4GeP4,912.8,4.28,570.2,50.0,456.4
Ba4GeP4,912.8,4.28,570.2,60.0,547.7
Ba4GeP4,912.8,4.28,570.2,70.0,638.9
Ba4GeP4,912.8,4.28,570.2,80.0,730.2
Ba4GeP4,912.8,4.28,570.2,90.0,821.5
Ba4GeP4,912.8,4.28,570.2,100.0,962.8
Ba4Hf3O10,2113.0,7.88,313.4,50.0,1056.5
Ba4Hf3O10,2113.0,7.88,313.4,60.0,1267.8
Ba4Hf3O10,2113.0,7.88,313.4,70.0,1479.1
Ba4Hf3O10,2113.0,7.88,313.4,80.0,1690.4
Ba4Hf3O10,2113.0,7.88,313.4,90.0,1901.7
Ba4Hf3O10,2113.0,7.88,313.4,100.0,2163.0
Ba4Ho(CuO3)3,1577.8,6.45,381.8,50.0,788.9
Ba4Ho(CuO3)3,1577.8,6.45,381.8,60.0,946.7
Ba4Ho(CuO3)3,1577.8,6.45,381.8,70.0,1104.5
Ba4Ho(CuO3)3,1577.8,6.45,381.8,80.0,1262.3
Ba4Ho(CuO3)3,1577.8,6.45,381.8,90.0,1420.0
Ba4Ho(CuO3)3,1577.8,6.45,381.8,100.0,1627.8
Ba4I6O,1522.4,4.88,501.7,50.0,761.2
Ba4I6O,1522.4,4.88,501.7,60.0,913.4
Ba4I6O,1522.4,4.88,501.7,70.0,1065.7
Ba4I6O,1522.4,4.88,501.7,80.0,1217.9
Ba4I6O,1522.4,4.88,501.7,90.0,1370.2
Ba4I6O,1522.4,4.88,501.7,100.0,1572.4
Ba4In2Te2S5,1277.0,4.9,500.1,50.0,638.5
Ba4In2Te2S5,1277.0,4.9,500.1,60.0,766.2
Ba4In2Te2S5,1277.0,4.9,500.1,70.0,893.9
Ba4In2Te2S5,1277.0,4.9,500.1,80.0,1021.6
Ba4In2Te2S5,1277.0,4.9,500.1,90.0,1149.3
Ba4In2Te2S5,1277.0,4.9,500.1,100.0,1327.0
Ba4InAgS6,1310.2,4.61,530.9,50.0,655.1
Ba4InAgS6,1310.2,4.61,530.9,60.0,786.1
Ba4InAgS6,1310.2,4.61,530.9,70.0,917.1
Ba4InAgS6,1310.2,4.61,530.9,80.0,1048.1
Ba4InAgS6,1310.2,4.61,530.9,90.0,1179.2
Ba4InAgS6,1310.2,4.61,530.9,100.0,1360.2
Ba4InSbO8,1705.9,6.28,391.9,50.0,853.0
Ba4InSbO8,1705.9,6.28,391.9,60.0,1023.6
Ba4InSbO8,1705.9,6.28,391.9,70.0,1194.2
Ba4InSbO8,1705.9,6.28,391.9,80.0,1364.8
Ba4InSbO8,1705.9,6.28,391.9,90.0,1535.4
Ba4InSbO8,1705.9,6.28,391.9,100.0,1755.9
Ba4Ir3O10,1465.7,8.24,299.6,50.0,732.9
Ba4Ir3O10,1465.7,8.24,299.6,60.0,879.4
Ba4Ir3O10,1465.7,8.24,299.6,70.0,1026.0
Ba4Ir3O10,1465.7,8.24,299.6,80.0,1172.6
Ba4Ir3O10,1465.7,8.24,299.6,90.0,1319.1
Ba4Ir3O10,1465.7,8.24,299.6,100.0,1515.7
Ba4IrO6,1617.7,7.13,345.9,50.0,808.9
Ba4IrO6,1617.7,7.13,345.9,60.0,970.6
Ba4IrO6,1617.7,7.13,345.9,70.0,1132.4
Ba4IrO6,1617.7,7.13,345.9,80.0,1294.2
Ba4IrO6,1617.7,7.13,345.9,90.0,1455.9
Ba4IrO6,1617.7,7.13,345.9,100.0,1667.7
Ba4LaGe3SbSe13,1156.0,5.04,486.2,50.0,578.0
Ba4LaGe3SbSe13,1156.0,5.04,486.2,60.0,693.6
Ba4LaGe3SbSe13,1156.0,5.04,486.2,70.0,809.2
Ba4LaGe3SbSe13,1156.0,5.04,486.2,80.0,924.8
Ba4LaGe3SbSe13,1156.0,5.04,486.2,90.0,1040.4
Ba4LaGe3SbSe13,1156.0,5.04,486.2,100.0,1206.0
Ba4Li(BiO4)3,1488.3,7.09,347.9,50.0,744.1
Ba4Li(BiO4)3,1488.3,7.09,347.9,60.0,893.0
Ba4Li(BiO4)3,1488.3,7.09,347.9,70.0,1041.8
Ba4Li(BiO4)3,1488.3,7.09,347.9,80.0,1190.6
Ba4Li(BiO4)3,1488.3,7.09,347.9,90.0,1339.4
Ba4Li(BiO4)3,1488.3,7.09,347.9,100.0,1538.3
Ba4Li(SbO4)3,1650.8,6.36,387.3,50.0,825.4
Ba4Li(SbO4)3,1650.8,6.36,387.3,60.0,990.5
Ba4Li(SbO4)3,1650.8,6.36,387.3,70.0,1155.5
Ba4Li(SbO4)3,1650.8,6.36,387.3,80.0,1320.6
Ba4Li(SbO4)3,1650.8,6.36,387.3,90.0,1485.7
Ba4Li(SbO4)3,1650.8,6.36,387.3,100.0,1700.8
Ba4Li2(CdAs2)3,866.2,5.36,457.7,50.0,433.1
Ba4Li2(CdAs2)3,866.2,5.36,457.7,60.0,519.7
Ba4Li2(CdAs2)3,866.2,5.36,457.7,70.0,606.4
Ba4Li2(CdAs2)3,866.2,5.36,457.7,80.0,693.0
Ba4Li2(CdAs2)3,866.2,5.36,457.7,90.0,779.6
Ba4Li2(CdAs2)3,866.2,5.36,457.7,100.0,916.2
Ba4Li2(CdP2)3,843.9,4.69,521.8,50.0,422.0
Ba4Li2(CdP2)3,843.9,4.69,521.8,60.0,506.3
Ba4Li2(CdP2)3,843.9,4.69,521.8,70.0,590.7
Ba4Li2(CdP2)3,843.9,4.69,521.8,80.0,675.1
Ba4Li2(CdP2)3,843.9,4.69,521.8,90.0,759.5
Ba4Li2(CdP2)3,843.9,4.69,521.8,100.0,893.9
Ba4LiCu(CO5)2,1616.8,5.05,485.6,50.0,808.4
Ba4LiCu(CO5)2,1616.8,5.05,485.6,60.0,970.1
Ba4LiCu(CO5)2,1616.8,5.05,485.6,70.0,1131.8
Ba4LiCu(CO5)2,1616.8,5.05,485.6,80.0,1293.4
Ba4LiCu(CO5)2,1616.8,5.05,485.6,90.0,1455.1
Ba4LiCu(CO5)2,1616.8,5.05,485.6,100.0,1666.8
Ba4LiMo2N7,943.0,5.38,456.2,50.0,471.5
Ba4LiMo2N7,943.0,5.38,456.2,60.0,565.8
Ba4LiMo2N7,943.0,5.38,456.2,70.0,660.1
Ba4LiMo2N7,943.0,5.38,456.2,80.0,754.4
Ba4LiMo2N7,943.0,5.38,456.2,90.0,848.7
Ba4LiMo2N7,943.0,5.38,456.2,100.0,993.0
Ba4LiNb3O12,1943.0,5.86,419.7,50.0,971.5
Ba4LiNb3O12,1943.0,5.86,419.7,60.0,1165.8
Ba4LiNb3O12,1943.0,5.86,419.7,70.0,1360.1
Ba4LiNb3O12,1943.0,5.86,419.7,80.0,1554.4
Ba4LiNb3O12,1943.0,5.86,419.7,90.0,1748.7
Ba4LiNb3O12,1943.0,5.86,419.7,100.0,1993.0
Ba4LiTa3O12,2015.2,7.44,331.5,50.0,1007.6
Ba4LiTa3O12,2015.2,7.44,331.5,60.0,1209.1
Ba4LiTa3O12,2015.2,7.44,331.5,70.0,1410.6
Ba4LiTa3O12,2015.2,7.44,331.5,80.0,1612.1
Ba4LiTa3O12,2015.2,7.44,331.5,90.0,1813.6
Ba4LiTa3O12,2015.2,7.44,331.5,100.0,2065.2
Ba4LiW2N7,974.4,6.32,389.4,50.0,487.2
Ba4LiW2N7,974.4,6.32,389.4,60.0,584.6
Ba4LiW2N7,974.4,6.32,389.4,70.0,682.1
Ba4LiW2N7,974.4,6.32,389.4,80.0,779.5
Ba4LiW2N7,974.4,6.32,389.4,90.0,876.9
Ba4LiW2N7,974.4,6.32,389.4,100.0,1024.4
Ba4Mg(BiO4)3,1541.7,7.18,343.6,50.0,770.8
Ba4Mg(BiO4)3,1541.7,7.18,343.6,60.0,925.0
Ba4Mg(BiO4)3,1541.7,7.18,343.6,70.0,1079.2
Ba4Mg(BiO4)3,1541.7,7.18,343.6,80.0,1233.3
Ba4Mg(BiO4)3,1541.7,7.18,343.6,90.0,1387.5
Ba4Mg(BiO4)3,1541.7,7.18,343.6,100.0,1591.7
Ba4Mg(SiN3)2,986.5,5.03,487.8,50.0,493.3
Ba4Mg(SiN3)2,986.5,5.03,487.8,60.0,591.9
Ba4Mg(SiN3)2,986.5,5.03,487.8,70.0,690.6
Ba4Mg(SiN3)2,986.5,5.03,487.8,80.0,789.2
Ba4Mg(SiN3)2,986.5,5.03,487.8,90.0,887.9
Ba4Mg(SiN3)2,986.5,5.03,487.8,100.0,1036.5
Ba4MgTa10O30,2038.5,7.59,325.1,50.0,1019.2
Ba4MgTa10O30,2038.5,7.59,325.1,60.0,1223.1
Ba4MgTa10O30,2038.5,7.59,325.1,70.0,1426.9
Ba4MgTa10O30,2038.5,7.59,325.1,80.0,1630.8
Ba4MgTa10O30,2038.5,7.59,325.1,90.0,1834.6
Ba4MgTa10O30,2038.5,7.59,325.1,100.0,2088.5
Ba4Mn3O10,1645.8,6.01,408.9,50.0,822.9
Ba4Mn3O10,1645.8,6.01,408.9,60.0,987.5
Ba4Mn3O10,1645.8,6.01,408.9,70.0,1152.0
Ba4Mn3O10,1645.8,6.01,408.9,80.0,1316.6
Ba4Mn3O10,1645.8,6.01,408.9,90.0,1481.2
Ba4Mn3O10,1645.8,6.01,408.9,100.0,1695.8
Ba4MnGa2(S3F2)2,1623.1,4.38,558.1,50.0,811.6
Ba4MnGa2(S3F2)2,1623.1,4.38,558.1,60.0,973.9
Ba4MnGa2(S3F2)2,1623.1,4.38,558.1,70.0,1136.2
Ba4MnGa2(S3F2)2,1623.1,4.38,558.1,80.0,1298.5
Ba4MnGa2(S3F2)2,1623.1,4.38,558.1,90.0,1460.8
Ba4MnGa2(S3F2)2,1623.1,4.38,558.1,100.0,1673.1
Ba4Na(BN2)3,1005.7,4.48,545.6,50.0,502.8
Ba4Na(BN2)3,1005.7,4.48,545.6,60.0,603.4
Ba4Na(BN2)3,1005.7,4.48,545.6,70.0,704.0
Ba4Na(BN2)3,1005.7,4.48,545.6,80.0,804.6
Ba4Na(BN2)3,1005.7,4.48,545.6,90.0,905.1
Ba4Na(BN2)3,1005.7,4.48,545.6,100.0,1055.7
Ba4Na(BO3)3,1872.9,4.82,507.9,50.0,936.5
Ba4Na(BO3)3,1872.9,4.82,507.9,60.0,1123.8
Ba4Na(BO3)3,1872.9,4.82,507.9,70.0,1311.1
Ba4Na(BO3)3,1872.9,4.82,507.9,80.0,1498.4
Ba4Na(BO3)3,1872.9,4.82,507.9,90.0,1685.6
Ba4Na(BO3)3,1872.9,4.82,507.9,100.0,1922.9
Ba4Na(BiO4)3,1482.1,7.02,351.2,50.0,741.1
Ba4Na(BiO4)3,1482.1,7.02,351.2,60.0,889.3
Ba4Na(BiO4)3,1482.1,7.02,351.2,70.0,1037.5
Ba4Na(BiO4)3,1482.1,7.02,351.2,80.0,1185.7
Ba4Na(BiO4)3,1482.1,7.02,351.2,90.0,1333.9
Ba4Na(BiO4)3,1482.1,7.02,351.2,100.0,1532.1
Ba4Na(RuO4)3,1517.6,6.09,403.6,50.0,758.8
Ba4Na(RuO4)3,1517.6,6.09,403.6,60.0,910.6
Ba4Na(RuO4)3,1517.6,6.09,403.6,70.0,1062.3
Ba4Na(RuO4)3,1517.6,6.09,403.6,80.0,1214.1
Ba4Na(RuO4)3,1517.6,6.09,403.6,90.0,1365.9
Ba4Na(RuO4)3,1517.6,6.09,403.6,100.0,1567.6
Ba4Na(SbO4)3,1642.8,6.3,390.6,50.0,821.4
Ba4Na(SbO4)3,1642.8,6.3,390.6,60.0,985.7
Ba4Na(SbO4)3,1642.8,6.3,390.6,70.0,1150.0
Ba4Na(SbO4)3,1642.8,6.3,390.6,80.0,1314.2
Ba4Na(SbO4)3,1642.8,6.3,390.6,90.0,1478.5
Ba4Na(SbO4)3,1642.8,6.3,390.6,100.0,1692.8
Ba4Na2W2O11,1721.1,6.02,408.5,50.0,860.6
Ba4Na2W2O11,1721.1,6.02,408.5,60.0,1032.7
Ba4Na2W2O11,1721.1,6.02,408.5,70.0,1204.8
Ba4Na2W2O11,1721.1,6.02,408.5,80.0,1376.9
Ba4Na2W2O11,1721.1,6.02,408.5,90.0,1549.0
Ba4Na2W2O11,1721.1,6.02,408.5,100.0,1771.1
Ba4NaAl2B8(BrO6)3,1864.5,3.88,628.1,50.0,932.3
Ba4NaAl2B8(BrO6)3,1864.5,3.88,628.1,60.0,1118.7
Ba4NaAl2B8(BrO6)3,1864.5,3.88,628.1,70.0,1305.2
Ba4NaAl2B8(BrO6)3,1864.5,3.88,628.1,80.0,1491.6
Ba4NaAl2B8(BrO6)3,1864.5,3.88,628.1,90.0,1678.1
Ba4NaAl2B8(BrO6)3,1864.5,3.88,628.1,100.0,1914.5
Ba4NaAl2B8(ClO6)3,1886.3,3.55,684.3,50.0,943.2
Ba4NaAl2B8(ClO6)3,1886.3,3.55,684.3,60.0,1131.8
Ba4NaAl2B8(ClO6)3,1886.3,3.55,684.3,70.0,1320.4
Ba4NaAl2B8(ClO6)3,1886.3,3.55,684.3,80.0,1509.1
Ba4NaAl2B8(ClO6)3,1886.3,3.55,684.3,90.0,1697.7
Ba4NaAl2B8(ClO6)3,1886.3,3.55,684.3,100.0,1936.3
Ba4NaCu(CO5)2,1606.9,4.98,492.6,50.0,803.4
Ba4NaCu(CO5)2,1606.9,4.98,492.6,60.0,964.1
Ba4NaCu(CO5)2,1606.9,4.98,492.6,70.0,1124.8
Ba4NaCu(CO5)2,1606.9,4.98,492.6,80.0,1285.5
Ba4NaCu(CO5)2,1606.9,4.98,492.6,90.0,1446.2
Ba4NaCu(CO5)2,1606.9,4.98,492.6,100.0,1656.9
Ba4NaGa2B8(BrO6)3,1791.2,4.1,594.7,50.0,895.6
Ba4NaGa2B8(BrO6)3,1791.2,4.1,594.7,60.0,1074.7
Ba4NaGa2B8(BrO6)3,1791.2,4.1,594.7,70.0,1253.8
Ba4NaGa2B8(BrO6)3,1791.2,4.1,594.7,80.0,1433.0
Ba4NaGa2B8(BrO6)3,1791.2,4.1,594.7,90.0,1612.1
Ba4NaGa2B8(BrO6)3,1791.2,4.1,594.7,100.0,1841.2
Ba4NaGa2B8(ClO6)3,1813.0,3.78,645.0,50.0,906.5
Ba4NaGa2B8(ClO6)3,1813.0,3.78,645.0,60.0,1087.8
Ba4NaGa2B8(ClO6)3,1813.0,3.78,645.0,70.0,1269.1
Ba4NaGa2B8(ClO6)3,1813.0,3.78,645.0,80.0,1450.4
Ba4NaGa2B8(ClO6)3,1813.0,3.78,645.0,90.0,1631.7
Ba4NaGa2B8(ClO6)3,1813.0,3.78,645.0,100.0,1863.0
Ba4NaMn2O9,1614.1,5.46,449.6,50.0,807.0
Ba4NaMn2O9,1614.1,5.46,449.6,60.0,968.4
Ba4NaMn2O9,1614.1,5.46,449.6,70.0,1129.8
Ba4NaMn2O9,1614.1,5.46,449.6,80.0,1291.2
Ba4NaMn2O9,1614.1,5.46,449.6,90.0,1452.6
Ba4NaMn2O9,1614.1,5.46,449.6,100.0,1664.1
Ba4Nb14O23,1765.1,6.67,369.3,50.0,882.5
Ba4Nb14O23,1765.1,6.67,369.3,60.0,1059.0
Ba4Nb14O23,1765.1,6.67,369.3,70.0,1235.6
Ba4Nb14O23,1765.1,6.67,369.3,80.0,1412.1
Ba4Nb14O23,1765.1,6.67,369.3,90.0,1588.6
Ba4Nb14O23,1765.1,6.67,369.3,100.0,1815.1
Ba4Nb2(OF4)3,2209.7,4.71,520.2,50.0,1104.8
Ba4Nb2(OF4)3,2209.7,4.71,520.2,60.0,1325.8
Ba4Nb2(OF4)3,2209.7,4.71,520.2,70.0,1546.8
Ba4Nb2(OF4)3,2209.7,4.71,520.2,80.0,1767.8
Ba4Nb2(OF4)3,2209.7,4.71,520.2,90.0,1988.7
Ba4Nb2(OF4)3,2209.7,4.71,520.2,100.0,2259.7
Ba4Nb2O9,1950.6,5.37,456.9,50.0,975.3
Ba4Nb2O9,1950.6,5.37,456.9,60.0,1170.3
Ba4Nb2O9,1950.6,5.37,456.9,70.0,1365.4
Ba4Nb2O9,1950.6,5.37,456.9,80.0,1560.4
Ba4Nb2O9,1950.6,5.37,456.9,90.0,1755.5
Ba4Nb2O9,1950.6,5.37,456.9,100.0,2000.6
Ba4Nb2WO12,1896.5,6.48,380.2,50.0,948.3
Ba4Nb2WO12,1896.5,6.48,380.2,60.0,1137.9
Ba4Nb2WO12,1896.5,6.48,380.2,70.0,1327.6
Ba4Nb2WO12,1896.5,6.48,380.2,80.0,1517.2
Ba4Nb2WO12,1896.5,6.48,380.2,90.0,1706.9
Ba4Nb2WO12,1896.5,6.48,380.2,100.0,1946.5
Ba4NbFeO8,1807.0,5.72,429.4,50.0,903.5
Ba4NbFeO8,1807.0,5.72,429.4,60.0,1084.2
Ba4NbFeO8,1807.0,5.72,429.4,70.0,1264.9
Ba4NbFeO8,1807.0,5.72,429.4,80.0,1445.6
Ba4NbFeO8,1807.0,5.72,429.4,90.0,1626.3
Ba4NbFeO8,1807.0,5.72,429.4,100.0,1857.0
Ba4Nd(IrO4)3,1567.2,7.77,317.8,50.0,783.6
Ba4Nd(IrO4)3,1567.2,7.77,317.8,60.0,940.3
Ba4Nd(IrO4)3,1567.2,7.77,317.8,70.0,1097.1
Ba4Nd(IrO4)3,1567.2,7.77,317.8,80.0,1253.8
Ba4Nd(IrO4)3,1567.2,7.77,317.8,90.0,1410.5
Ba4Nd(IrO4)3,1567.2,7.77,317.8,100.0,1617.2
Ba4Nd4Zn3PtO15,1764.6,6.95,354.7,50.0,882.3
Ba4Nd4Zn3PtO15,1764.6,6.95,354.7,60.0,1058.7
Ba4Nd4Zn3PtO15,1764.6,6.95,354.7,70.0,1235.2
Ba4Nd4Zn3PtO15,1764.6,6.95,354.7,80.0,1411.7
Ba4Nd4Zn3PtO15,1764.6,6.95,354.7,90.0,1588.1
Ba4Nd4Zn3PtO15,1764.6,6.95,354.7,100.0,1814.6
Ba4Os6ClO18,1431.4,7.83,315.2,50.0,715.7
Ba4Os6ClO18,1431.4,7.83,315.2,60.0,858.8
Ba4Os6ClO18,1431.4,7.83,315.2,70.0,1002.0
Ba4Os6ClO18,1431.4,7.83,315.2,80.0,1145.1
Ba4Os6ClO18,1431.4,7.83,315.2,90.0,1288.2
Ba4Os6ClO18,1431.4,7.83,315.2,100.0,1481.4
Ba4P2O,1178.5,4.57,535.2,50.0,589.3
Ba4P2O,1178.5,4.57,535.2,60.0,707.1
Ba4P2O,1178.5,4.57,535.2,70.0,825.0
Ba4P2O,1178.5,4.57,535.2,80.0,942.8
Ba4P2O,1178.5,4.57,535.2,90.0,1060.7
Ba4P2O,1178.5,4.57,535.2,100.0,1228.5
Ba4P3,951.8,4.4,556.0,50.0,475.9
Ba4P3,951.8,4.4,556.0,60.0,571.1
Ba4P3,951.8,4.4,556.0,70.0,666.2
Ba4P3,951.8,4.4,556.0,80.0,761.4
Ba4P3,951.8,4.4,556.0,90.0,856.6
Ba4P3,951.8,4.4,556.0,100.0,1001.8
Ba4P3HF24,2016.8,3.79,642.2,50.0,1008.4
Ba4P3HF24,2016.8,3.79,642.2,60.0,1210.1
Ba4P3HF24,2016.8,3.79,642.2,70.0,1411.8
Ba4P3HF24,2016.8,3.79,642.2,80.0,1613.5
Ba4P3HF24,2016.8,3.79,642.2,90.0,1815.1
Ba4P3HF24,2016.8,3.79,642.2,100.0,2066.8
Ba4PdO6,1589.8,6.39,385.1,50.0,794.9
Ba4PdO6,1589.8,6.39,385.1,60.0,953.9
Ba4PdO6,1589.8,6.39,385.1,70.0,1112.9
Ba4PdO6,1589.8,6.39,385.1,80.0,1271.9
Ba4PdO6,1589.8,6.39,385.1,90.0,1430.8
Ba4PdO6,1589.8,6.39,385.1,100.0,1639.8
Ba4PtO6,1610.5,7.12,346.4,50.0,805.2
Ba4PtO6,1610.5,7.12,346.4,60.0,966.3
Ba4PtO6,1610.5,7.12,346.4,70.0,1127.3
Ba4PtO6,1610.5,7.12,346.4,80.0,1288.4
Ba4PtO6,1610.5,7.12,346.4,90.0,1449.4
Ba4PtO6,1610.5,7.12,346.4,100.0,1660.5
Ba4Re2NiO12,1672.5,6.9,357.1,50.0,836.2
Ba4Re2NiO12,1672.5,6.9,357.1,60.0,1003.5
Ba4Re2NiO12,1672.5,6.9,357.1,70.0,1170.7
Ba4Re2NiO12,1672.5,6.9,357.1,80.0,1338.0
Ba4Re2NiO12,1672.5,6.9,357.1,90.0,1505.2
Ba4Re2NiO12,1672.5,6.9,357.1,100.0,1722.5
Ba4Ru3O10,1530.6,6.61,372.4,50.0,765.3
Ba4Ru3O10,1530.6,6.61,372.4,60.0,918.4
Ba4Ru3O10,1530.6,6.61,372.4,70.0,1071.4
Ba4Ru3O10,1530.6,6.61,372.4,80.0,1224.5
Ba4Ru3O10,1530.6,6.61,372.4,90.0,1377.6
Ba4Ru3O10,1530.6,6.61,372.4,100.0,1580.6
Ba4Sb2O,1243.0,5.17,474.3,50.0,621.5
Ba4Sb2O,1243.0,5.17,474.3,60.0,745.8
Ba4Sb2O,1243.0,5.17,474.3,70.0,870.1
Ba4Sb2O,1243.0,5.17,474.3,80.0,994.4
Ba4Sb2O,1243.0,5.17,474.3,90.0,1118.7
Ba4Sb2O,1243.0,5.17,474.3,100.0,1293.0
Ba4Sb2O9,1692.2,5.81,423.1,50.0,846.1
Ba4Sb2O9,1692.2,5.81,423.1,60.0,1015.3
Ba4Sb2O9,1692.2,5.81,423.1,70.0,1184.5
Ba4Sb2O9,1692.2,5.81,423.1,80.0,1353.7
Ba4Sb2O9,1692.2,5.81,423.1,90.0,1523.0
Ba4Sb2O9,1692.2,5.81,423.1,100.0,1742.2
Ba4Sb4Se11,1087.9,5.26,466.8,50.0,543.9
Ba4Sb4Se11,1087.9,5.26,466.8,60.0,652.7
Ba4Sb4Se11,1087.9,5.26,466.8,70.0,761.5
Ba4Sb4Se11,1087.9,5.26,466.8,80.0,870.3
Ba4Sb4Se11,1087.9,5.26,466.8,90.0,979.1
Ba4Sb4Se11,1087.9,5.26,466.8,100.0,1137.9
Ba4Sc2Cu2O9,1764.2,5.49,447.1,50.0,882.1
Ba4Sc2Cu2O9,1764.2,5.49,447.1,60.0,1058.5
Ba4Sc2Cu2O9,1764.2,5.49,447.1,70.0,1234.9
Ba4Sc2Cu2O9,1764.2,5.49,447.1,80.0,1411.3
Ba4Sc2Cu2O9,1764.2,5.49,447.1,90.0,1587.8
Ba4Sc2Cu2O9,1764.2,5.49,447.1,100.0,1814.2
Ba4ScReWO12,1847.6,6.87,358.8,50.0,923.8
Ba4ScReWO12,1847.6,6.87,358.8,60.0,1108.6
Ba4ScReWO12,1847.6,6.87,358.8,70.0,1293.3
Ba4ScReWO12,1847.6,6.87,358.8,80.0,1478.1
Ba4ScReWO12,1847.6,6.87,358.8,90.0,1662.8
Ba4ScReWO12,1847.6,6.87,358.8,100.0,1897.6
Ba4Si20Au3,628.1,4.87,503.5,50.0,314.1
Ba4Si20Au3,628.1,4.87,503.5,60.0,376.9
Ba4Si20Au3,628.1,4.87,503.5,70.0,439.7
Ba4Si20Au3,628.1,4.87,503.5,80.0,502.5
Ba4Si20Au3,628.1,4.87,503.5,90.0,565.3
Ba4Si20Au3,628.1,4.87,503.5,100.0,678.1
Ba4Si21Au2,607.5,4.43,552.4,50.0,303.7
Ba4Si21Au2,607.5,4.43,552.4,60.0,364.5
Ba4Si21Au2,607.5,4.43,552.4,70.0,425.2
Ba4Si21Au2,607.5,4.43,552.4,80.0,486.0
Ba4Si21Au2,607.5,4.43,552.4,90.0,546.7
Ba4Si21Au2,607.5,4.43,552.4,100.0,657.5
Ba4Si3Br2,1005.1,4.45,549.7,50.0,502.5
Ba4Si3Br2,1005.1,4.45,549.7,60.0,603.0
Ba4Si3Br2,1005.1,4.45,549.7,70.0,703.6
Ba4Si3Br2,1005.1,4.45,549.7,80.0,804.1
Ba4Si3Br2,1005.1,4.45,549.7,90.0,904.6
Ba4Si3Br2,1005.1,4.45,549.7,100.0,1055.1
Ba4SiAs4,947.7,4.8,510.7,50.0,473.8
Ba4SiAs4,947.7,4.8,510.7,60.0,568.6
Ba4SiAs4,947.7,4.8,510.7,70.0,663.4
Ba4SiAs4,947.7,4.8,510.7,80.0,758.2
Ba4SiAs4,947.7,4.8,510.7,90.0,852.9
Ba4SiAs4,947.7,4.8,510.7,100.0,997.7
Ba4SiP4,936.4,4.12,592.4,50.0,468.2
Ba4SiP4,936.4,4.12,592.4,60.0,561.9
Ba4SiP4,936.4,4.12,592.4,70.0,655.5
Ba4SiP4,936.4,4.12,592.4,80.0,749.2
Ba4SiP4,936.4,4.12,592.4,90.0,842.8
Ba4SiP4,936.4,4.12,592.4,100.0,986.4
Ba4SiSb2Se11,1130.5,5.05,485.5,50.0,565.2
Ba4SiSb2Se11,1130.5,5.05,485.5,60.0,678.3
Ba4SiSb2Se11,1130.5,5.05,485.5,70.0,791.3
Ba4SiSb2Se11,1130.5,5.05,485.5,80.0,904.4
Ba4SiSb2Se11,1130.5,5.05,485.5,90.0,1017.4
Ba4SiSb2Se11,1130.5,5.05,485.5,100.0,1180.5
Ba4Sm3Cl16,1756.2,4.01,608.1,50.0,878.1
Ba4Sm3Cl16,1756.2,4.01,608.1,60.0,1053.7
Ba4Sm3Cl16,1756.2,4.01,608.1,70.0,1229.4
Ba4Sm3Cl16,1756.2,4.01,608.1,80.0,1405.0
Ba4Sm3Cl16,1756.2,4.01,608.1,90.0,1580.6
Ba4Sm3Cl16,1756.2,4.01,608.1,100.0,1806.2
Ba4Sn3O10,1622.6,6.84,360.2,50.0,811.3
Ba4Sn3O10,1622.6,6.84,360.2,60.0,973.5
Ba4Sn3O10,1622.6,6.84,360.2,70.0,1135.8
Ba4Sn3O10,1622.6,6.84,360.2,80.0,1298.1
Ba4Sn3O10,1622.6,6.84,360.2,90.0,1460.3
Ba4Sn3O10,1622.6,6.84,360.2,100.0,1672.6
Ba4Sr2Gd2Co4O15,1658.8,6.14,400.8,50.0,829.4
Ba4Sr2Gd2Co4O15,1658.8,6.14,400.8,60.0,995.3
Ba4Sr2Gd2Co4O15,1658.8,6.14,400.8,70.0,1161.2
Ba4Sr2Gd2Co4O15,1658.8,6.14,400.8,80.0,1327.0
Ba4Sr2Gd2Co4O15,1658.8,6.14,400.8,90.0,1492.9
Ba4Sr2Gd2Co4O15,1658.8,6.14,400.8,100.0,1708.8
Ba4Sr2La2Co4O15,1664.3,5.75,427.1,50.0,832.1
Ba4Sr2La2Co4O15,1664.3,5.75,427.1,60.0,998.6
Ba4Sr2La2Co4O15,1664.3,5.75,427.1,70.0,1165.0
Ba4Sr2La2Co4O15,1664.3,5.75,427.1,80.0,1331.4
Ba4Sr2La2Co4O15,1664.3,5.75,427.1,90.0,1497.9
Ba4Sr2La2Co4O15,1664.3,5.75,427.1,100.0,1714.3
Ba4Sr2Nd2Co4O15,1656.1,5.91,416.1,50.0,828.1
Ba4Sr2Nd2Co4O15,1656.1,5.91,416.1,60.0,993.7
Ba4Sr2Nd2Co4O15,1656.1,5.91,416.1,70.0,1159.3
Ba4Sr2Nd2Co4O15,1656.1,5.91,416.1,80.0,1324.9
Ba4Sr2Nd2Co4O15,1656.1,5.91,416.1,90.0,1490.5
Ba4Sr2Nd2Co4O15,1656.1,5.91,416.1,100.0,1706.1
Ba4Sr2Sm2Co4O15,1662.9,6.04,407.1,50.0,831.5
Ba4Sr2Sm2Co4O15,1662.9,6.04,407.1,60.0,997.8
Ba4Sr2Sm2Co4O15,1662.9,6.04,407.1,70.0,1164.0
Ba4Sr2Sm2Co4O15,1662.9,6.04,407.1,80.0,1330.3
Ba4Sr2Sm2Co4O15,1662.9,6.04,407.1,90.0,1496.6
Ba4Sr2Sm2Co4O15,1662.9,6.04,407.1,100.0,1712.9
Ba4Ta10CoO30,2002.3,7.73,319.4,50.0,1001.1
Ba4Ta10CoO30,2002.3,7.73,319.4,60.0,1201.4
Ba4Ta10CoO30,2002.3,7.73,319.4,70.0,1401.6
Ba4Ta10CoO30,2002.3,7.73,319.4,80.0,1601.8
Ba4Ta10CoO30,2002.3,7.73,319.4,90.0,1802.0
Ba4Ta10CoO30,2002.3,7.73,319.4,100.0,2052.3
Ba4Ta10FeO30,2008.7,7.68,321.4,50.0,1004.4
Ba4Ta10FeO30,2008.7,7.68,321.4,60.0,1205.2
Ba4Ta10FeO30,2008.7,7.68,321.4,70.0,1406.1
Ba4Ta10FeO30,2008.7,7.68,321.4,80.0,1607.0
Ba4Ta10FeO30,2008.7,7.68,321.4,90.0,1807.8
Ba4Ta10FeO30,2008.7,7.68,321.4,100.0,2058.7
Ba4Ta2O9,2011.8,6.36,386.7,50.0,1005.9
Ba4Ta2O9,2011.8,6.36,386.7,60.0,1207.1
Ba4Ta2O9,2011.8,6.36,386.7,70.0,1408.2
Ba4Ta2O9,2011.8,6.36,386.7,80.0,1609.4
Ba4Ta2O9,2011.8,6.36,386.7,90.0,1810.6
Ba4Ta2O9,2011.8,6.36,386.7,100.0,2061.8
Ba4Ti13O30,2087.0,4.48,546.2,50.0,1043.5
Ba4Ti13O30,2087.0,4.48,546.2,60.0,1252.2
Ba4Ti13O30,2087.0,4.48,546.2,70.0,1460.9
Ba4Ti13O30,2087.0,4.48,546.2,80.0,1669.6
Ba4Ti13O30,2087.0,4.48,546.2,90.0,1878.3
Ba4Ti13O30,2087.0,4.48,546.2,100.0,2137.0
Ba4Ti2PtO10,1853.5,6.28,392.1,50.0,926.7
Ba4Ti2PtO10,1853.5,6.28,392.1,60.0,1112.1
Ba4Ti2PtO10,1853.5,6.28,392.1,70.0,1297.4
Ba4Ti2PtO10,1853.5,6.28,392.1,80.0,1482.8
Ba4Ti2PtO10,1853.5,6.28,392.1,90.0,1668.1
Ba4Ti2PtO10,1853.5,6.28,392.1,100.0,1903.5
Ba4TiAs4,995.9,4.77,513.5,50.0,497.9
Ba4TiAs4,995.9,4.77,513.5,60.0,597.5
Ba4TiAs4,995.9,4.77,513.5,70.0,697.1
Ba4TiAs4,995.9,4.77,513.5,80.0,796.7
Ba4TiAs4,995.9,4.77,513.5,90.0,896.3
Ba4TiAs4,995.9,4.77,513.5,100.0,1045.9
Ba4TiP4,981.4,4.1,595.8,50.0,490.7
Ba4TiP4,981.4,4.1,595.8,60.0,588.8
Ba4TiP4,981.4,4.1,595.8,70.0,686.9
Ba4TiP4,981.4,4.1,595.8,80.0,785.1
Ba4TiP4,981.4,4.1,595.8,90.0,883.2
Ba4TiP4,981.4,4.1,595.8,100.0,1031.4
Ba4Tl13Hg3,622.3,9.94,249.0,50.0,311.1
Ba4Tl13Hg3,622.3,9.94,249.0,60.0,373.4
Ba4Tl13Hg3,622.3,9.94,249.0,70.0,435.6
Ba4Tl13Hg3,622.3,9.94,249.0,80.0,497.8
Ba4Tl13Hg3,622.3,9.94,249.0,90.0,560.1
Ba4Tl13Hg3,622.3,9.94,249.0,100.0,672.3
Ba4U8As2O33,2018.8,6.49,379.3,50.0,1009.4
Ba4U8As2O33,2018.8,6.49,379.3,60.0,1211.3
Ba4U8As2O33,2018.8,6.49,379.3,70.0,1413.2
Ba4U8As2O33,2018.8,6.49,379.3,80.0,1615.1
Ba4U8As2O33,2018.8,6.49,379.3,90.0,1816.9
Ba4U8As2O33,2018.8,6.49,379.3,100.0,2068.8
Ba4UCr2S9,1337.7,4.81,508.7,50.0,668.8
Ba4UCr2S9,1337.7,4.81,508.7,60.0,802.6
Ba4UCr2S9,1337.7,4.81,508.7,70.0,936.4
Ba4UCr2S9,1337.7,4.81,508.7,80.0,1070.1
Ba4UCr2S9,1337.7,4.81,508.7,90.0,1203.9
Ba4UCr2S9,1337.7,4.81,508.7,100.0,1387.7
Ba4USe6,1435.5,5.61,437.9,50.0,717.7
Ba4USe6,1435.5,5.61,437.9,60.0,861.3
Ba4USe6,1435.5,5.61,437.9,70.0,1004.8
Ba4USe6,1435.5,5.61,437.9,80.0,1148.4
Ba4USe6,1435.5,5.61,437.9,90.0,1291.9
Ba4USe6,1435.5,5.61,437.9,100.0,1485.5
Ba4W(N2Cl)2,1229.5,5.02,488.5,50.0,614.7
Ba4W(N2Cl)2,1229.5,5.02,488.5,60.0,737.7
Ba4W(N2Cl)2,1229.5,5.02,488.5,70.0,860.6
Ba4W(N2Cl)2,1229.5,5.02,488.5,80.0,983.6
Ba4W(N2Cl)2,1229.5,5.02,488.5,90.0,1106.5
Ba4W(N2Cl)2,1229.5,5.02,488.5,100.0,1279.5
Ba4Y(CuO3)3,1570.8,6.1,403.5,50.0,785.4
Ba4Y(CuO3)3,1570.8,6.1,403.5,60.0,942.5
Ba4Y(CuO3)3,1570.8,6.1,403.5,70.0,1099.5
Ba4Y(CuO3)3,1570.8,6.1,403.5,80.0,1256.6
Ba4Y(CuO3)3,1570.8,6.1,403.5,90.0,1413.7
Ba4Y(CuO3)3,1570.8,6.1,403.5,100.0,1620.8
Ba4Y3F17,2442.8,5.25,467.6,50.0,1221.4
Ba4Y3F17,2442.8,5.25,467.6,60.0,1465.7
Ba4Y3F17,2442.8,5.25,467.6,70.0,1710.0
Ba4Y3F17,2442.8,5.25,467.6,80.0,1954.3
Ba4Y3F17,2442.8,5.25,467.6,90.0,2198.5
Ba4Y3F17,2442.8,5.25,467.6,100.0,2492.8
Ba4Yb(CuO3)3,1525.0,6.74,365.6,50.0,762.5
Ba4Yb(CuO3)3,1525.0,6.74,365.6,60.0,915.0
Ba4Yb(CuO3)3,1525.0,6.74,365.6,70.0,1067.5
Ba4Yb(CuO3)3,1525.0,6.74,365.6,80.0,1220.0
Ba4Yb(CuO3)3,1525.0,6.74,365.6,90.0,1372.5
Ba4Yb(CuO3)3,1525.0,6.74,365.6,100.0,1575.0
Ba4Zn2CuGe20,627.8,5.68,432.4,50.0,313.9
Ba4Zn2CuGe20,627.8,5.68,432.4,60.0,376.7
Ba4Zn2CuGe20,627.8,5.68,432.4,70.0,439.4
Ba4Zn2CuGe20,627.8,5.68,432.4,80.0,502.2
Ba4Zn2CuGe20,627.8,5.68,432.4,90.0,565.0
Ba4Zn2CuGe20,627.8,5.68,432.4,100.0,677.8
Ba4Zn4B14Pb2O31,1737.7,4.36,560.2,50.0,868.9
Ba4Zn4B14Pb2O31,1737.7,4.36,560.2,60.0,1042.6
Ba4Zn4B14Pb2O31,1737.7,4.36,560.2,70.0,1216.4
Ba4Zn4B14Pb2O31,1737.7,4.36,560.2,80.0,1390.2
Ba4Zn4B14Pb2O31,1737.7,4.36,560.2,90.0,1563.9
Ba4Zn4B14Pb2O31,1737.7,4.36,560.2,100.0,1787.7
Ba4Zr(RuO4)3,1652.1,6.45,381.6,50.0,826.0
Ba4Zr(RuO4)3,1652.1,6.45,381.6,60.0,991.3
Ba4Zr(RuO4)3,1652.1,6.45,381.6,70.0,1156.5
Ba4Zr(RuO4)3,1652.1,6.45,381.6,80.0,1321.7
Ba4Zr(RuO4)3,1652.1,6.45,381.6,90.0,1486.9
Ba4Zr(RuO4)3,1652.1,6.45,381.6,100.0,1702.1
Ba5(Ga3H)2,747.7,4.8,510.2,50.0,373.8
Ba5(Ga3H)2,747.7,4.8,510.2,60.0,448.6
Ba5(Ga3H)2,747.7,4.8,510.2,70.0,523.4
Ba5(Ga3H)2,747.7,4.8,510.2,80.0,598.2
Ba5(Ga3H)2,747.7,4.8,510.2,90.0,672.9
Ba5(Ga3H)2,747.7,4.8,510.2,100.0,797.7
Ba5(Ga3H)2,728.1,4.81,508.8,50.0,364.1
Ba5(Ga3H)2,728.1,4.81,508.8,60.0,436.9
Ba5(Ga3H)2,728.1,4.81,508.8,70.0,509.7
Ba5(Ga3H)2,728.1,4.81,508.8,80.0,582.5
Ba5(Ga3H)2,728.1,4.81,508.8,90.0,655.3
Ba5(Ga3H)2,728.1,4.81,508.8,100.0,778.1
Ba5(IO6)2,1534.6,5.8,423.8,50.0,767.3
Ba5(IO6)2,1534.6,5.8,423.8,60.0,920.7
Ba5(IO6)2,1534.6,5.8,423.8,70.0,1074.2
Ba5(IO6)2,1534.6,5.8,423.8,80.0,1227.7
Ba5(IO6)2,1534.6,5.8,423.8,90.0,1381.1
Ba5(IO6)2,1534.6,5.8,423.8,100.0,1584.6
Ba5(In2Sb3)2,861.0,5.4,454.2,50.0,430.5
Ba5(In2Sb3)2,861.0,5.4,454.2,60.0,516.6
Ba5(In2Sb3)2,861.0,5.4,454.2,70.0,602.7
Ba5(In2Sb3)2,861.0,5.4,454.2,80.0,688.8
Ba5(In2Sb3)2,861.0,5.4,454.2,90.0,774.9
Ba5(In2Sb3)2,861.0,5.4,454.2,100.0,911.0
Ba5(InSb3)2,912.2,5.37,457.1,50.0,456.1
Ba5(InSb3)2,912.2,5.37,457.1,60.0,547.3
Ba5(InSb3)2,912.2,5.37,457.1,70.0,638.6
Ba5(InSb3)2,912.2,5.37,457.1,80.0,729.8
Ba5(InSb3)2,912.2,5.37,457.1,90.0,821.0
Ba5(InSb3)2,912.2,5.37,457.1,100.0,962.2
Ba5(RuO5)2,1598.8,6.21,396.0,50.0,799.4
Ba5(RuO5)2,1598.8,6.21,396.0,60.0,959.3
Ba5(RuO5)2,1598.8,6.21,396.0,70.0,1119.2
Ba5(RuO5)2,1598.8,6.21,396.0,80.0,1279.0
Ba5(RuO5)2,1598.8,6.21,396.0,90.0,1438.9
Ba5(RuO5)2,1598.8,6.21,396.0,100.0,1648.8
Ba5(TiN3)2,1013.5,5.4,454.6,50.0,506.8
Ba5(TiN3)2,1013.5,5.4,454.6,60.0,608.1
Ba5(TiN3)2,1013.5,5.4,454.6,70.0,709.5
Ba5(TiN3)2,1013.5,5.4,454.6,80.0,810.8
Ba5(TiN3)2,1013.5,5.4,454.6,90.0,912.2
Ba5(TiN3)2,1013.5,5.4,454.6,100.0,1063.5
Ba5Al2Ge7,737.3,5.04,486.2,50.0,368.6
Ba5Al2Ge7,737.3,5.04,486.2,60.0,442.4
Ba5Al2Ge7,737.3,5.04,486.2,70.0,516.1
Ba5Al2Ge7,737.3,5.04,486.2,80.0,589.8
Ba5Al2Ge7,737.3,5.04,486.2,90.0,663.6
Ba5Al2Ge7,737.3,5.04,486.2,100.0,787.3
Ba5Al2In2IrClO13,1714.7,5.97,411.6,50.0,857.3
Ba5Al2In2IrClO13,1714.7,5.97,411.6,60.0,1028.8
Ba5Al2In2IrClO13,1714.7,5.97,411.6,70.0,1200.3
Ba5Al2In2IrClO13,1714.7,5.97,411.6,80.0,1371.7
Ba5Al2In2IrClO13,1714.7,5.97,411.6,90.0,1543.2
Ba5Al2In2IrClO13,1714.7,5.97,411.6,100.0,1764.7
Ba5Al5Pb,648.9,4.7,521.3,50.0,324.4
Ba5Al5Pb,648.9,4.7,521.3,60.0,389.3
Ba5Al5Pb,648.9,4.7,521.3,70.0,454.2
Ba5Al5Pb,648.9,4.7,521.3,80.0,519.1
Ba5Al5Pb,648.9,4.7,521.3,90.0,584.0
Ba5Al5Pb,648.9,4.7,521.3,100.0,698.9
Ba5Al5Sn,656.1,4.33,564.7,50.0,328.1
Ba5Al5Sn,656.1,4.33,564.7,60.0,393.7
Ba5Al5Sn,656.1,4.33,564.7,70.0,459.3
Ba5Al5Sn,656.1,4.33,564.7,80.0,524.9
Ba5Al5Sn,656.1,4.33,564.7,90.0,590.5
Ba5Al5Sn,656.1,4.33,564.7,100.0,706.1
Ba5AlIr2O11,1649.1,6.79,362.9,50.0,824.5
Ba5AlIr2O11,1649.1,6.79,362.9,60.0,989.4
Ba5AlIr2O11,1649.1,6.79,362.9,70.0,1154.4
Ba5AlIr2O11,1649.1,6.79,362.9,80.0,1319.3
Ba5AlIr2O11,1649.1,6.79,362.9,90.0,1484.2
Ba5AlIr2O11,1649.1,6.79,362.9,100.0,1699.1
Ba5AlRu2O11,1685.9,5.82,422.1,50.0,843.0
Ba5AlRu2O11,1685.9,5.82,422.1,60.0,1011.6
Ba5AlRu2O11,1685.9,5.82,422.1,70.0,1180.1
Ba5AlRu2O11,1685.9,5.82,422.1,80.0,1348.7
Ba5AlRu2O11,1685.9,5.82,422.1,90.0,1517.3
Ba5AlRu2O11,1685.9,5.82,422.1,100.0,1735.9
Ba5As3ClO12,1733.4,4.79,511.6,50.0,866.7
Ba5As3ClO12,1733.4,4.79,511.6,60.0,1040.0
Ba5As3ClO12,1733.4,4.79,511.6,70.0,1213.4
Ba5As3ClO12,1733.4,4.79,511.6,80.0,1386.7
Ba5As3ClO12,1733.4,4.79,511.6,90.0,1560.0
Ba5As3ClO12,1733.4,4.79,511.6,100.0,1783.4
Ba5B3BrO9,1906.9,4.79,511.6,50.0,953.5
Ba5B3BrO9,1906.9,4.79,511.6,60.0,1144.2
Ba5B3BrO9,1906.9,4.79,511.6,70.0,1334.8
Ba5B3BrO9,1906.9,4.79,511.6,80.0,1525.5
Ba5B3BrO9,1906.9,4.79,511.6,90.0,1716.2
Ba5B3BrO9,1906.9,4.79,511.6,100.0,1956.9
Ba5B3ClO9,1924.6,4.65,526.1,50.0,962.3
Ba5B3ClO9,1924.6,4.65,526.1,60.0,1154.8
Ba5B3ClO9,1924.6,4.65,526.1,70.0,1347.2
Ba5B3ClO9,1924.6,4.65,526.1,80.0,1539.7
Ba5B3ClO9,1924.6,4.65,526.1,90.0,1732.1
Ba5B3ClO9,1924.6,4.65,526.1,100.0,1974.6
Ba5B4O11,1917.9,4.72,518.7,50.0,958.9
Ba5B4O11,1917.9,4.72,518.7,60.0,1150.7
Ba5B4O11,1917.9,4.72,518.7,70.0,1342.5
Ba5B4O11,1917.9,4.72,518.7,80.0,1534.3
Ba5B4O11,1917.9,4.72,518.7,90.0,1726.1
Ba5B4O11,1917.9,4.72,518.7,100.0,1967.9
Ba5Bi3,903.0,5.96,412.8,50.0,451.5
Ba5Bi3,903.0,5.96,412.8,60.0,541.8
Ba5Bi3,903.0,5.96,412.8,70.0,632.1
Ba5Bi3,903.0,5.96,412.8,80.0,722.4
Ba5Bi3,903.0,5.96,412.8,90.0,812.7
Ba5Bi3,903.0,5.96,412.8,100.0,953.0
Ba5Cd2(Sb2O)2,1159.1,5.87,418.5,50.0,579.6
Ba5Cd2(Sb2O)2,1159.1,5.87,418.5,60.0,695.5
Ba5Cd2(Sb2O)2,1159.1,5.87,418.5,70.0,811.4
Ba5Cd2(Sb2O)2,1159.1,5.87,418.5,80.0,927.3
Ba5Cd2(Sb2O)2,1159.1,5.87,418.5,90.0,1043.2
Ba5Cd2(Sb2O)2,1159.1,5.87,418.5,100.0,1209.1
Ba5Cd2Sb5F,1091.9,5.6,438.6,50.0,545.9
Ba5Cd2Sb5F,1091.9,5.6,438.6,60.0,655.1
Ba5Cd2Sb5F,1091.9,5.6,438.6,70.0,764.3
Ba5Cd2Sb5F,1091.9,5.6,438.6,80.0,873.5
Ba5Cd2Sb5F,1091.9,5.6,438.6,90.0,982.7
Ba5Cd2Sb5F,1091.9,5.6,438.6,100.0,1141.9
Ba5Cr3ClO12,1697.4,4.38,558.6,50.0,848.7
Ba5Cr3ClO12,1697.4,4.38,558.6,60.0,1018.5
Ba5Cr3ClO12,1697.4,4.38,558.6,70.0,1188.2
Ba5Cr3ClO12,1697.4,4.38,558.6,80.0,1357.9
Ba5Cr3ClO12,1697.4,4.38,558.6,90.0,1527.7
Ba5Cr3ClO12,1697.4,4.38,558.6,100.0,1747.4
Ba5Cr3O12F,1743.3,4.52,540.8,50.0,871.7
Ba5Cr3O12F,1743.3,4.52,540.8,60.0,1046.0
Ba5Cr3O12F,1743.3,4.52,540.8,70.0,1220.3
Ba5Cr3O12F,1743.3,4.52,540.8,80.0,1394.7
Ba5Cr3O12F,1743.3,4.52,540.8,90.0,1569.0
Ba5Cr3O12F,1743.3,4.52,540.8,100.0,1793.3
Ba5Cr3O13,1676.3,4.5,543.9,50.0,838.1
Ba5Cr3O13,1676.3,4.5,543.9,60.0,1005.8
Ba5Cr3O13,1676.3,4.5,543.9,70.0,1173.4
Ba5Cr3O13,1676.3,4.5,543.9,80.0,1341.0
Ba5Cr3O13,1676.3,4.5,543.9,90.0,1508.7
Ba5Cr3O13,1676.3,4.5,543.9,100.0,1726.3
Ba5CrN5,897.9,4.83,507.6,50.0,448.9
Ba5CrN5,897.9,4.83,507.6,60.0,538.7
Ba5CrN5,897.9,4.83,507.6,70.0,628.5
Ba5CrN5,897.9,4.83,507.6,80.0,718.3
Ba5CrN5,897.9,4.83,507.6,90.0,808.1
Ba5CrN5,897.9,4.83,507.6,100.0,947.9
Ba5Cu4ClF17,1889.4,4.84,506.2,50.0,944.7
Ba5Cu4ClF17,1889.4,4.84,506.2,60.0,1133.6
Ba5Cu4ClF17,1889.4,4.84,506.2,70.0,1322.6
Ba5Cu4ClF17,1889.4,4.84,506.2,80.0,1511.5
Ba5Cu4ClF17,1889.4,4.84,506.2,90.0,1700.5
Ba5Cu4ClF17,1889.4,4.84,506.2,100.0,1939.4
Ba5Er2ZrAl2O13,2072.5,5.78,425.0,50.0,1036.2
Ba5Er2ZrAl2O13,2072.5,5.78,425.0,60.0,1243.5
Ba5Er2ZrAl2O13,2072.5,5.78,425.0,70.0,1450.7
Ba5Er2ZrAl2O13,2072.5,5.78,425.0,80.0,1658.0
Ba5Er2ZrAl2O13,2072.5,5.78,425.0,90.0,1865.2
Ba5Er2ZrAl2O13,2072.5,5.78,425.0,100.0,2122.5
Ba5Er8Ni4O21,1917.9,8.04,307.3,50.0,958.9
Ba5Er8Ni4O21,1917.9,8.04,307.3,60.0,1150.7
Ba5Er8Ni4O21,1917.9,8.04,307.3,70.0,1342.5
Ba5Er8Ni4O21,1917.9,8.04,307.3,80.0,1534.3
Ba5Er8Ni4O21,1917.9,8.04,307.3,90.0,1726.1
Ba5Er8Ni4O21,1917.9,8.04,307.3,100.0,1967.9
Ba5Ga5Pb,712.6,5.92,415.2,50.0,356.3
Ba5Ga5Pb,712.6,5.92,415.2,60.0,427.6
Ba5Ga5Pb,712.6,5.92,415.2,70.0,498.9
Ba5Ga5Pb,712.6,5.92,415.2,80.0,570.1
Ba5Ga5Pb,712.6,5.92,415.2,90.0,641.4
Ba5Ga5Pb,712.6,5.92,415.2,100.0,762.6
Ba5Ga5Sn,720.9,5.54,443.3,50.0,360.4
Ba5Ga5Sn,720.9,5.54,443.3,60.0,432.5
Ba5Ga5Sn,720.9,5.54,443.3,70.0,504.6
Ba5Ga5Sn,720.9,5.54,443.3,80.0,576.7
Ba5Ga5Sn,720.9,5.54,443.3,90.0,648.8
Ba5Ga5Sn,720.9,5.54,443.3,100.0,770.9
Ba5Ga6,685.0,4.71,520.0,50.0,342.5
Ba5Ga6,685.0,4.71,520.0,60.0,411.0
Ba5Ga6,685.0,4.71,520.0,70.0,479.5
Ba5Ga6,685.0,4.71,520.0,80.0,548.0
Ba5Ga6,685.0,4.71,520.0,90.0,616.5
Ba5Ga6,685.0,4.71,520.0,100.0,735.0
Ba5Ga6,710.4,4.79,511.5,50.0,355.2
Ba5Ga6,710.4,4.79,511.5,60.0,426.3
Ba5Ga6,710.4,4.79,511.5,70.0,497.3
Ba5Ga6,710.4,4.79,511.5,80.0,568.3
Ba5Ga6,710.4,4.79,511.5,90.0,639.4
Ba5Ga6,710.4,4.79,511.5,100.0,760.4
Ba5GaRu2O11,1615.6,5.96,412.7,50.0,807.8
Ba5GaRu2O11,1615.6,5.96,412.7,60.0,969.4
Ba5GaRu2O11,1615.6,5.96,412.7,70.0,1130.9
Ba5GaRu2O11,1615.6,5.96,412.7,80.0,1292.5
Ba5GaRu2O11,1615.6,5.96,412.7,90.0,1454.0
Ba5GaRu2O11,1615.6,5.96,412.7,100.0,1665.6
Ba5Ho2ZrAl2O13,2067.9,5.73,428.9,50.0,1033.9
Ba5Ho2ZrAl2O13,2067.9,5.73,428.9,60.0,1240.7
Ba5Ho2ZrAl2O13,2067.9,5.73,428.9,70.0,1447.5
Ba5Ho2ZrAl2O13,2067.9,5.73,428.9,80.0,1654.3
Ba5Ho2ZrAl2O13,2067.9,5.73,428.9,90.0,1861.1
Ba5Ho2ZrAl2O13,2067.9,5.73,428.9,100.0,2117.9
Ba5LaSi6,701.2,4.33,563.8,50.0,350.6
Ba5LaSi6,701.2,4.33,563.8,60.0,420.7
Ba5LaSi6,701.2,4.33,563.8,70.0,490.8
Ba5LaSi6,701.2,4.33,563.8,80.0,560.9
Ba5LaSi6,701.2,4.33,563.8,90.0,631.1
Ba5LaSi6,701.2,4.33,563.8,100.0,751.2
Ba5Li2(TeO5)3,1598.6,6.26,393.2,50.0,799.3
Ba5Li2(TeO5)3,1598.6,6.26,393.2,60.0,959.1
Ba5Li2(TeO5)3,1598.6,6.26,393.2,70.0,1119.0
Ba5Li2(TeO5)3,1598.6,6.26,393.2,80.0,1278.9
Ba5Li2(TeO5)3,1598.6,6.26,393.2,90.0,1438.7
Ba5Li2(TeO5)3,1598.6,6.26,393.2,100.0,1648.6
Ba5Li2(WO5)3,1751.0,6.88,358.3,50.0,875.5
Ba5Li2(WO5)3,1751.0,6.88,358.3,60.0,1050.6
Ba5Li2(WO5)3,1751.0,6.88,358.3,70.0,1225.7
Ba5Li2(WO5)3,1751.0,6.88,358.3,80.0,1400.8
Ba5Li2(WO5)3,1751.0,6.88,358.3,90.0,1575.9
Ba5Li2(WO5)3,1751.0,6.88,358.3,100.0,1801.0
Ba5Li2U3O15,2025.2,7.03,350.6,50.0,1012.6
Ba5Li2U3O15,2025.2,7.03,350.6,60.0,1215.1
Ba5Li2U3O15,2025.2,7.03,350.6,70.0,1417.6
Ba5Li2U3O15,2025.2,7.03,350.6,80.0,1620.1
Ba5Li2U3O15,2025.2,7.03,350.6,90.0,1822.7
Ba5Li2U3O15,2025.2,7.03,350.6,100.0,2075.2
Ba5LiMo2N7Cl2,1115.3,4.46,547.8,50.0,557.6
Ba5LiMo2N7Cl2,1115.3,4.46,547.8,60.0,669.2
Ba5LiMo2N7Cl2,1115.3,4.46,547.8,70.0,780.7
Ba5LiMo2N7Cl2,1115.3,4.46,547.8,80.0,892.2
Ba5LiMo2N7Cl2,1115.3,4.46,547.8,90.0,1003.7
Ba5LiMo2N7Cl2,1115.3,4.46,547.8,100.0,1165.3
Ba5Lu2ZrAl2O13,2082.8,5.99,410.5,50.0,1041.4
Ba5Lu2ZrAl2O13,2082.8,5.99,410.5,60.0,1249.7
Ba5Lu2ZrAl2O13,2082.8,5.99,410.5,70.0,1457.9
Ba5Lu2ZrAl2O13,2082.8,5.99,410.5,80.0,1666.2
Ba5Lu2ZrAl2O13,2082.8,5.99,410.5,90.0,1874.5
Ba5Lu2ZrAl2O13,2082.8,5.99,410.5,100.0,2132.8
Ba5Mg18Ge13,676.0,4.09,597.2,50.0,338.0
Ba5Mg18Ge13,676.0,4.09,597.2,60.0,405.6
Ba5Mg18Ge13,676.0,4.09,597.2,70.0,473.2
Ba5Mg18Ge13,676.0,4.09,597.2,80.0,540.8
Ba5Mg18Ge13,676.0,4.09,597.2,90.0,608.4
Ba5Mg18Ge13,676.0,4.09,597.2,100.0,726.0
Ba5Mg18Si13,609.2,3.01,803.9,50.0,304.6
Ba5Mg18Si13,609.2,3.01,803.9,60.0,365.5
Ba5Mg18Si13,609.2,3.01,803.9,70.0,426.4
Ba5Mg18Si13,609.2,3.01,803.9,80.0,487.3
Ba5Mg18Si13,609.2,3.01,803.9,90.0,548.3
Ba5Mg18Si13,609.2,3.01,803.9,100.0,659.2
Ba5Mn3ClO12,1623.2,4.63,528.5,50.0,811.6
Ba5Mn3ClO12,1623.2,4.63,528.5,60.0,973.9
Ba5Mn3ClO12,1623.2,4.63,528.5,70.0,1136.2
Ba5Mn3ClO12,1623.2,4.63,528.5,80.0,1298.6
Ba5Mn3ClO12,1623.2,4.63,528.5,90.0,1460.9
Ba5Mn3ClO12,1623.2,4.63,528.5,100.0,1673.2
Ba5Mn3O12F,1658.9,4.59,533.4,50.0,829.4
Ba5Mn3O12F,1658.9,4.59,533.4,60.0,995.3
Ba5Mn3O12F,1658.9,4.59,533.4,70.0,1161.2
Ba5Mn3O12F,1658.9,4.59,533.4,80.0,1327.1
Ba5Mn3O12F,1658.9,4.59,533.4,90.0,1493.0
Ba5Mn3O12F,1658.9,4.59,533.4,100.0,1708.9
Ba5Mn5O14,1621.4,5.91,415.8,50.0,810.7
Ba5Mn5O14,1621.4,5.91,415.8,60.0,972.9
Ba5Mn5O14,1621.4,5.91,415.8,70.0,1135.0
Ba5Mn5O14,1621.4,5.91,415.8,80.0,1297.2
Ba5Mn5O14,1621.4,5.91,415.8,90.0,1459.3
Ba5Mn5O14,1621.4,5.91,415.8,100.0,1671.4
Ba5Na2Ru3O14,1526.2,5.49,447.3,50.0,763.1
Ba5Na2Ru3O14,1526.2,5.49,447.3,60.0,915.7
Ba5Na2Ru3O14,1526.2,5.49,447.3,70.0,1068.3
Ba5Na2Ru3O14,1526.2,5.49,447.3,80.0,1220.9
Ba5Na2Ru3O14,1526.2,5.49,447.3,90.0,1373.6
Ba5Na2Ru3O14,1526.2,5.49,447.3,100.0,1576.2
Ba5Nb3O3F20,2157.1,4.55,538.1,50.0,1078.5
Ba5Nb3O3F20,2157.1,4.55,538.1,60.0,1294.2
Ba5Nb3O3F20,2157.1,4.55,538.1,70.0,1509.9
Ba5Nb3O3F20,2157.1,4.55,538.1,80.0,1725.6
Ba5Nb3O3F20,2157.1,4.55,538.1,90.0,1941.3
Ba5Nb3O3F20,2157.1,4.55,538.1,100.0,2207.1
Ba5Nb4O15,1972.2,6.1,403.3,50.0,986.1
Ba5Nb4O15,1972.2,6.1,403.3,60.0,1183.3
Ba5Nb4O15,1972.2,6.1,403.3,70.0,1380.5
Ba5Nb4O15,1972.2,6.1,403.3,80.0,1577.8
Ba5Nb4O15,1972.2,6.1,403.3,90.0,1775.0
Ba5Nb4O15,1972.2,6.1,403.3,100.0,2022.2
Ba5Nd8Mn4O21,1926.4,6.45,381.9,50.0,963.2
Ba5Nd8Mn4O21,1926.4,6.45,381.9,60.0,1155.8
Ba5Nd8Mn4O21,1926.4,6.45,381.9,70.0,1348.5
Ba5Nd8Mn4O21,1926.4,6.45,381.9,80.0,1541.1
Ba5Nd8Mn4O21,1926.4,6.45,381.9,90.0,1733.7
Ba5Nd8Mn4O21,1926.4,6.45,381.9,100.0,1976.4
Ba5Os3ClO15,1563.4,5.97,412.2,50.0,781.7
Ba5Os3ClO15,1563.4,5.97,412.2,60.0,938.0
Ba5Os3ClO15,1563.4,5.97,412.2,70.0,1094.4
Ba5Os3ClO15,1563.4,5.97,412.2,80.0,1250.7
Ba5Os3ClO15,1563.4,5.97,412.2,90.0,1407.0
Ba5Os3ClO15,1563.4,5.97,412.2,100.0,1613.4
Ba5Os3NO18,1489.6,5.77,425.7,50.0,744.8
Ba5Os3NO18,1489.6,5.77,425.7,60.0,893.7
Ba5Os3NO18,1489.6,5.77,425.7,70.0,1042.7
Ba5Os3NO18,1489.6,5.77,425.7,80.0,1191.7
Ba5Os3NO18,1489.6,5.77,425.7,90.0,1340.6
Ba5Os3NO18,1489.6,5.77,425.7,100.0,1539.6
Ba5P3BrO12,1971.5,4.69,522.0,50.0,985.8
Ba5P3BrO12,1971.5,4.69,522.0,60.0,1182.9
Ba5P3BrO12,1971.5,4.69,522.0,70.0,1380.1
Ba5P3BrO12,1971.5,4.69,522.0,80.0,1577.2
Ba5P3BrO12,1971.5,4.69,522.0,90.0,1774.4
Ba5P3BrO12,1971.5,4.69,522.0,100.0,2021.5
Ba5P3ClO12,1986.4,4.57,534.9,50.0,993.2
Ba5P3ClO12,1986.4,4.57,534.9,60.0,1191.8
Ba5P3ClO12,1986.4,4.57,534.9,70.0,1390.5
Ba5P3ClO12,1986.4,4.57,534.9,80.0,1589.1
Ba5P3ClO12,1986.4,4.57,534.9,90.0,1787.8
Ba5P3ClO12,1986.4,4.57,534.9,100.0,2036.4
Ba5P3O12F,2023.0,4.55,537.1,50.0,1011.5
Ba5P3O12F,2023.0,4.55,537.1,60.0,1213.8
Ba5P3O12F,2023.0,4.55,537.1,70.0,1416.1
Ba5P3O12F,2023.0,4.55,537.1,80.0,1618.4
Ba5P3O12F,2023.0,4.55,537.1,90.0,1820.7
Ba5P3O12F,2023.0,4.55,537.1,100.0,2073.0
Ba5P4,954.6,4.48,545.3,50.0,477.3
Ba5P4,954.6,4.48,545.3,60.0,572.8
Ba5P4,954.6,4.48,545.3,70.0,668.2
Ba5P4,954.6,4.48,545.3,80.0,763.7
Ba5P4,954.6,4.48,545.3,90.0,859.2
Ba5P4,954.6,4.48,545.3,100.0,1004.6
Ba5P5I3,1102.3,4.27,572.2,50.0,551.2
Ba5P5I3,1102.3,4.27,572.2,60.0,661.4
Ba5P5I3,1102.3,4.27,572.2,70.0,771.6
Ba5P5I3,1102.3,4.27,572.2,80.0,881.8
Ba5P5I3,1102.3,4.27,572.2,90.0,992.1
Ba5P5I3,1102.3,4.27,572.2,100.0,1152.3
Ba5Pt2O9,1539.3,7.45,330.9,50.0,769.7
Ba5Pt2O9,1539.3,7.45,330.9,60.0,923.6
Ba5Pt2O9,1539.3,7.45,330.9,70.0,1077.5
Ba5Pt2O9,1539.3,7.45,330.9,80.0,1231.4
Ba5Pt2O9,1539.3,7.45,330.9,90.0,1385.4
Ba5Pt2O9,1539.3,7.45,330.9,100.0,1589.3
Ba5Re3BrO15,1747.9,6.04,407.3,50.0,874.0
Ba5Re3BrO15,1747.9,6.04,407.3,60.0,1048.7
Ba5Re3BrO15,1747.9,6.04,407.3,70.0,1223.5
Ba5Re3BrO15,1747.9,6.04,407.3,80.0,1398.3
Ba5Re3BrO15,1747.9,6.04,407.3,90.0,1573.1
Ba5Re3BrO15,1747.9,6.04,407.3,100.0,1797.9
Ba5Re3ClO15,1756.0,5.94,414.2,50.0,878.0
Ba5Re3ClO15,1756.0,5.94,414.2,60.0,1053.6
Ba5Re3ClO15,1756.0,5.94,414.2,70.0,1229.2
Ba5Re3ClO15,1756.0,5.94,414.2,80.0,1404.8
Ba5Re3ClO15,1756.0,5.94,414.2,90.0,1580.4
Ba5Re3ClO15,1756.0,5.94,414.2,100.0,1806.0
Ba5Re3IO15,1732.2,6.13,401.0,50.0,866.1
Ba5Re3IO15,1732.2,6.13,401.0,60.0,1039.3
Ba5Re3IO15,1732.2,6.13,401.0,70.0,1212.5
Ba5Re3IO15,1732.2,6.13,401.0,80.0,1385.7
Ba5Re3IO15,1732.2,6.13,401.0,90.0,1558.9
Ba5Re3IO15,1732.2,6.13,401.0,100.0,1782.2
Ba5Re3NO18,1651.6,5.77,425.6,50.0,825.8
Ba5Re3NO18,1651.6,5.77,425.6,60.0,991.0
Ba5Re3NO18,1651.6,5.77,425.6,70.0,1156.1
Ba5Re3NO18,1651.6,5.77,425.6,80.0,1321.3
Ba5Re3NO18,1651.6,5.77,425.6,90.0,1486.5
Ba5Re3NO18,1651.6,5.77,425.6,100.0,1701.6
Ba5Re3O16,1708.5,5.89,417.4,50.0,854.2
Ba5Re3O16,1708.5,5.89,417.4,60.0,1025.1
Ba5Re3O16,1708.5,5.89,417.4,70.0,1195.9
Ba5Re3O16,1708.5,5.89,417.4,80.0,1366.8
Ba5Re3O16,1708.5,5.89,417.4,90.0,1537.6
Ba5Re3O16,1708.5,5.89,417.4,100.0,1758.5
Ba5Ru2Br2O9,1606.0,5.0,489.7,50.0,803.0
Ba5Ru2Br2O9,1606.0,5.0,489.7,60.0,963.6
Ba5Ru2Br2O9,1606.0,5.0,489.7,70.0,1124.2
Ba5Ru2Br2O9,1606.0,5.0,489.7,80.0,1284.8
Ba5Ru2Br2O9,1606.0,5.0,489.7,90.0,1445.4
Ba5Ru2Br2O9,1606.0,5.0,489.7,100.0,1656.0
Ba5Ru2Cl2O9,1629.2,4.93,496.7,50.0,814.6
Ba5Ru2Cl2O9,1629.2,4.93,496.7,60.0,977.5
Ba5Ru2Cl2O9,1629.2,4.93,496.7,70.0,1140.5
Ba5Ru2Cl2O9,1629.2,4.93,496.7,80.0,1303.4
Ba5Ru2Cl2O9,1629.2,4.93,496.7,90.0,1466.3
Ba5Ru2Cl2O9,1629.2,4.93,496.7,100.0,1679.2
Ba5Sb3,981.0,4.97,492.7,50.0,490.5
Ba5Sb3,981.0,4.97,492.7,60.0,588.6
Ba5Sb3,981.0,4.97,492.7,70.0,686.7
Ba5Sb3,981.0,4.97,492.7,80.0,784.8
Ba5Sb3,981.0,4.97,492.7,90.0,882.9
Ba5Sb3,981.0,4.97,492.7,100.0,1031.0
Ba5Sb4,1012.0,5.15,476.3,50.0,506.0
Ba5Sb4,1012.0,5.15,476.3,60.0,607.2
Ba5Sb4,1012.0,5.15,476.3,70.0,708.4
Ba5Sb4,1012.0,5.15,476.3,80.0,809.6
Ba5Sb4,1012.0,5.15,476.3,90.0,910.8
Ba5Sb4,1012.0,5.15,476.3,100.0,1062.0
Ba5Si(Br3O2)2,1824.8,4.58,533.9,50.0,912.4
Ba5Si(Br3O2)2,1824.8,4.58,533.9,60.0,1094.9
Ba5Si(Br3O2)2,1824.8,4.58,533.9,70.0,1277.4
Ba5Si(Br3O2)2,1824.8,4.58,533.9,80.0,1459.9
Ba5Si(Br3O2)2,1824.8,4.58,533.9,90.0,1642.3
Ba5Si(Br3O2)2,1824.8,4.58,533.9,100.0,1874.8
Ba5Si(Cl3O2)2,1916.2,4.07,600.1,50.0,958.1
Ba5Si(Cl3O2)2,1916.2,4.07,600.1,60.0,1149.7
Ba5Si(Cl3O2)2,1916.2,4.07,600.1,70.0,1341.3
Ba5Si(Cl3O2)2,1916.2,4.07,600.1,80.0,1532.9
Ba5Si(Cl3O2)2,1916.2,4.07,600.1,90.0,1724.5
Ba5Si(Cl3O2)2,1916.2,4.07,600.1,100.0,1966.2
Ba5Sm8Mn4O21,1946.0,6.78,363.5,50.0,973.0
Ba5Sm8Mn4O21,1946.0,6.78,363.5,60.0,1167.6
Ba5Sm8Mn4O21,1946.0,6.78,363.5,70.0,1362.2
Ba5Sm8Mn4O21,1946.0,6.78,363.5,80.0,1556.8
Ba5Sm8Mn4O21,1946.0,6.78,363.5,90.0,1751.4
Ba5Sm8Mn4O21,1946.0,6.78,363.5,100.0,1996.0
Ba5SrLa2Fe4O15,1727.5,5.67,433.1,50.0,863.7
Ba5SrLa2Fe4O15,1727.5,5.67,433.1,60.0,1036.5
Ba5SrLa2Fe4O15,1727.5,5.67,433.1,70.0,1209.2
Ba5SrLa2Fe4O15,1727.5,5.67,433.1,80.0,1382.0
Ba5SrLa2Fe4O15,1727.5,5.67,433.1,90.0,1554.7
Ba5SrLa2Fe4O15,1727.5,5.67,433.1,100.0,1777.5
Ba5SrNd2Fe4O15,1718.5,5.99,410.4,50.0,859.3
Ba5SrNd2Fe4O15,1718.5,5.99,410.4,60.0,1031.1
Ba5SrNd2Fe4O15,1718.5,5.99,410.4,70.0,1203.0
Ba5SrNd2Fe4O15,1718.5,5.99,410.4,80.0,1374.8
Ba5SrNd2Fe4O15,1718.5,5.99,410.4,90.0,1546.7
Ba5SrNd2Fe4O15,1718.5,5.99,410.4,100.0,1768.5
Ba5Ta2Cl2O9,1989.8,5.28,464.5,50.0,994.9
Ba5Ta2Cl2O9,1989.8,5.28,464.5,60.0,1193.9
Ba5Ta2Cl2O9,1989.8,5.28,464.5,70.0,1392.8
Ba5Ta2Cl2O9,1989.8,5.28,464.5,80.0,1591.8
Ba5Ta2Cl2O9,1989.8,5.28,464.5,90.0,1790.8
Ba5Ta2Cl2O9,1989.8,5.28,464.5,100.0,2039.8
Ba5Ta4O15,2047.6,7.86,314.0,50.0,1023.8
Ba5Ta4O15,2047.6,7.86,314.0,60.0,1228.6
Ba5Ta4O15,2047.6,7.86,314.0,70.0,1433.4
Ba5Ta4O15,2047.6,7.86,314.0,80.0,1638.1
Ba5Ta4O15,2047.6,7.86,314.0,90.0,1842.9
Ba5Ta4O15,2047.6,7.86,314.0,100.0,2097.6
Ba5Tm2ZrAl2O13,2077.3,5.84,420.8,50.0,1038.6
Ba5Tm2ZrAl2O13,2077.3,5.84,420.8,60.0,1246.4
Ba5Tm2ZrAl2O13,2077.3,5.84,420.8,70.0,1454.1
Ba5Tm2ZrAl2O13,2077.3,5.84,420.8,80.0,1661.8
Ba5Tm2ZrAl2O13,2077.3,5.84,420.8,90.0,1869.5
Ba5Tm2ZrAl2O13,2077.3,5.84,420.8,100.0,2127.3
Ba5V3ClO12,1870.5,4.5,543.9,50.0,935.2
Ba5V3ClO12,1870.5,4.5,543.9,60.0,1122.3
Ba5V3ClO12,1870.5,4.5,543.9,70.0,1309.3
Ba5V3ClO12,1870.5,4.5,543.9,80.0,1496.4
Ba5V3ClO12,1870.5,4.5,543.9,90.0,1683.4
Ba5V3ClO12,1870.5,4.5,543.9,100.0,1920.5
Ba5V3HO13,1820.8,4.58,534.6,50.0,910.4
Ba5V3HO13,1820.8,4.58,534.6,60.0,1092.5
Ba5V3HO13,1820.8,4.58,534.6,70.0,1274.6
Ba5V3HO13,1820.8,4.58,534.6,80.0,1456.6
Ba5V3HO13,1820.8,4.58,534.6,90.0,1638.7
Ba5V3HO13,1820.8,4.58,534.6,100.0,1870.8
Ba5V5O14,1786.8,5.31,462.0,50.0,893.4
Ba5V5O14,1786.8,5.31,462.0,60.0,1072.1
Ba5V5O14,1786.8,5.31,462.0,70.0,1250.8
Ba5V5O14,1786.8,5.31,462.0,80.0,1429.5
Ba5V5O14,1786.8,5.31,462.0,90.0,1608.1
Ba5V5O14,1786.8,5.31,462.0,100.0,1836.8
Ba5Yb8Zn4O21,1947.3,8.52,289.9,50.0,973.7
Ba5Yb8Zn4O21,1947.3,8.52,289.9,60.0,1168.4
Ba5Yb8Zn4O21,1947.3,8.52,289.9,70.0,1363.1
Ba5Yb8Zn4O21,1947.3,8.52,289.9,80.0,1557.9
Ba5Yb8Zn4O21,1947.3,8.52,289.9,90.0,1752.6
Ba5Yb8Zn4O21,1947.3,8.52,289.9,100.0,1997.3
Ba6Bi2(TeO6)3,1570.7,6.64,370.8,50.0,785.3
Ba6Bi2(TeO6)3,1570.7,6.64,370.8,60.0,942.4
Ba6Bi2(TeO6)3,1570.7,6.64,370.8,70.0,1099.5
Ba6Bi2(TeO6)3,1570.7,6.64,370.8,80.0,1256.5
Ba6Bi2(TeO6)3,1570.7,6.64,370.8,90.0,1413.6
Ba6Bi2(TeO6)3,1570.7,6.64,370.8,100.0,1620.7
Ba6Ca2Ir3RuO18,1583.2,6.85,359.9,50.0,791.6
Ba6Ca2Ir3RuO18,1583.2,6.85,359.9,60.0,949.9
Ba6Ca2Ir3RuO18,1583.2,6.85,359.9,70.0,1108.2
Ba6Ca2Ir3RuO18,1583.2,6.85,359.9,80.0,1266.6
Ba6Ca2Ir3RuO18,1583.2,6.85,359.9,90.0,1424.9
Ba6Ca2Ir3RuO18,1583.2,6.85,359.9,100.0,1633.2
Ba6Ca2Ta(RuO6)3,1725.8,5.98,411.5,50.0,862.9
Ba6Ca2Ta(RuO6)3,1725.8,5.98,411.5,60.0,1035.5
Ba6Ca2Ta(RuO6)3,1725.8,5.98,411.5,70.0,1208.1
Ba6Ca2Ta(RuO6)3,1725.8,5.98,411.5,80.0,1380.7
Ba6Ca2Ta(RuO6)3,1725.8,5.98,411.5,90.0,1553.3
Ba6Ca2Ta(RuO6)3,1725.8,5.98,411.5,100.0,1775.8
